gene,replication,blood_abundance,cardiac_spec
A2M,0,0.9162907318741551,6.920293300211007
A2ML1,0,0.26236426446749106,0.10691520391651188
AACS,0,2.388762789235098,-0.42833432189230164
AAK1,0,1.1631508098056809,2.693486957499325
AAR2,0,4.120661870539474,-1.6818240399737452
AASDHPPT,0,4.168214410788556,-1.2216481886447366
ABCA6,0,0.09531017980432487,4.024384158626959
ABCA8,0,0.0,5.381975478557301
ABCB1,0,3.339321977944068,-3.3321964303411895
ABCB10,0,0.7419373447293773,2.0339473319233377
ABCB5,0,0.4700036292457355,-0.2995602818589078
ABCB6,0,1.1939224684724346,1.4791678366985592
ABCB7,0,3.40452517175483,-0.4327197768393974
ABCC1,0,0.18232155679395465,3.297680548640685
ABCC3,0,2.0014800002101243,-1.9615258521853645
ABCC4,0,1.1939224684724346,-0.13750352374993477
ABCE1,1,3.2771447329921766,-0.08406426478847447
ABCF1,0,2.4159137783010487,1.6355885737911242
ABCF2,0,3.0252910757955354,0.4427824897617479
ABCF3,0,3.696351468952637,-0.37386525839736473
ABCG2,0,1.1631508098056809,0.2479275134435852
ABHD11,0,3.481240089335692,-0.543396007995512
ABHD12,0,2.9856819377004897,0.6090481192454691
ABHD13,0,2.8390784635086144,-1.7454271729144026
ABHD14B,0,4.165113633110308,-1.0547924728403795
ABHD17C,0,0.5306282510621704,1.584962500721156
ABHD18,0,2.681021528714291,-0.06054154193505069
ABHD2,0,4.2626798770413155,-0.987859437127788
ABHD4,0,3.698829784967104,-0.9577717646107026
ABI2,0,2.617395832834079,1.250696071270551
ABL1,0,0.9932517730102833,3.7329525316595826
ABL2,1,0.9162907318741551,0.8479969065549501
ABLIM1,0,4.943782987108415,0.8642435160828245
ABRACL,0,6.250361268128009,-5.220352227456587
ABTB1,0,6.716594773520978,-4.360874375127879
ACADSB,1,2.91235066461494,1.0500852314363094
ACADVL,0,4.808927023502111,2.1891473659384806
ACBD5,0,2.797281334830153,1.2826929316042621
ACBD7,0,0.5306282510621704,-0.5025003405291831
ACER2,0,0.4054651081081644,1.341036917835067
ACER3,0,1.7047480922384253,-0.3550949588225618
ACLY,0,3.713572066704308,-0.5920172582551065
ACOT9,0,4.051784947803305,-0.2455772087572475
ACP2,0,4.2612704335380815,-1.6882821037148568
ACP6,0,2.760009940032921,-0.7959861079784067
ACSF3,0,3.4307561839036995,-1.557217510238252
ACSL1,0,6.124902185337699,-1.4431900943678677
ACSL3,0,3.086486636822455,-0.5173992169085214
ACSL4,0,3.5751506887855933,-0.31487333735341205
ACSM2A,0,0.0,0.0
ACSM2B,0,0.09531017980432487,0.5405683813627028
ACSS1,0,2.4159137783010487,2.996776099125714
ACTA1,0,3.5409593240373143,7.543984445630011
ACTB,0,10.530991602101606,-5.564381557835157
ACTC1,0,0.0,13.426304071800093
ACTL6A,0,3.6938669956249757,-1.081196082847981
ACTN1,0,5.849324779946859,-1.552485589125835
ACTN4,0,3.32862668882732,1.6457165318002525
ACTR1B,0,3.4242626545931514,1.134509935811679
ACTR2,0,5.6722918075648305,-2.1924324008518816
ACTR5,0,2.5726122302071057,-1.2520632880127907
ACVR1B,0,1.589235205116581,1.14017765804826
ACVR1C,1,0.4700036292457355,-0.19264507794239608
ACVR2A,1,1.7578579175523736,-0.3661278987978974
ACVR2B,0,0.09531017980432487,1.0641303374197153
ADAM10,0,3.9721769282478934,-2.0752881273042374
ADAM12,0,1.7047480922384253,-1.7813597135246595
ADAM17,0,2.5257286443082556,-0.7369655941662062
ADAM28,0,4.481871969643598,-5.5399750459478465
ADAM9,0,1.6094379124341003,2.678071905112638
ADAMTS9,0,0.0,4.008988783227255
ADAMTSL4,0,0.832909122935104,3.2902192351600243
ADAR,0,3.4111477125153233,0.24867911285672373
ADAT2,0,0.832909122935104,0.9027027986450852
ADCY2,0,0.0,0.48542682717024166
ADCY3,0,2.3608540011180215,1.7838321992041806
ADCY6,0,0.18232155679395465,5.54946381949977
ADCY9,0,0.5877866649021191,3.096861539252589
ADD2,0,1.1939224684724346,-0.8744691179161409
ADD3,0,4.948050418904635,-1.2607835514732724
ADGRG6,0,0.5877866649021191,1.4150374992788437
ADGRL1,0,0.26236426446749106,3.439111634257701
ADH1B,0,0.0,7.708739041359579
ADIPOR2,0,1.0296194171811583,3.572023445013658
ADM,0,5.4988062272974405,-0.711996749563492
ADM2,0,0.18232155679395465,-0.12553088208385882
ADO,0,0.832909122935104,2.6956065644051486
ADPGK,0,4.395682961121367,-3.7328207666543864
ADPRHL1,0,0.4700036292457355,7.4691330198295915
ADRM1,0,5.589493328254074,-1.3292246855282603
AEBP2,0,1.9459101490553132,1.3625700793847084
AEN,0,3.0301337002713233,-1.3536369546147005
AFAP1,0,1.252762968495368,1.7036069972197752
AFAP1L1,0,0.09531017980432487,4.568474377932588
AFF4,0,2.6602595372658615,0.2410080995037947
AFTPH,0,3.292126286607793,-1.7495342676692618
AGAP9,0,0.09531017980432487,3.628031222613042
AGL,1,1.252762968495368,2.716207033999409
AGMAT,0,2.2407096892759584,-3.0951572330403403
AGO1,0,1.3862943611198906,0.7865963618908067
AGO2,0,1.1631508098056809,1.3219280948873624
AGO3,0,2.6602595372658615,-1.7675539139996292
AGPAT4,0,1.4816045409242156,-0.289506617194985
AGPAT5,0,1.8082887711792655,-0.5044725828607883
AGPS,0,1.916922612182061,0.6938968722743202
AGRN,0,0.0,3.4059923596758366
AGTPBP1,0,3.6506582412937387,-1.600029948810098
AGTRAP,1,6.741582623927553,-4.524413958113836
AGXT2,0,0.0,0.0
AHCYL1,0,1.8562979903656263,2.5660540381710915
AHCYL2,0,1.0296194171811583,0.9475325801058646
AHNAK2,0,0.18232155679395465,2.142957953842043
AHRR,0,0.09531017980432487,0.44745897697122117
AIFM1,0,3.4873750779032076,1.6857721637942196
AIFM2,0,1.6094379124341003,1.8073549220576042
AIG1,0,3.6054978451748854,0.5371339756305412
AIM2,0,4.991112627607392,-6.715226609197226
AIMP1,0,4.446174454497633,-0.9162229689031022
AK1,0,0.6418538861723948,7.43682110697804
AK3,0,3.505557396986398,1.5587309591479765
AKAP11,0,0.9932517730102833,2.1758498353994176
AKAP12,0,3.6454498961866,0.4159788990126644
AKAP17A,0,1.7047480922384253,2.661583782324069
AKAP4,0,0.0,0.0
AKAP5,0,1.3609765531356006,-1.7004397181410922
AKAP7,0,2.954910279033736,-1.3561438102252754
AKAP9,0,1.4350845252893227,0.7975071361012568
AKIRIN1,0,4.6491870714048655,-1.4518583989324962
AKR1B10,0,0.09531017980432487,0.12553088208385882
AKR1D1,0,0.5306282510621704,-0.765534746362977
AKR7A2,0,4.741447804280639,-1.5624784865697772
AKR7L,0,0.26236426446749106,-0.24100809950379493
AKT1,0,3.2308043957334744,1.946264833942663
AKT3,0,0.8754687373538999,2.3692338096657193
ALCAM,0,3.4210000089583352,-1.5708873155094334
ALDH2,0,5.369241704884735,-0.9886216920319577
ALDH3A1,0,0.33647223662121295,-0.10691520391651173
ALDH5A1,0,1.5686159179138452,1.6342060197410055
ALDH9A1,0,4.387014176184921,-0.5689026498250571
ALDOA,0,8.382838602916086,-1.1415752390970375
ALG1,0,4.558078578454241,-3.405992359675837
ALG10,0,0.9932517730102833,-0.43295940727610627
ALG10B,1,0.832909122935104,0.4306343543298626
ALG13,0,3.7013019741124933,-1.6283550962345368
ALG14,1,1.0647107369924282,-0.6100534816839867
ALG2,0,4.394449154672439,-2.5428370250484797
ALG3,0,4.283586561860629,-1.857980995127572
ALG9,0,1.9459101490553132,0.6121839694561804
ALMS1,0,0.33647223662121295,0.8365012677171206
ALOX5,0,6.139884552226255,-5.951090399519053
ALOX5AP,0,9.183986129643424,-9.549251526688499
ALPI,0,0.0,0.0
AMD1,0,4.6434288981051814,-1.3771237491294872
AMDHD1,0,1.1939224684724346,-0.34395440121736115
AMER1,0,0.09531017980432487,1.0641303374197153
AMFR,0,3.634951112088381,-0.2441259432837293
AMMECR1,0,1.4350845252893227,-1.0
AMMECR1L,0,1.6486586255873816,0.9577717646107023
AMZ1,0,0.832909122935104,-1.0641303374197153
ANAPC10,0,3.2846635654062037,-0.8907709302452416
ANAPC15,0,5.1664987919271885,-1.5182224380668865
ANAPC16,0,4.203198967134183,-0.6309748984779924
ANG,0,3.242592351485517,-0.5653717723632754
ANGPT2,0,0.9555114450274363,1.62148837674627
ANGPTL3,0,0.0,0.0
ANGPTL4,0,1.4586150226995167,3.3843068800390492
ANK1,0,2.3513752571634776,3.1896363280700575
ANK2,0,0.0,6.2686589550276715
ANKFY1,0,2.128231705849268,0.5145731728297582
ANKIB1,0,1.0986122886681098,1.8612937291684077
ANKRA2,0,3.044522437723423,-1.238512086699725
ANKRD1,0,0.26236426446749106,12.245666969174687
ANKRD10,0,3.824284091120139,0.6685908521017523
ANKRD13A,0,1.9021075263969205,0.7540897719574152
ANKRD13C,0,2.7536607123542622,-1.3404244385047517
ANKRD17,0,1.8870696490323797,1.1844245711374275
ANKRD28,0,2.89591193827178,-1.455451767724752
ANKRD29,0,0.33647223662121295,2.4214637684382767
ANKRD33B,0,0.26236426446749106,2.0
ANKRD36,0,1.9878743481543455,-1.867896463992655
ANKRD46,0,2.917770732084279,0.13395445666886424
ANKRD6,0,0.6418538861723948,2.1614634226941165
ANKRD9,0,0.33647223662121295,6.289360232430932
ANLN,0,0.26236426446749106,0.38702312310924725
ANO6,0,2.0918640616783932,1.7790910698388827
ANP32A,0,3.8308129500026027,1.4321478297012646
ANP32B,0,5.099256485749784,-0.861616515844078
ANP32E,1,4.05871738457895,-0.7303363117795844
ANPEP,0,5.432848259505643,-4.893084796083488
ANXA11,0,6.100318952020064,-0.9616961118233607
ANXA2,0,8.400052449445095,-3.5450668245283077
ANXA7,0,5.245970886175828,-0.7817398202429403
AP1B1,0,3.493472657771326,-0.6895184317637459
AP1G1,0,2.6946271807700692,-0.06990201323015634
AP1M1,0,5.503704196272987,-2.6290996482272213
AP1S1,0,1.8082887711792655,1.023458972823989
AP1S2,0,5.790265934544339,-2.1756701569995727
AP1S3,0,1.8870696490323797,-2.237039197300849
AP2S1,0,6.577861357721047,-2.775602442773175
AP3B1,0,3.0633909220278057,-0.1415541442140193
AP3D1,0,2.1162555148025524,2.279596597181042
AP3M2,0,2.803360380906535,-0.17649765536579867
AP3S2,0,3.0492730404820207,0.5362886539854665
APC,0,2.5572273113676265,-0.7074465072461512
APEH,0,4.08260930600368,-0.5608366033670749
APH1A,0,2.5726122302071057,2.413660224672202
APH1B,0,4.693181063310805,-4.070389327891398
API5,1,4.770684624465665,-2.06501979185041
APLN,0,0.0,3.722466024471091
APLP2,0,5.522260598032811,0.07198101001384488
APMAP,0,6.5276654772052005,-4.200199896325363
APOBEC3A,0,6.916913216766902,-8.715961990255144
APOC3,0,0.0,1.3785116232537298
APOL6,0,2.2617630984737906,-0.9125371587496606
APOLD1,0,1.1631508098056809,4.105908508571158
APPL1,0,3.380994674344636,-0.2454760344494891
APPL2,0,3.100092288878234,-0.4107115738760538
AQP11,0,0.5306282510621704,0.0
AQP6,0,0.09531017980432487,0.12553088208385882
AQR,0,1.5260563034950494,-0.35363695461470046
AR,0,0.0,2.722466024471091
ARCN1,0,4.607168188650764,-0.6199386389641309
AREL1,0,2.1162555148025524,0.43231549071067926
ARF1,0,7.2399325913204695,-1.9483607632749274
ARF3,0,4.028916756899646,-0.33029529903760824
ARF4,0,5.524655808758766,-1.142574513297357
ARF6,0,3.7495040759303713,-1.1767301793474267
ARFGAP1,0,2.3608540011180215,0.4717518902731652
ARFGEF1,0,1.9740810260220096,0.516575525740906
ARG1,0,3.828641396489095,-4.675565049502063
ARGLU1,0,3.8437441646748516,-0.5911543344354245
ARHGAP11A,0,0.6418538861723948,-0.1604646721932461
ARHGAP12,0,1.6486586255873816,1.253756592245783
ARHGAP19,0,3.1179499062782403,-2.462626957797104
ARHGAP29,0,0.7419373447293773,3.222392421336448
ARHGAP44,0,0.0,2.321928094887362
ARHGAP6,0,0.4054651081081644,1.7078192485066899
ARHGDIA,0,4.640537329825382,0.7678265578709668
ARHGEF10,0,0.09531017980432487,4.087462841250339
ARHGEF12,0,0.33647223662121295,4.832890014164741
ARHGEF18,0,3.1780538303479458,-1.6031098474314156
ARHGEF26,0,0.0,2.035623909730721
ARHGEF3,0,4.577798989191959,-2.871013559279922
ARHGEF40,0,1.9740810260220096,0.8413022539809418
ARHGEF5,1,1.0296194171811583,0.618909832644494
ARHGEF6,0,4.280824129164719,-1.144705011453035
ARHGEF9,0,2.2512917986064953,1.90587782263545
ARID1A,0,1.4586150226995167,2.0494686762642997
ARID2,0,2.3978952727983707,-0.6938968722743203
ARID3A,0,1.9878743481543455,-1.3318435637524453
ARID3B,0,2.6461747973841225,-2.0951572330403403
ARIH2,0,3.9889840465642745,-0.024247546246677184
ARL1,0,3.9415818076696905,0.3180008650517225
ARL14EP,0,4.036008985209137,-1.2929092014158248
ARL17B,0,2.7343675094195836,-1.712197689017264
ARL2,0,5.105339229565553,-0.0008751562542487039
ARL2BP,0,4.1713056033582285,-0.2764549215961154
ARL4C,0,4.476199804691132,-3.8728287595348854
ARL5A,0,4.4953553199808844,-1.3356797076655598
ARL6IP5,0,6.838833833515715,-2.154168605867551
ARMC10,1,1.5686159179138452,1.832890014164742
ARPC5,0,7.557733964140704,-5.753758190919198
ARPP19,0,4.4942386252808095,-0.17093282197990106
ARRB1,0,4.930870325627393,-2.9438171646068763
ARRDC2,0,2.772588722239781,1.1043366598147355
ARRDC3,0,4.758749273916392,-2.2273501411324155
ARSA,0,4.120661870539474,-0.9048427669596599
ARSB,0,3.2771447329921766,-1.5579954531208868
ART3,0,0.26236426446749106,5.670247688666126
AS3MT,0,0.09531017980432487,4.4047545260169825
ASAP2,0,1.308332819650179,1.4770471615542686
ASB11,0,0.0,5.053111336459563
ASB16,0,1.916922612182061,-0.33257533908687076
ASB3,0,2.8622008809294686,-0.7787857698608333
ASB6,0,2.509599262378372,-0.023651268064645493
ASGR2,0,4.71492104994721,-6.217230716220669
ASH1L,0,0.6931471805599453,2.711494906650088
ASH2L,0,4.060443010546419,-1.4250215878514658
ASPH,0,3.5779478934066544,1.5413237850142518
ASPM,0,0.09531017980432487,-0.13750352374993496
ASRGL1,0,5.635503633902907,-5.322958223485852
ASXL2,0,1.9740810260220096,0.1338557467347907
ATAD1,1,2.424802725718295,1.6676610714078635
ATAD2,0,1.840549633397487,0.06711419585853703
ATAD3C,0,0.7884573603642702,-0.21150410519371193
ATAD5,0,0.4700036292457355,-0.19264507794239608
ATF1,0,3.7819143200811256,-1.5396723902102794
ATF2,0,3.58351893845611,-1.503168409557509
ATF7,0,3.005682604407159,0.04914764932908806
ATG10,0,2.2512917986064953,-0.8149681061674793
ATG12,0,3.086486636822455,-1.0743473414600813
ATG2A,0,2.8903717578961645,0.06273575534796275
ATG4A,0,3.370738174177447,-1.2306790325214088
ATG7,0,4.627909672957581,-3.217230716220669
ATG9A,0,3.1654750481410856,0.8151603245464047
ATL2,0,2.4423470353692043,0.5723624639415227
ATL3,0,2.6741486494265287,-0.26104585274034
ATM,0,3.005682604407159,-1.3914249420568934
ATOH8,0,0.09531017980432487,4.797956224055355
ATP10D,0,4.448516375942715,-4.095924419998536
ATP11A,0,1.410986973710262,2.41723505498309
ATP13A1,0,2.2617630984737906,0.11547721741993618
ATP13A3,0,0.26236426446749106,4.575684687133146
ATP1A2,0,0.18232155679395465,6.875493395588481
ATP1B1,0,2.7536607123542622,3.409282824553037
ATP2A2,0,0.832909122935104,8.722584818578852
ATP2B4,0,2.272125885509337,2.5997595026492366
ATP6V0A1,0,3.0492730404820207,-0.32878176592842484
ATP6V0E1,0,7.786136437783072,-3.2403652770876645
ATP6V1A,0,4.375757021660286,-3.03489820798459
ATP6V1B2,0,7.034564125845833,-4.908416449839479
ATP6V1C1,0,3.9396381724611196,-0.7768058586979971
ATP6V1E1,0,5.226284163648205,0.2282500796051374
ATP6V1F,0,6.78897174299217,-2.3154440613171636
ATP6V1G1,0,6.632396956219188,-3.0607315577457817
ATP7A,0,2.341805806147327,-1.5305147166987798
ATP8A2,0,0.0,0.13750352374993502
ATP8B3,0,1.3862943611198906,-1.7369655941662063
ATRNL1,0,0.18232155679395465,1.222392421336448
ATXN1,0,0.832909122935104,1.5208321633014406
ATXN1L,0,0.5306282510621704,2.584962500721156
ATXN2L,0,1.9021075263969205,3.3369228331172245
ATXN3,0,2.970414465569701,-1.7999753916920067
ATXN7,0,2.827313621929028,-1.356485316923731
ATXN7L3,0,1.252762968495368,2.8422605370058056
ATXN7L3B,0,2.9069010598473755,0.0
AURKB,0,2.186051276738094,-2.3882705897160585
AVL9,0,2.6602595372658615,-1.2529807411698708
AVPR1A,0,0.09531017980432487,1.3985493764902748
AXL,0,3.288401887516811,0.0
AZI2,0,4.330733340286331,-2.3219280948873626
AZIN1,0,4.308110951723713,-0.5685516073433876
B3GALNT1,1,3.139832617527748,1.1816739601213928
B3GNT2,1,4.048300623720694,-1.5699342914888244
B3GNT5,0,1.8870696490323797,-0.5849625007211561
B4GALT1,0,5.378975269565491,-1.9920366216895828
B4GALT3,0,3.7887247890836524,-0.8163590054406596
B4GALT5,0,2.028148247292285,1.4525122046975067
B4GALT6,0,0.8754687373538999,1.1429579538420431
B4GALT7,0,3.0301337002713233,0.18915609186251625
BACE2,0,1.824549292051046,0.1750867065580911
BACH1,0,5.024538199265247,-3.47277235476397
BACH2,0,1.7578579175523736,-1.4656635723488118
BAG1,0,4.001863709427935,1.7111525991934045
BAG4,0,3.109060958860994,-1.9744649078928622
BAG5,0,3.391147045808654,-1.1057946640225966
BAHD1,0,0.8754687373538999,2.6342060197410055
BAK1,0,4.457829598089382,-1.9394355579619178
BAMBI,0,0.0,5.429615964201735
BARD1,0,2.9014215940827497,-2.92283213947754
BARX2,0,0.0,0.2630344058337938
BATF2,0,2.128231705849268,-1.106915203916512
BAX,0,3.091042453358316,0.051530300640082086
BAZ1A,0,3.417726683613366,-2.230297619421794
BBC3,0,1.7227665977411035,-0.22239242133644782
BBOF1,0,1.2237754316221157,0.6404576133128598
BBS10,0,2.1041341542702074,0.41063232015884277
BBS5,0,0.26236426446749106,2.230297619421794
BBS7,1,1.0986122886681098,0.874469117916141
BCAP29,0,3.9219733362813143,0.2534800991205449
BCAS2,0,4.382026634673881,-1.040229844788533
BCAS3,0,3.58351893845611,-1.8771432522144664
BCAS4,0,4.704110133842995,-4.716207033999408
BCAT1,0,2.9069010598473755,-2.760812336120574
BCCIP,0,4.5612182984589085,-1.0166787411466305
BCKDHB,0,3.0633909220278057,-0.164038158365398
BCKDK,0,4.754451888703846,-0.5905652069505322
BCL10,0,4.204692619390966,-3.4572799477822485
BCL11B,0,1.7227665977411035,-2.347923303420307
BCL2,0,2.2617630984737906,-0.65422516315827
BCL2L1,0,3.713572066704308,0.8979487285303027
BCL2L11,1,1.9600947840472698,0.6184372052722444
BCL2L12,0,3.292126286607793,-1.4715495203694964
BCL2L13,0,2.3513752571634776,0.936806173512806
BCL2L15,0,0.33647223662121295,-0.22239242133644782
BCL2L2,0,0.33647223662121295,4.7279204545632
BCL3,0,3.0349529867072724,0.7954153087460789
BCL6B,0,0.09531017980432487,4.423211430724544
BCL7B,0,3.104586678466073,1.1268780621620373
BCL9,0,0.4054651081081644,2.5688428353578794
BCLAF1,0,4.079230924412053,-1.7891618052916345
BCLAF3,0,0.8754687373538999,0.7369655941662062
BCOR,0,2.2823823856765264,0.5651992458997263
BCORL1,0,0.5306282510621704,1.1219905243786106
BDH2,0,2.4336133554004498,2.0126000367796335
BDNF,0,0.0,2.169925001442312
BECN1,0,5.263208189434469,-1.7402067664499714
BGLAP,0,1.0296194171811583,-0.7198920808072645
BICD1,0,1.2237754316221157,0.8432744963125467
BICD2,0,2.1400661634962708,1.2416607550412269
BICRAL,0,1.5686159179138452,0.7004397181410922
BID,0,6.8992189479598505,-6.602971715144714
BIRC3,0,5.351858133476067,-4.6507098608157875
BIRC5,0,2.714694743820879,-3.3315141437165603
BIVM,0,2.1633230256605382,1.1936811246949206
BLCAP,0,4.74493212836325,-0.6301997452931415
BLM,0,1.7227665977411035,-2.1069152039165115
BLMH,0,3.2733640101522705,-0.7134772412438362
BLOC1S4,1,2.70805020110221,-0.7858751946471527
BLOC1S6,0,3.0155349008501706,0.30485458152842093
BMF,0,1.6094379124341003,0.28688114778816154
BMI1,0,2.785011242238338,0.3536369546147004
BMP1,0,0.4700036292457355,2.0660891904577725
BMP2K,0,0.6418538861723948,2.1950159824051427
BMP7,0,0.4054651081081644,3.252980741169871
BMPR1A,0,0.26236426446749106,2.7258250365610057
BMPR1B,0,0.26236426446749106,0.38702312310924725
BMPR2,0,0.5877866649021191,3.289506617194985
BMS1,0,2.3702437414678603,-0.1415541442140193
BMT2,0,2.272125885509337,0.4444812771713258
BNC2,0,1.252762968495368,0.11864449649861893
BNIP2,0,4.465908118654584,-1.113819899557162
BNIP3,0,3.8877303128591016,1.3798754440966419
BOD1L1,0,2.2407096892759584,0.41119543298444966
BOLA3,0,4.543294782270004,0.070389327891398
BORA,0,1.252762968495368,-0.881355503501381
BORCS7,0,3.877431560658527,-1.0957004164205852
BPGM,0,4.131961425793407,-2.1538053360790355
BRAF,0,1.62924053973028,0.7026140893754294
BRCA1,0,2.9069010598473755,-2.3062464726550926
BRCA2,0,1.1939224684724346,-1.722466024471091
BRCC3,0,3.6402142821326553,-1.6910041381314806
BRD3,0,2.9014215940827497,-0.8353692982272006
BRDT,0,0.8754687373538999,-1.2630344058337937
BRI3BP,0,2.6461747973841225,-2.052088511148454
BRIP1,0,0.6931471805599453,-1.0
BROX,0,4.338597076746545,-2.1803211456427727
BRPF3,0,0.5306282510621704,2.234465253637023
BRWD1,0,2.379546134130174,0.5670405927238937
BRWD3,0,0.33647223662121295,1.0
BSCL2,0,4.04305126783455,-1.5773892810163552
BSN,0,0.0,0.2630344058337938
BTBD1,0,1.9021075263969205,3.9631980365104726
BTBD19,0,0.5877866649021191,0.736965594166206
BTBD3,0,1.5040773967762742,1.6780719051126378
BTBD7,0,0.8754687373538999,0.7369655941662062
BTC,0,0.18232155679395465,0.22239242133644802
BTF3L4,0,4.383275854074314,-1.0126632352657523
BTG1,0,5.030437921392435,-1.7751849163966962
BTG2,0,4.360547602996758,1.668482017689995
BTN3A2,0,4.864452783918174,-3.169925001442312
BTN3A3,0,4.034240638152395,-2.557144556581394
BTNL9,0,0.6418538861723948,5.752072486556415
BUB1B,1,0.7419373447293773,-0.6918777046376681
BVES,0,0.5306282510621704,4.0314782314731685
BYSL,0,2.322387720290225,-0.35049724708413305
C11ORF54,0,4.629862798578463,-2.233223869615882
C11ORF65,0,0.4054651081081644,0.18057224564182084
C12ORF29,0,1.7749523509116738,0.16175106999661207
C12ORF40,0,0.0,0.0
C12ORF57,0,5.521060837840906,0.34812947045280973
C12ORF60,0,1.0296194171811583,0.5849625007211564
C14ORF39,0,0.0,0.0
C15ORF39,0,3.202746442938317,-0.7233459848770782
C16ORF46,0,0.26236426446749106,0.0
C17ORF58,0,2.2925347571405443,-0.5632674296218372
C17ORF80,0,2.8449093838194073,-0.10433665981473561
C18ORF54,0,1.0647107369924282,-0.6100534816839867
C19ORF54,0,1.9021075263969205,0.2558389044295898
C1D,1,3.835141961092188,-1.0410871920431992
C1GALT1,0,4.050044303325521,-2.1205128073172346
C1ORF109,0,3.877431560658527,-2.61209863065867
C1ORF112,0,1.2237754316221157,-0.8395353278067539
C1ORF122,0,1.916922612182061,3.457501591538898
C1ORF174,0,4.123903364463645,-2.4134820327768027
C1ORF198,0,2.6461747973841225,1.6678035696588105
C1ORF226,0,0.0,2.1043366598147357
C1ORF35,0,3.919991175077323,-2.3190684407481217
C1ORF53,0,2.302585092994046,-0.4150374992788438
C1ORF56,0,5.420092423473958,-4.698525059544356
C1QBP,1,6.072122450125437,-1.8141919569510327
C1QTNF3,0,0.26236426446749106,0.5474877953024933
C21ORF91,1,4.720282993088596,-4.177660650221918
C2ORF15,0,1.7404661748405046,-2.1324502960236495
C2ORF49,0,3.005682604407159,-0.35443073457469176
C2ORF88,0,2.8622008809294686,-0.49701480144545346
C3,0,2.740840023925201,3.7960081988929963
C3ORF62,0,3.716008121502189,-2.4931700248016657
C4ORF19,0,2.2407096892759584,-2.7472339296200334
C5ORF34,0,1.252762968495368,-1.222392421336448
C6ORF118,0,0.0,0.0
C6ORF132,0,0.18232155679395465,1.1699250014423126
C6ORF62,0,6.26168250580812,-3.1633335791671486
C8A,0,0.0,0.0
C8ORF33,0,3.3775875160230218,-0.3809756632052108
C8ORF76,0,3.380994674344636,-1.1122095035860249
CA13,0,0.4700036292457355,1.4918530963296748
CA3,0,0.18232155679395465,4.044394119358453
CA6,0,2.8678989020441064,-2.8744691179161412
CA8,0,4.3463994570307305,-3.920031695296585
CAB39,0,2.4159137783010487,2.2122358063002765
CAB39L,0,2.0412203288596382,1.5341133592254033
CABP4,0,2.5726122302071057,-3.126532405928932
CACNA2D1,0,0.0,4.754887502163468
CAD,0,1.9315214116032138,0.8222128807847171
CADM1,0,2.2082744135228043,1.5034326152245578
CADPS2,0,0.0,3.4059923596758366
CALCOCO2,0,4.90453376321371,0.007466830188076173
CALD1,0,1.3609765531356006,4.846454741746545
CALHM5,0,0.0,1.6780719051126378
CALM1,0,7.112490430612992,-2.142732648302372
CALM2,0,6.857408904545399,-1.1499984258229656
CALM3,0,6.08541015995051,-0.7317218081445996
CALML4,0,4.210645017918261,-5.004287358403098
CALR,0,5.37989735354046,0.4391022039229884
CALU,0,3.86702563949741,2.341711881470598
CAMK1D,1,4.180522258463153,-2.114742086173004
CAMK2D,1,3.0633909220278057,2.5838384686885356
CAMK2G,0,4.8629083820668,-3.3834255916056324
CAMK4,0,3.5322256440685598,-4.958420896248601
CAMKV,0,0.09531017980432487,-0.13750352374993496
CAMSAP2,0,0.09531017980432487,3.4353861446706464
CAND1,0,3.0155349008501706,-0.6280312226130421
CAP1,0,7.8636512654486515,-5.012142750302386
CAPG,0,7.21927594091376,-6.12243184953744
CAPN1,0,4.48863636973214,-0.7669943896068186
CAPN5,0,0.832909122935104,1.7983661388303496
CAPNS1,0,4.442651256490317,2.98228228254869
CAPRIN1,0,3.7977338590260183,-0.009737011365286615
CAPZA1,0,6.268148865350222,-4.240834066652722
CAPZB,0,6.984623723238714,-2.4198996437729057
CARD6,0,3.3463891451671604,-2.421826664941483
CARD8,0,5.13167228913909,-3.648550660844811
CARHSP1,0,4.498697941477575,-0.9143318495089359
CASC3,0,3.6136169696133895,-0.5694910919587163
CASP2,0,4.249922794040544,-2.9297086779536103
CASP3,0,6.198681947871933,-5.125184448731346
CASP7,0,3.1822118404966093,-1.0180715729220182
CAST,0,5.063860055333554,0.8940665552509351
CASTOR2,0,1.0647107369924282,0.4639470997597903
CAV1,0,2.747270914255491,4.100999204778529
CAVIN2,0,4.804021044733257,-0.3715514717751522
CBFB,0,3.407841924380824,-0.714842783268066
CBR4,0,2.186051276738094,1.0320612092322983
CBX1,0,3.5496173867804286,-0.1210154009613658
CBX2,0,0.0,1.6780719051126378
CBX3,0,5.008633291425583,-1.2509422991791272
CBX5,0,3.131136910560194,-0.11810459938975856
CBX6,0,3.8543938925915096,-1.3827971622786357
CBY1,0,2.91235066461494,1.4537179674429037
CBY3,0,0.6418538861723948,-0.4405725913859815
CCDC102A,0,0.7884573603642702,1.7693870718585836
CCDC115,0,5.173887288169859,-3.231680775970829
CCDC117,0,3.2771447329921766,-1.6235837947484637
CCDC121,0,2.468099531471619,-0.816553858904069
CCDC124,0,4.56746831880408,0.4184043503772423
CCDC134,0,2.066862759472976,-1.3495844377902277
CCDC137,0,2.6602595372658615,-0.9700467778983725
CCDC14,0,1.2809338454620642,1.369233809665719
CCDC142,0,1.9740810260220096,-1.415037499278844
CCDC15,0,1.62924053973028,-2.0874628412503395
CCDC150,0,0.0,0.0
CCDC170,0,1.9740810260220096,-2.082462160191973
CCDC174,0,3.265759410767051,-1.5576895705710525
CCDC18,0,2.302585092994046,-2.395928676331139
CCDC180,0,0.09531017980432487,0.710493382805015
CCDC22,0,3.6686767467964168,-1.5486206536574358
CCDC32,0,5.126935749792416,-3.1871514155529086
CCDC43,0,2.9652730660692823,0.086587684996091
CCDC47,0,4.406719247264253,-0.3802720811181672
CCDC59,0,3.4210000089583352,-1.6724253419714956
CCDC71L,0,0.7419373447293773,1.2801079191927351
CCDC8,0,0.5877866649021191,3.7842713089445628
CCDC80,0,0.6418538861723948,6.805998368087519
CCDC85C,0,0.33647223662121295,3.8292696984860446
CCDC88A,0,3.2068032436339315,-1.319010611505068
CCDC88B,0,2.322387720290225,-0.6951454184715791
CCDC88C,0,2.451005098112319,-1.8135868757691187
CCL14,0,0.0,6.590961241342599
CCL2,0,2.151762203259462,5.108038127752533
CCL22,0,0.7884573603642702,-1.0
CCL3L1,0,1.6486586255873816,-1.8930847960834882
CCL5,0,8.873047798971067,-9.553174543702704
CCND1,1,0.7419373447293773,4.92283213947754
CCND2,0,2.89591193827178,1.5001541129167946
CCNE1,0,0.4700036292457355,1.0
CCNF,0,0.832909122935104,-0.5235619560570127
CCNG1,0,4.450852825603734,-0.7889550837256247
CCNH,0,4.092676505121403,-1.425512292868481
CCNI,0,5.475626381518447,-0.33132284424369557
CCNJ,0,1.3609765531356006,-0.331205908475373
CCNL1,0,3.3945083935113587,-0.34880380087875706
CCNO,0,0.0,0.13750352374993502
CCNY,0,3.3105430133940246,0.26829013128528906
CCR6,1,4.309455941839047,-6.079727192470734
CCS,0,4.441474093317302,-1.9747332413895702
CCSAP,0,1.547562508716013,-0.4671260104272981
CCSER2,0,3.068052935133617,1.3445642913303923
CCT3,0,5.408068230507156,-1.183073705488607
CCZ1,0,1.6486586255873816,2.589579128791526
CCZ1B,0,3.1570004211501135,0.28335439021338965
CD109,0,0.26236426446749106,2.343954401217361
CD164,0,6.025865973825314,-2.209671180235069
CD226,0,3.629660094453965,-4.651530117660146
CD244,0,6.162472344001663,-8.212496385193948
CD274,0,2.0412203288596382,0.3030690676360466
CD276,0,0.6418538861723948,3.0094603292490665
CD28,0,4.636668853047462,-6.011227255423254
CD2AP,0,2.388762789235098,-0.37586690199816597
CD300LD,0,1.8082887711792655,-2.6088092426755236
CD302,0,3.5263605246161616,-1.3008664793595326
CD320,0,5.40042258948519,-2.2092091377062006
CD34,0,0.18232155679395465,6.957102041562286
CD40,0,4.825910852685991,-3.330049439442795
CD44,0,6.083359811812238,-3.8551871438591445
CD47,1,5.834518296645255,-2.549534148553377
CD63,0,7.529728640087558,-0.7400154173128567
CD83,0,3.4688560301359703,-2.5190745650646993
CDC14A,0,2.6026896854443837,-2.0324214776923775
CDC20,0,2.533696813957432,-2.8073549220576037
CDC25A,0,0.18232155679395465,0.22239242133644802
CDC37L1,0,3.3178157727231046,0.17224631335243334
CDC42,0,4.953006181259619,-0.5339148951307636
CDC42BPB,0,0.18232155679395465,4.910892526166015
CDC42EP3,0,5.254365479018854,-1.7100823000152587
CDC42SE1,0,5.917818006939683,-3.068371897827635
CDC7,0,1.7227665977411035,-1.2223924213364479
CDCA4,0,2.8735646395797834,-2.2581521844540475
CDCA7L,0,4.836281906951478,-2.310523331615113
CDCP1,0,1.6486586255873816,-1.7935491225325737
CDH1,0,1.7404661748405046,-2.1324502960236495
CDH13,0,1.667706820558076,3.4039365060455937
CDH2,0,0.9932517730102833,6.137655314485084
CDH4,0,0.33647223662121295,-0.22239242133644782
CDH5,0,0.09531017980432487,6.234055338862028
CDH6,0,0.09531017980432487,1.3985493764902748
CDIP1,0,2.928523523860541,1.5952125974149134
CDK14,0,2.312535423847214,0.3075728019102923
CDK19,0,1.7404661748405046,-0.10496955960154267
CDK4,0,4.551769409260976,-0.7138175663975803
CDK5RAP2,0,1.0986122886681098,2.584962500721156
CDK6,0,0.6931471805599453,1.4854268271702418
CDK9,0,3.1570004211501135,0.7709414798899207
CDKL1,0,1.5040773967762742,-0.49185309632967467
CDKN1A,1,4.3294166844015844,1.130748591354878
CDKN1B,0,3.068052935133617,0.5961030583263566
CDKN2A,0,3.6506582412937387,-4.501251794331925
CDKN2B,0,2.302585092994046,-2.321928094887362
CDKN2D,0,4.976043849326636,-2.9158793788357733
CDKN3,1,3.0106208860477417,-1.73459857962229
CDON,1,0.0,2.263034405833794
CDR2,0,2.341805806147327,0.5090136474878577
CDRT4,0,0.5877866649021191,1.222392421336448
CDY2B,0,0.0,0.0
CEACAM8,0,1.308332819650179,-1.7500217469916524
CEBPA,0,2.8390784635086144,-2.208399149256948
CEBPG,0,3.0007198150650303,-0.3936638484862769
CEBPZ,0,3.5751506887855933,-1.185159515137473
CELF1,0,3.1654750481410856,0.2861824336024197
CELF2,0,4.757891273005756,-1.650838862920839
CELSR3,0,0.18232155679395465,-0.12553088208385882
CENPA,0,0.09531017980432487,0.12553088208385882
CENPE,0,1.3609765531356006,-1.7004397181410922
CENPF,0,0.18232155679395465,-0.12553088208385882
CENPI,0,0.832909122935104,-0.7162070339994087
CENPK,0,3.391147045808654,-4.307428525192248
CENPL,0,2.2617630984737906,-1.884522782580064
CENPM,0,3.9512437185814275,-5.022367813028454
CENPO,0,0.7419373447293773,0.8171359428501894
CENPP,1,2.0014800002101243,-1.0
CENPS,0,2.066862759472976,-0.5758602936139039
CEP104,0,0.9162907318741551,1.7311832415722002
CEP120,0,0.9932517730102833,1.374395514781498
CEP128,0,2.186051276738094,-2.0163018123291003
CEP152,0,1.1314021114911006,0.0
CEP170,0,2.631888840136646,-0.7613890681054241
CEP19,0,4.976043849326636,-5.977279923499917
CEP295,0,1.8082887711792655,0.02345897282398896
CEP350,0,0.832909122935104,1.7432245846378887
CEP44,0,2.272125885509337,-0.045323990509490146
CEP55,0,0.832909122935104,-0.9385994553358568
CEP57L1,0,2.8154087194227095,-0.9913868696952917
CEP70,0,1.6094379124341003,1.704871964456353
CEP78,0,3.6938669956249757,-4.007195501404204
CEP85L,0,2.8154087194227095,-1.6023445789493926
CEP89,0,2.631888840136646,-0.989658055778541
CEP97,0,0.9932517730102833,-0.05444778402237646
CERS2,0,5.365040998590945,-1.6026145190831933
CERS6,0,1.8562979903656263,2.1137421660491884
CETN3,0,3.456316680883235,-0.5009841080818033
CFAP36,0,3.9454577815143836,-0.5423452559228902
CFDP1,0,4.244200317766478,-0.9332621921010436
CFL1,0,8.832660649875955,-3.815650359604763
CFL2,0,1.7749523509116738,5.933140494766343
CFTR,0,0.0,0.13750352374993502
CGN,0,0.4054651081081644,0.09310940439148145
CGNL1,0,0.0,4.350497247084133
CHAC1,0,0.18232155679395465,1.4594316186372973
CHAF1B,0,1.1631508098056809,-1.0
CHAMP1,0,2.501435951739211,-0.822212880784717
CHCHD4,0,3.2846635654062037,-0.03832811865909936
CHCHD5,0,4.574710978503383,-1.850378574517866
CHD1,0,2.2407096892759584,-1.1970368470595538
CHD7,0,2.785011242238338,-1.7852611512069874
CHDH,0,1.3862943611198906,-0.27753397552890896
CHEK2,0,2.580216829592325,-1.6181293646563555
CHGB,0,0.4054651081081644,5.554588851677638
CHIC1,0,0.5306282510621704,1.8432744963125467
CHL1,0,1.5686159179138452,1.3339007365534383
CHM,0,1.1939224684724346,1.2593866288186495
CHML,0,0.7419373447293773,0.8930847960834879
CHMP2A,0,6.684236657337844,-2.169203563727122
CHMP3,0,5.439382806826639,-1.2370839438244603
CHN1,0,2.2512917986064953,0.7430273469534076
CHORDC1,0,2.9391619220655967,0.21911728930358715
CHPF,0,1.9740810260220096,4.188726199450574
CHPF2,0,2.1162555148025524,1.2831720514048697
CHPT1,0,3.632309102625542,1.2402739409001502
CHRAC1,0,3.4436180975461075,-0.9324668423145348
CHRFAM7A,0,1.3609765531356006,-0.8259706002249508
CHST11,0,2.8154087194227095,-1.6288167903105835
CHST12,0,4.812997033190408,-2.952732091200102
CHST15,0,4.251348311031766,-3.478047296804644
CHST3,0,0.0,3.8875252707415875
CHSY1,0,1.7749523509116738,1.7968370501436046
CHSY3,0,0.0,1.2016338611696504
CIB2,0,2.9806186357439426,1.2605912299054651
CINP,0,4.085976312551584,-1.0926245463661184
CIP2A,0,0.09531017980432487,0.5405683813627028
CISD2,0,1.916922612182061,0.7198920808072646
CIT,0,0.09531017980432487,0.5405683813627028
CITED2,0,3.3603753871419,1.2730184944064158
CKAP2,0,4.468204330914934,-3.6807214835265873
CKAP2L,0,0.18232155679395465,-0.2630344058337938
CKAP4,0,4.685828089005546,-1.452792421274262
CKLF,0,7.240649694255466,-6.367098065321728
CLCC1,0,2.631888840136646,0.3967587655605351
CLCN3,0,2.0541237336955462,1.976692626507931
CLCN7,0,1.4816045409242156,1.7884958948062881
CLDN1,0,0.0,1.765534746362977
CLDN12,0,0.6931471805599453,3.2479275134435857
CLDN4,0,0.0,0.48542682717024166
CLEC11A,0,3.2228678461377385,-0.5878392614767198
CLEC1A,0,1.1314021114911006,1.6457165318002525
CLEC5A,0,2.312535423847214,-2.7513208871432764
CLIC1,0,6.847049403864742,-2.3968083955232684
CLIC4,0,2.6741486494265287,3.720957717965814
CLINT1,0,6.6234009966230305,-4.468084930396725
CLIP4,0,3.246490991901174,0.1643004522484343
CLK1,0,3.3945083935113587,1.458551121178847
CLK4,0,2.5416019934645457,0.07740450368560675
CLMP,0,0.4054651081081644,3.169925001442312
CLN6,0,2.8449093838194073,-0.7824085649273732
CLOCK,0,0.832909122935104,1.8514774752899121
CLSPN,0,0.6418538861723948,-0.7884958948062882
CLSTN1,0,1.9878743481543455,2.2899557051490826
CLSTN2,0,0.0,2.786596361890807
CLTC,0,3.493472657771326,1.0622225150828588
CLVS1,0,0.6418538861723948,-0.5474877953024933
CLYBL,0,3.214867803470662,-0.120798143971137
CMAS,0,3.6375861597263857,0.14782081473544825
CMPK1,1,3.758871825933971,0.5815956496227577
CMPK2,0,1.791759469228055,-1.0
CMTM4,0,0.09531017980432487,2.1844245711374275
CMTM6,0,5.751301990624177,-4.057060531194614
CNBP,0,7.616480489505401,-2.108675381624203
CNDP1,0,0.09531017980432487,-0.13750352374993496
CNEP1R1,0,3.955082494888593,-2.427993154382757
CNGB1,0,0.33647223662121295,-0.4854268271702417
CNIH4,0,5.0466457316192885,-3.055804405130328
CNN3,1,2.533696813957432,3.3023306575525684
CNOT6,0,1.1939224684724346,1.084888897586513
CNTNAP3,0,2.128231705849268,-0.777607578663552
CNTNAP5,0,0.0,0.0
COA4,0,4.399375273008495,-0.39276057899200956
COBLL1,0,2.772588722239781,-1.0
COCH,0,3.673765816303888,-3.764070824328804
COG2,0,3.4210000089583352,-0.7979562240553544
COIL,0,3.3568971227655755,-1.7219634308269596
COL12A1,0,0.0,4.683696454306515
COL13A1,0,0.18232155679395465,1.7725895038969275
COL19A1,0,3.4965075614664802,-4.278859372995476
COL1A1,0,0.0,6.947198584262056
COL4A1,0,0.26236426446749106,5.948816459376222
COL5A1,0,0.18232155679395465,4.2542412873757876
COL6A1,0,0.09531017980432487,7.104717871348434
COMMD2,1,2.8735646395797834,-0.9440435940259846
COPA,0,3.7256934272366524,0.34469162540292764
COPB1,0,4.039536325727106,-0.39820306041558384
COPE,0,6.835722076082305,-2.8185615856949693
COPG1,0,4.384523514872469,0.21982031325474158
COPS7A,0,4.470495282661489,-0.17716486557575117
COPZ1,0,5.029784112935016,-0.589688004588639
COQ3,0,2.714694743820879,1.0330582885792956
COQ6,0,2.8154087194227095,0.9382238024133102
COQ7,0,4.850466541943434,-2.437029071585153
CORO1C,0,4.42484663185681,-1.313314964582654
CORO2B,0,0.7884573603642702,2.941447817644887
COTL1,0,8.434159348086673,-7.506854385744988
COX15,0,3.0204248861443626,0.07540740265802257
COX20,0,3.7954891891721947,-0.07314767273381048
COX6B1,0,7.63269178203149,-0.7364532486685686
COX6C,0,5.857933154483459,1.1146525846218975
COX7C,0,6.909453835617718,0.5808760198752032
CPA3,0,7.02197642307216,-7.323215640747823
CPE,0,0.09531017980432487,6.481615987703283
CPEB3,0,1.2809338454620642,0.7127180479195289
CPEB4,0,1.9021075263969205,2.7762611529560357
CPNE4,0,0.5306282510621704,0.16046467219324612
CPNE5,0,3.9646154555473165,0.7832995888913077
CPOX,0,0.5877866649021191,2.3692338096657193
CPSF1,0,2.0541237336955462,2.512259306991512
CPSF3,0,3.9357395320454622,-2.1296352804165957
CPSF6,0,3.877431560658527,-1.1476950540588466
CRABP2,0,0.09531017980432487,2.517848304862619
CRAMP1,0,0.33647223662121295,2.700439718141092
CRCP,0,3.299533727885655,-0.6064156103874738
CREB1,0,4.051784947803305,-2.2485549085571432
CREB3,0,3.6584202466292277,-0.48097176946362
CREB3L2,0,2.6026896854443837,0.48542682717024166
CREB5,0,5.302807271820889,-5.0415245111704055
CREBBP,0,2.0541237336955462,0.9337663015999133
CREBL2,0,1.8870696490323797,1.7821543679324616
CREBRF,0,3.1354942159291497,-0.9628470015825339
CREBZF,0,0.4054651081081644,2.5688428353578794
CREG1,0,4.863680881139593,-0.685891409571937
CRELD2,0,3.977810745966149,-0.6987521579523126
CREM,0,2.8507065015037334,1.4931497344456175
CRIM1,0,1.1314021114911006,3.463656204499023
CRIP2,0,4.762173934797756,3.2057828084391007
CRIPT,0,1.9740810260220096,0.7958592832197747
CRISPLD2,0,4.483002552013883,-1.2817390047716637
CRK,0,2.6946271807700692,0.9042888004202384
CRLF1,0,0.0,6.4379600883344725
CRLF3,0,4.944495491591711,-4.782901878333066
CRNKL1,0,3.6584202466292277,-1.913412315003909
CRTC1,0,0.5877866649021191,2.6374299206152916
CRYBG1,0,2.4069451083182885,-2.5464883529065205
CRYBG3,0,1.5260563034950494,0.6662626028230045
CRYGS,0,0.33647223662121295,1.1468413883292712
CS,0,5.335131339670753,0.5744955016700874
CSDE1,0,5.945944031806173,0.009030984362440712
CSF1,0,3.1484533605716547,0.3157229453606543
CSGALNACT1,0,4.07753744390572,-0.7867186293633056
CSGALNACT2,0,3.131136910560194,-0.7839213525957542
CSNK1E,0,2.714694743820879,2.394590457817879
CSNK1G1,0,1.7047480922384253,-0.5334322000810741
CSNK1G3,0,2.70805020110221,-0.5145731728297583
CSNK2A1,0,3.7376696182833684,0.3410369178350672
CSNK2A2,0,1.0986122886681098,2.841302253980942
CSRNP2,0,1.1939224684724346,2.0108883161427364
CSRNP3,0,0.0,1.2016338611696504
CSRP1,0,4.343805421853684,1.2939284137795775
CSTF2,0,3.3141860046725258,-2.0371986179542496
CSTF3,0,2.312535423847214,0.8012201358855027
CTBP1,0,3.5380565643793527,1.4925984825724967
CTBP2,0,3.5751506887855933,-0.821568781277305
CTBS,0,0.5306282510621704,0.23446525363702297
CTC1,0,1.8562979903656263,0.9425145053392399
CTCF,0,2.128231705849268,0.9652345818393232
CTDNEP1,0,2.4069451083182885,3.387978487054423
CTDSP1,0,4.320151230955794,0.050890666384031724
CTDSP2,0,2.9069010598473755,1.9580059113353727
CTH,0,1.4350845252893227,-0.3479233034203071
CTNNA3,0,0.0,3.925999418556223
CTNNB1,0,2.6100697927420065,2.97593224003817
CTNNBIP1,0,2.6946271807700692,1.5520978668155294
CTNND1,0,2.341805806147327,2.221401218933398
CTPS1,0,2.5649493574615367,-0.422454970841327
CTPS2,0,1.33500106673234,0.4525122046975067
CTRC,0,0.4700036292457355,1.0
CTSB,0,6.556920391525088,-0.7007470996359992
CTSC,0,6.374684046268826,-3.941224327637641
CTSE,0,0.4054651081081644,-0.20645087746742632
CTSS,0,7.846707293399371,-7.822154831966707
CTTN,0,2.0412203288596382,3.7625006862733437
CUL2,0,2.760009940032921,-0.13385574673479061
CUL3,0,2.0918640616783932,2.1072332233250273
CUL4B,0,2.7343675094195836,0.05514155419246085
CUL5,0,1.252762968495368,2.1653377319466607
CUX1,0,3.586292865338835,1.1641408655428067
CUZD1,0,0.09531017980432487,0.3479233034203066
CXADR,0,0.6418538861723948,2.395928676331139
CXCL1,0,3.8815637979434374,-0.7720938175698082
CXCL10,0,3.979681653901961,-3.3354746267253104
CXCL11,0,0.26236426446749106,0.7589919004962051
CXCL12,0,0.26236426446749106,7.119739244274096
CXCL2,0,0.7419373447293773,4.553126413599151
CXCL3,0,0.33647223662121295,2.3625700793847084
CXCL5,0,1.0986122886681098,-0.9068905956085186
CXCL8,0,6.088137434368242,-3.7086489985190245
CYB5D1,0,1.1314021114911006,2.321928094887362
CYCS,1,4.675628649636653,2.102803691580127
CYGB,0,1.1631508098056809,4.994353436858858
CYLD,0,4.194189897191817,-1.7004397181410922
CYP20A1,1,2.33214389523559,-2.1015380264620624
CYP24A1,0,0.18232155679395465,-0.2630344058337938
CYP2B6,0,0.33647223662121295,-0.4854268271702417
CYP2C19,0,0.33647223662121295,-0.4854268271702417
CYP2U1,0,1.3609765531356006,1.1069152039165122
CYP3A5,0,0.6418538861723948,0.07400058144377678
CYP4F11,0,0.09531017980432487,0.12553088208385882
CYP4F3,0,4.44500143383527,-6.149747119504682
CYP4V2,0,1.410986973710262,1.2571578394971248
CYP7A1,0,0.0,0.0
CYSTM1,0,6.060290738037835,-1.9422514941921953
DAZAP1,0,1.4816045409242156,3.6227174227165744
DAZAP2,0,8.49580610953459,-4.642147498464502
DBF4,0,0.6931471805599453,-0.862496476250065
DBF4B,0,0.33647223662121295,0.2801079191927355
DBN1,0,2.6602595372658615,1.4621804826779867
DBT,0,1.2237754316221157,2.9349049717781153
DCAF7,0,3.2809112157876537,-0.4186578149575409
DCAKD,0,2.2823823856765264,1.3796435927436497
DCBLD2,0,0.18232155679395465,4.523561956057013
DCP1A,0,4.0163830207523885,-2.67340046538874
DCTD,0,4.356708826689592,-0.9598718872946902
DCTN4,0,2.8507065015037334,0.5597252092221332
DCTN5,0,3.1441522786722644,-0.6100534816839867
DCTN6,0,3.0819099697950434,1.7631971357393859
DCTPP1,0,4.999237249143887,-2.2535321123240277
DCUN1D1,0,2.856470206220483,-0.1120266177341111
DCUN1D3,0,0.832909122935104,1.7618402628052356
DCUN1D4,0,2.2823823856765264,0.3739748426569574
DCUN1D5,0,2.785011242238338,0.5730393333453371
DDAH1,0,0.09531017980432487,4.0163018123291
DDB1,0,4.130354999745133,0.036641843634266785
DDC,0,0.0,0.0
DDHD1,0,1.840549633397487,-0.09463687413807503
DDI2,0,1.0296194171811583,1.402098443571346
DDIT4,0,6.016644845638281,-0.8328130806870063
DDOST,0,6.199088286764155,-2.030504593117545
DDR1,0,0.26236426446749106,5.003463855303572
DDT,0,5.6598305871270185,-0.819339079534654
DDTL,0,0.6931471805599453,2.1210154009613658
DDX17,0,2.8678989020441064,3.2235629650443856
DDX19B,0,4.399375273008495,-2.1690390971830418
DDX24,0,2.151762203259462,0.5737352452979022
DDX3X,0,4.012772908528289,0.7638456774190676
DDX42,0,2.0412203288596382,2.1844245711374275
DDX5,0,5.7720639820726065,-1.583166987059542
DDX50,1,3.2228678461377385,-0.40930112972969956
DDX52,0,0.7419373447293773,0.41503749927884376
DDX54,0,2.8735646395797834,0.040189090115698926
DDX55,0,2.766319109226186,-1.046096414589454
DDX6,0,3.0007198150650303,0.8764253148814672
DDX60,0,1.7578579175523736,0.20810819533020028
DEAF1,0,1.2237754316221157,1.782901878333065
DEFB125,0,0.0,0.0
DEGS1,1,4.800736969532067,-1.4863762809991063
DEK,0,4.769836807543325,-0.9793463287816576
DENND1A,0,3.039749158970765,-1.3854310371935203
DENND2C,1,1.3862943611198906,-0.929610672108602
DENND4C,0,2.2300144001592104,0.6896598793878495
DEPDC1,1,0.4054651081081644,-0.44745897697122117
DEPTOR,0,3.0587070727153796,-1.852066570863997
DESI1,1,2.2925347571405443,1.936697418091482
DFFA,0,2.917770732084279,-0.5541015370163959
DFFB,0,2.1400661634962708,-2.4093909361377017
DGAT1,0,0.5306282510621704,2.8550516640889008
DGKD,0,1.8870696490323797,0.3306453119884716
DGKE,0,0.9932517730102833,0.49304001128011676
DGKH,0,0.6418538861723948,1.037474705418663
DGLUCY,0,5.310739886546594,-0.7681731929136936
DHCR24,0,1.9459101490553132,1.3942789391120465
DHFR,0,0.6418538861723948,2.0558532347335174
DHFR2,0,1.4586150226995167,0.0972972013549148
DHRS1,0,2.9652730660692823,-1.6457165318002522
DHX15,0,4.070734696582967,-0.8240694476150303
DHX33,0,0.6418538861723948,1.4799929411196138
DHX38,0,2.509599262378372,1.1449483359110992
DHX40,0,3.0204248861443626,-0.14032128839741462
DHX57,0,1.9878743481543455,-0.2590872213171309
DHX8,0,3.4307561839036995,-0.4835604685129429
DIABLO,0,3.899950424193877,-0.7051932481117266
DICER1,0,1.5260563034950494,1.19068356160911
DIMT1,1,2.617395832834079,0.3938210133691482
DIP2A,0,2.7343675094195836,-0.7589919004962052
DIP2C,0,0.6931471805599453,2.867896463992655
DIRAS2,0,0.26236426446749106,-0.24100809950379493
DIS3,1,2.2407096892759584,0.3761484858852489
DIS3L,0,2.653241964607215,-0.09446468400349232
DISP2,0,0.33647223662121295,-0.3479233034203067
DKK1,0,0.0,0.765534746362977
DKK3,0,2.0918640616783932,7.302765837800468
DLC1,0,1.667706820558076,2.0402638702137272
DLG4,0,0.33647223662121295,3.8292696984860446
DLG5,0,0.26236426446749106,2.657112286476991
DLGAP2,0,0.0,0.0
DLGAP5,1,1.8562979903656263,-2.415037499278844
DLK1,0,0.09531017980432487,5.363935621408937
DLL4,0,0.0,4.590961241342599
DLST,0,1.5040773967762742,4.805063110549614
DMD,0,0.5877866649021191,4.3846638502353255
DMTN,0,2.186051276738094,2.960978111170816
DMXL1,0,2.2082744135228043,-0.4203317989483568
DNAAF5,0,1.0296194171811583,2.158429362604483
DNAH11,0,0.0,0.48542682717024166
DNAJB1,0,5.778580684731388,-0.8634298260974074
DNAJB13,0,0.5306282510621704,-0.6280312226130421
DNAJB14,0,3.6913763343125234,-2.238067490317219
DNAJB4,0,1.4586150226995167,3.5279315556847775
DNAJB5,0,1.8718021769015913,3.2882449686310737
DNAJB9,0,4.37197629882038,-0.8252255988962918
DNAJC10,0,3.1570004211501135,-0.33735813545696824
DNAJC18,0,0.9932517730102833,1.454565863465481
DNAJC19,1,3.730501128804756,0.7899518757961587
DNAJC2,0,4.136765278106052,-2.160735829987652
DNAJC28,0,0.18232155679395465,1.6629650127224291
DNAJC3,0,4.467056883858457,-2.357137972461163
DNAJC8,0,4.529368472571809,-1.2827783411322087
DNAL1,0,1.840549633397487,0.622632918687211
DNMT1,0,3.7773481021015445,-3.0166019673371296
DNMT3A,1,1.9878743481543455,-0.12373536842224479
DNMT3B,0,0.09531017980432487,0.8624964762500651
DNPEP,0,3.104586678466073,0.8320952972226531
DOCK11,0,2.4159137783010487,-0.5405683813627025
DOCK3,0,0.26236426446749106,1.5474877953024933
DOCK7,0,0.8754687373538999,1.4811266897366164
DOK6,0,0.0,2.807354922057604
DOK7,0,1.4816045409242156,3.23753590759699
DOLPP1,0,3.265759410767051,-2.2785354993739815
DPH5,0,2.617395832834079,0.7907111659377324
DPM2,0,4.613138355637268,-2.619727918881833
DPP7,0,5.445874930905651,-1.1411178970442934
DPY19L1,0,0.7884573603642702,2.7979562240553544
DPY19L3,0,1.916922612182061,-0.5956097449206648
DPY19L4,0,0.9555114450274363,2.612443237143263
DPY30,0,5.308762624409575,-2.1353635554353603
DPYSL2,0,4.324132656254979,-0.3879053255669588
DPYSL3,0,0.0,5.865423978313134
DR1,0,4.56954300834494,-1.837569535104612
DRAM2,0,4.198704577546343,-1.4845606037633183
DRAP1,0,6.296372400224832,-2.105320771953646
DROSHA,0,1.3862943611198906,1.7548875021634684
DSEL,0,0.33647223662121295,1.192645077942396
DSG2,0,2.272125885509337,1.7038679059899755
DSN1,0,3.9982007016691985,-3.2074693703024475
DST,0,0.7884573603642702,6.199672344836364
DSTYK,0,2.2082744135228043,-0.6749046260339546
DTD1,0,1.0296194171811583,2.6764608552066522
DTL,0,1.0986122886681098,-1.4474589769712212
DTX1,1,0.26236426446749106,0.7589919004962051
DUSP14,0,0.9555114450274363,2.489384840738925
DUSP16,0,1.589235205116581,0.707218250772154
DUSP18,0,3.4965075614664802,-3.5083412191182437
DUSP2,0,5.302309387817574,-3.3421869338711625
DUSP28,0,2.2823823856765264,-1.1884450894131104
DUSP3,0,3.5409593240373143,2.4575295813929228
DUSP6,0,7.404644237009254,-5.728447209893418
DUSP7,0,2.424802725718295,0.9936022288018492
DUSP8,0,0.0,4.121015400961366
DUT,0,4.593097604753822,-0.5432257684483338
DVL3,0,0.832909122935104,3.9193815397917153
DYM,0,3.5234150143864045,-0.6636744767351969
DYNAP,0,0.5877866649021191,0.07800251200127316
DYNC1H1,0,0.7419373447293773,3.8220016980220053
DYNC1I2,0,5.356586274672012,-1.7144581947566366
DYNC1LI1,0,4.1588830833596715,-0.4210612869066139
DYNC2H1,0,0.5306282510621704,0.7705181538772327
DYNLT3,1,3.6082115510464816,-0.21006439229552662
DYRK1A,0,1.410986973710262,2.8173736778825953
DYRK2,1,1.7404661748405046,2.109624491174498
DZIP1L,0,0.26236426446749106,1.691877704637668
E2F2,0,1.62924053973028,-2.212993723334198
E2F3,0,2.1041341542702074,-0.47490895525624227
E2F5,0,2.6741486494265287,-2.3725541679573303
E2F7,0,1.0296194171811583,-1.2223924213364479
E2F8,1,0.4054651081081644,1.0
EAF1,0,2.7343675094195836,-1.3841434913330601
EAF2,0,4.661550519424199,-5.292236409950557
EBAG9,0,3.4111477125153233,-0.44227408355264614
EBNA1BP2,0,4.247065649239764,-0.9216716393150406
EBPL,0,2.066862759472976,0.25080810350053434
ECE1,0,3.427514689979529,1.1761569551538267
ECHDC1,0,4.28771595520264,-0.7832807870787467
ECHS1,0,5.496348217047172,-0.1475389807286549
ECT2,0,2.0149030205422647,-0.8712666858777973
EDA2R,0,0.09531017980432487,1.4474589769712212
EDC3,0,2.6878474937846906,-0.40525647848625834
EDEM1,0,2.1400661634962708,-0.10561018796059879
EDF1,0,6.436791188641277,-0.30933308100815615
EDN1,0,1.7749523509116738,0.5267478867758605
EDRF1,0,1.8718021769015913,-0.13972476366661307
EEA1,0,0.6418538861723948,2.1614634226941165
EED,0,4.091005660956586,-2.6390391734769487
EEF1A1,0,10.195690639781832,-2.764816472490601
EEF1A2,0,0.18232155679395465,8.177004194660936
EEF2K,0,0.33647223662121295,2.8220016980220057
EFCAB11,0,2.740840023925201,-2.146841388329271
EFCAB14,0,3.632309102625542,-0.07842664695681623
EFCAB6,0,0.09531017980432487,0.3479233034203066
EFHD2,0,4.9037921984782065,-2.236733444403469
EFNB1,0,1.5040773967762742,2.852442811586142
EFNB2,0,0.0,4.0
EFR3A,0,3.742420221041966,-0.3244944075253267
EFTUD2,0,4.467056883858457,-1.307097289961567
EGF,0,0.4054651081081644,1.3025627700204314
EGFR,0,0.0,2.9818526532897405
EGLN3,0,3.2771447329921766,2.022953985093646
EGR1,0,2.0918640616783932,4.954770746007002
EGR2,0,1.1939224684724346,2.2129937233341983
EHBP1L1,0,0.4700036292457355,4.820178962415188
EHD1,0,4.613138355637268,-1.3699496097503057
EHD3,0,3.086486636822455,-0.4260589053700956
EHMT1,0,3.3945083935113587,-1.0796171680633682
EHMT2,0,0.33647223662121295,2.2150128909708506
EID2B,0,2.0149030205422647,-0.9434164716336325
EIF1AD,0,3.9852734671677386,-1.6120307439193267
EIF1AX,0,4.252771798816619,-0.5901021393628733
EIF2A,0,4.063885354737392,0.28069106190111487
EIF2AK2,0,2.833213344056216,-1.2394659346953893
EIF2AK3,1,1.0296194171811583,1.8791456051256146
EIF2S1,0,4.278054044290903,-1.3289485225651345
EIF2S3,0,5.234312036572124,-1.749322800686189
EIF3H,0,5.688668836846153,-0.930889914903295
EIF4E,0,4.100989104940769,-0.6992459282170475
EIF4EBP1,0,6.0364379127507135,-3.6775203107488585
EIF4EBP2,0,3.391147045808654,0.443892361951029
EIF4G1,0,3.100092288878234,2.0
EIF4G2,0,6.6422260111714895,-1.0697685833061321
EIF4G3,0,0.832909122935104,3.0310268956206246
EIF4H,0,5.962807837858177,-1.2231349303805727
EIF5,0,5.983432375410718,-2.253756592245783
EIF5A,0,5.422303346329028,0.43936469742565926
EIF5A2,0,2.772588722239781,-1.707218250772154
EIF5AL1,0,1.252762968495368,-0.881355503501381
ELAVL1,0,3.6454498961866,-0.18032114564277282
ELAVL2,0,0.9162907318741551,-1.1844245711374273
ELAVL4,0,0.7884573603642702,-0.8744691179161412
ELF1,0,5.589493328254074,-3.200987057733177
ELL2,0,2.0794415416798357,2.3074285251922473
ELMOD2,0,2.797281334830153,-0.450661409009565
ELOA,0,3.0252910757955354,-0.48682818234685415
ELOB,0,8.081753294556137,-2.7808413569422887
ELOVL1,0,5.365040998590945,-2.1947673980108284
ELOVL4,1,3.2108436531709366,-3.7842713089445628
ELOVL5,0,5.573673789309181,-2.808450778578877
ELOVL6,0,1.4586150226995167,0.24616058726939752
ELP1,0,3.629660094453965,-1.0192619021606328
EMB,0,4.030694535145645,-3.1827948016933543
EMC1,0,3.250374491927572,-1.0454429707611672
EMC3,0,4.7535901911063645,-1.6721144498162384
EMC7,0,5.760477818332746,-2.204180703842599
EMD,0,4.209160236650682,-0.5584123395522473
EME1,0,2.9806186357439426,-4.03708931873522
EMID1,0,0.33647223662121295,1.192645077942396
EML1,0,0.0,4.247927513443585
EML3,0,2.2823823856765264,1.0926492879656742
EML4,0,3.1484533605716547,-2.0828264311296207
EML6,0,0.5306282510621704,-0.6280312226130421
EMP1,0,1.5040773967762742,4.722466024471091
EMP3,0,7.789868559054706,-4.61488899783453
ENAH,0,0.18232155679395465,4.08037341646402
ENC1,0,1.308332819650179,1.266280065337448
ENDOD1,0,1.7404661748405046,1.265142068795785
ENO1,0,7.683035289080604,-2.7695803848752054
ENOPH1,0,3.4468078929142076,-0.7477262890039904
ENOSF1,0,1.5040773967762742,1.3785116232537296
ENPEP,0,0.0,2.37851162325373
ENPP4,0,2.322387720290225,0.6036990633027421
ENTHD1,0,0.09531017980432487,-0.13750352374993496
ENTPD1,0,4.638604962074329,-3.490458514257922
ENTPD3,0,1.5040773967762742,-1.5849625007211563
ENTPD4,0,2.884800712846709,0.2576512091368905
ENTPD5,0,2.9652730660692823,-1.2075954194083671
ENTPD7,0,1.1939224684724346,-0.5849625007211561
EOGT,0,2.028148247292285,1.9068905956085185
EP300,0,1.2237754316221157,1.831400396024255
EP400,0,1.7578579175523736,1.0727563424353141
EPAS1,0,3.077312260546414,2.4527678883562865
EPB41,0,3.824284091120139,-2.1387640699558514
EPB41L2,0,2.2512917986064953,2.446952679355606
EPB41L4B,0,0.0,3.2479275134435857
EPC2,0,1.7047480922384253,1.5315232417596958
EPDR1,0,1.1631508098056809,3.0980320829605263
EPG5,0,0.7419373447293773,1.584962500721156
EPHA1,0,1.5686159179138452,-2.263034405833794
EPHA5,0,0.0,0.8479969065549501
EPHA7,0,0.0,2.137503523749935
EPM2A,0,1.0986122886681098,3.029747343394052
EPM2AIP1,1,2.2823823856765264,0.47275299713513097
EPO,0,0.0,0.48542682717024166
EPOR,0,2.4159137783010487,-0.10691520391651173
EPS8,0,3.1484533605716547,0.18020797470417294
ERBB2,0,1.791759469228055,3.2275357246124075
ERBB3,0,0.6931471805599453,2.1858665453113337
ERBB4,0,0.0,1.8875252707415875
ERC1,0,2.2925347571405443,0.4367325703781629
ERCC3,0,3.261935314328648,-0.13916274767162556
ERCC4,0,1.3862943611198906,0.10433665981473553
ERCC6L,0,0.9932517730102833,-1.2954558835261711
EREG,0,0.4054651081081644,0.09310940439148145
ERFE,0,0.0,0.925999418556223
ERG,0,0.18232155679395465,3.4374053123072983
ERI1,0,2.379546134130174,-1.545434136534519
ERICH3,0,0.0,0.0
ERICH5,0,1.1631508098056809,0.9541963103868752
ERLIN1,0,3.2386784521643803,-1.136372441731286
ERLIN2,1,2.6741486494265287,0.31993679706827094
ERMN,0,0.6931471805599453,-0.6214883767462701
ERMP1,0,0.7419373447293773,1.4150374992788437
ERO1A,0,3.0726933146901194,-0.43295940727610627
ERP29,0,6.126213947659596,-2.9777922231961327
ERP44,0,3.7796338173824005,-1.4260589053700956
ESCO1,0,1.7749523509116738,0.13972476366661318
ESCO2,0,0.8754687373538999,-1.0
ESF1,0,3.0106208860477417,-0.9929105752136808
ESPNL,0,0.09531017980432487,0.5405683813627028
ESR1,0,0.33647223662121295,1.0
ESRP2,0,0.0,0.13750352374993502
ESRRA,0,1.8562979903656263,4.5593770905266835
ESYT1,0,6.053969752459379,-4.113445729113054
ESYT2,0,1.9315214116032138,2.3261037708585555
ETF1,0,3.3357695763397,0.7603914430870173
ETNK1,0,3.8110970868381857,-2.480328959530563
ETNK2,0,1.1631508098056809,1.1497471195046818
ETS1,0,3.8044377947482086,-0.29093538189793394
ETV3,0,1.9878743481543455,0.16772744573806625
ETV6,0,2.388762789235098,-0.5587309591479765
ETV7,0,2.990719731730447,-3.8292696984860446
EVC,0,0.09531017980432487,2.844349129539806
EVI5,0,2.5494451709255714,-1.0931094043914815
EXO1,0,0.6418538861723948,-0.6629650127224294
EXOC2,0,3.100092288878234,-0.8636785287872198
EXOC3,0,4.128745988939433,-1.118578121442092
EXOC5,0,2.0541237336955462,-0.3546648812993621
EXOC6,0,3.456316680883235,-2.022936811277159
EXOC7,0,4.395682961121367,-0.8024711982218791
EXOSC2,0,1.824549292051046,0.5215371205795226
EXT1,0,0.18232155679395465,2.5025003405291835
EXTL2,0,1.7227665977411035,0.8220016980220056
EXTL3,0,2.028148247292285,2.0466932354480414
EYA4,0,0.0,2.560714954474479
F11R,0,5.119190700650601,-3.6412699416231105
F2,0,0.0,0.13750352374993502
F2RL1,1,3.765840495250065,-2.973527788638809
F2RL2,0,2.424802725718295,-2.065291460251719
F3,0,0.4054651081081644,4.600904044590178
F8A2,0,0.9162907318741551,-0.058893689053568565
F8A3,0,0.9162907318741551,1.713695814843359
FAAP20,0,4.168214410788556,-0.3841056397269528
FABP3,0,0.33647223662121295,11.935717559359944
FADD,0,4.498697941477575,-3.3043826653157513
FADS1,0,3.7256934272366524,-0.8704190389433721
FADS6,0,0.9932517730102833,-1.2954558835261711
FAH,0,3.535145354171894,-0.728577808673487
FAHD1,0,3.594568774642695,-0.8212941130154776
FAIM,0,2.990719731730447,-1.4666996191013364
FAM102A,0,2.667228206581955,0.019899557437704798
FAM104A,0,4.542230386214217,-2.992338298291933
FAM110C,0,0.33647223662121295,1.5501970825604794
FAM111B,0,1.4586150226995167,-1.8413022539809418
FAM117B,0,2.312535423847214,-1.9033239805883262
FAM118A,0,2.6741486494265287,0.768458141569743
FAM120AOS,0,2.624668592163159,0.736965594166206
FAM136A,0,4.014579593753238,-1.3258396066577565
FAM13A,0,1.62924053973028,1.0418201756946273
FAM167A,0,0.7884573603642702,-0.8744691179161412
FAM171B,1,0.33647223662121295,0.7162070339994087
FAM174B,0,2.2925347571405443,0.17799830197799443
FAM177A1,0,4.845760650906022,-0.7621361699011121
FAM193A,0,1.4586150226995167,1.2741749634389945
FAM199X,0,0.832909122935104,1.7983661388303496
FAM200B,0,2.7788192719904172,-1.4240262825060985
FAM20B,0,0.9555114450274363,3.182203331220749
FAM210B,0,2.066862759472976,2.461090842558988
FAM216B,0,0.0,3.4195388915137843
FAM217B,0,2.4932054526026954,-0.2046177196084719
FAM222A,0,0.0,3.263034405833794
FAM229B,0,1.8870696490323797,3.3797721694596468
FAM241A,0,1.308332819650179,1.0943273825481532
FAM241B,0,2.9014215940827497,-1.2983412745697462
FAM3C,0,3.1612467120315646,1.4119776995297855
FAM53C,0,3.417726683613366,-0.7057709725626121
FAM76A,0,2.509599262378372,-0.20104751893809317
FAM81A,0,2.5416019934645457,-2.40372218605101
FAM81B,0,2.0412203288596382,0.10825289065202343
FAM83D,0,1.0986122886681098,-0.6589630821649332
FAM83F,0,0.4700036292457355,0.857980995127572
FAM83G,0,0.7419373447293773,3.075288127304237
FAM83H,0,0.0,0.8479969065549501
FAM89A,0,0.8754687373538999,2.222392421336448
FAM8A1,0,1.791759469228055,1.5193741590935794
FAM91A1,0,2.517696472610991,-0.6687940915246269
FAM9B,0,0.33647223662121295,-0.4854268271702417
FAM9C,0,0.5306282510621704,0.16046467219324612
FANCC,0,2.451005098112319,-1.6880559936852597
FANCD2,0,1.2809338454620642,-1.3625700793847084
FANCF,0,3.086486636822455,-2.315355440963876
FANCI,0,3.1484533605716547,-3.163746426513188
FANCL,0,1.9021075263969205,0.5338236517293552
FANCM,0,1.8870696490323797,-1.5208321633014408
FAS,0,4.625952725170619,-3.747839637434216
FASN,0,0.18232155679395465,4.20945336562895
FAT1,0,0.0,4.643856189774724
FAT3,0,0.0,0.2630344058337938
FAXC,0,0.0,0.8479969065549501
FBLN2,0,2.0412203288596382,5.205904298547879
FBN1,0,0.09531017980432487,4.429311630260962
FBXL18,0,1.7404661748405046,-1.078002512001273
FBXL20,0,3.4468078929142076,-2.8351891302543293
FBXO10,0,1.1314021114911006,0.6307661903342809
FBXO21,0,2.72785282839839,0.8406442402678749
FBXO22,1,3.2228678461377385,-1.545278799248674
FBXO25,0,2.91235066461494,-0.2197812078799097
FBXO27,0,0.9932517730102833,2.888968687611256
FBXO3,0,3.5667118201397288,0.36528446408174436
FBXO31,0,0.7419373447293773,3.146841388329271
FBXO33,0,1.6094379124341003,0.3103401206121505
FBXO36,0,0.8754687373538999,-0.12553088208385882
FBXO38,0,2.791165107812717,0.12700527673532008
FBXO4,1,3.0587070727153796,-1.803972282662952
FBXO45,0,0.9555114450274363,0.7914133781885824
FBXO47,0,0.0,0.0
FBXO5,0,2.0918640616783932,-1.584962500721156
FBXO7,0,5.532203014394148,-2.7257811209090264
FBXO8,0,3.417726683613366,-0.5044725828607883
FBXW2,0,2.028148247292285,0.4663180042225371
FBXW7,0,3.086486636822455,0.18521487246690765
FECH,0,2.1972245773362196,0.9510903995190534
FEM1A,0,1.7227665977411035,1.7004397181410922
FEM1B,0,1.6486586255873816,1.9506119730378364
FEN1,0,3.265759410767051,-1.8239696359085003
FERMT1,0,0.18232155679395465,0.5849625007211562
FERMT2,0,0.6418538861723948,5.107423582981227
FES,0,5.760792729372981,-3.989139007368233
FFAR1,0,0.6931471805599453,-1.0
FGD4,0,2.2192034840549946,-0.5693656456701375
FGF14,0,0.0,1.2630344058337937
FGF19,0,0.0,0.0
FGF2,0,0.0,2.5360529002402097
FGF9,0,0.26236426446749106,1.4694852833012202
FGFR2,0,1.3862943611198906,0.6780719051126377
FGG,0,0.0,1.070389327891398
FHDC1,0,0.26236426446749106,0.0
FHL2,0,1.8082887711792655,7.817979651920037
FIG4,0,3.254242968705492,-1.6244908649077936
FIGNL1,0,1.9740810260220096,-0.6463630453852997
FILIP1,0,0.18232155679395465,5.46216141139287
FKBP15,0,1.791759469228055,1.359895945086383
FKBP1A,0,7.050989447068045,-2.78872321617143
FKBP1B,0,1.33500106673234,0.658963082164933
FKBP8,0,4.550714000192032,1.325275769725563
FKRP,0,1.2237754316221157,2.2612653129807385
FLG2,0,0.09531017980432487,0.12553088208385882
FLI1,0,3.9982007016691985,-1.9608294027193223
FLNA,0,4.050044303325521,0.8822169854383379
FLNB,0,1.0296194171811583,1.7004397181410922
FLNC,0,0.0,9.264677165716249
FLOT1,0,5.754792395563946,-0.4695204362608809
FLOT2,0,6.032606490439157,-2.737427182729059
FLVCR1,0,0.9162907318741551,0.056583528366367514
FLYWCH2,0,3.66612246699132,-0.16808130145862415
FMN1,0,0.832909122935104,-0.35363695461470046
FMNL2,0,0.7884573603642702,2.517848304862619
FMNL3,0,1.8082887711792655,1.1136567817955674
FMO4,0,1.1314021114911006,0.9526942852216432
FN1,0,0.0,8.637711669476824
FNBP1,0,2.624668592163159,0.16759994849606835
FNBP1L,0,2.1162555148025524,1.2973859106245704
FNDC3A,0,1.7047480922384253,1.3985493764902748
FNDC3B,0,3.6609942506244004,-0.6669884059836213
FNIP1,0,2.8622008809294686,-0.8662486111111726
FOLR1,0,0.0,0.6780719051126377
FOS,0,6.2296937358402324,-0.0301559658984979
FOXA1,0,0.0,0.0
FOXC1,0,0.09531017980432487,3.720477471377637
FOXF2,0,0.0,0.765534746362977
FOXG1,0,0.0,0.0
FOXJ3,0,2.468099531471619,0.7897822926096542
FOXK2,0,1.0986122886681098,2.5443205162238103
FOXL1,0,0.0,1.6780719051126378
FOXM1,0,0.18232155679395465,0.32192809488736235
FOXN2,0,4.793308128103486,-3.7136480046980087
FOXN4,0,0.0,0.0
FOXO1,0,1.9315214116032138,1.0713846332367654
FOXO3,0,2.8154087194227095,0.17853813174702032
FOXP1,0,3.4873750779032076,-1.5076567745537075
FRAT2,0,4.084294226368599,-3.1268562795504264
FREM2,0,0.0,0.0
FRG1,0,3.484312288372662,-0.03131554046620832
FRMD7,0,0.0,0.13750352374993502
FRMD8,0,3.1822118404966093,-0.45345771759266423
FRS2,0,2.1400661634962708,0.0
FSCN1,0,1.1314021114911006,2.3945318438442023
FSTL1,0,2.5649493574615367,4.177917792195843
FSTL3,0,1.0647107369924282,5.3840021545667565
FTSJ1,0,3.7864597824528,-1.865771608282926
FUBP1,1,3.3978584803966405,-0.009682553397339226
FUBP3,0,1.5040773967762742,2.421036239900287
FUCA1,0,4.620058798481842,-2.2799048799916557
FUNDC2,0,1.4586150226995167,1.3550949588225618
FURIN,0,1.0986122886681098,4.2630344058337934
FUS,0,4.223909766576744,0.014710783375441058
FUT1,0,0.832909122935104,1.0310268956206246
FUT11,0,3.044522437723423,-1.056034034914328
FUT8,0,2.8094026953624973,-1.5676845092893208
FXN,0,4.139955073474153,-1.2124717075377553
FXR1,0,3.1780538303479458,2.2829339632714984
FYB1,0,7.4272631031309615,-8.992809621793521
FYCO1,0,1.2809338454620642,4.18322182405577
FYTTD1,0,4.185098925490565,-0.6837925273805809
FZD1,0,1.33500106673234,1.796466605914868
FZD4,0,0.09531017980432487,4.643856189774724
FZD5,0,0.09531017980432487,1.2410080995037946
FZD6,1,1.6094379124341003,0.9708536543404837
FZD7,0,0.09531017980432487,3.7597369018248643
FZD8,0,0.0,3.3645724322958563
G2E3,0,3.0587070727153796,-1.9273546981682343
G3BP1,0,5.665388086668889,-2.5266885990407735
G3BP2,0,4.4343818650078095,-0.8428718743770827
G6PC3,0,4.3294166844015844,-0.31765765750913405
G6PD,1,5.951683677096137,-4.107492720853446
GAB1,0,1.7404661748405046,2.395928676331139
GAB2,0,3.054001181677967,-0.5087519341010376
GABARAPL1,0,4.14946386144318,2.3561082544085643
GABPB1,0,3.822098297900159,-2.5506481361958215
GABPB2,1,1.0296194171811583,1.3625700793847084
GABRB1,0,0.0,2.169925001442312
GABRB3,0,0.0,2.608809242675524
GABRG2,0,1.7227665977411035,-1.7198920808072646
GAK,0,3.2188758248682006,-0.11403524324602943
GAL,0,0.18232155679395465,0.6629650127224292
GALM,0,4.241326752570746,-2.364053570560039
GALNT1,0,2.0149030205422647,1.4854268271702418
GALNT10,0,1.410986973710262,1.2571578394971248
GALNT12,1,0.4700036292457355,0.45943161863729726
GALNT14,0,2.2512917986064953,-2.8694158901898557
GALNT18,0,0.09531017980432487,4.622717422716574
GALNT3,0,3.9473901492654373,-5.109917692078035
GALNT6,0,3.407841924380824,-4.431049817267475
GALNT7,0,3.0155349008501706,-1.695145418471579
GANAB,0,3.4307561839036995,1.1057475024841774
GAPVD1,0,3.2733640101522705,-1.3439544012173612
GAREM2,0,0.4054651081081644,1.3785116232537298
GART,0,3.8088822465086327,-1.1027381055892582
GAS2L3,0,0.9162907318741551,-0.18442457113742725
GAS8,0,1.1314021114911006,2.321928094887362
GATA3,0,3.9589065913269965,-3.904139984592484
GATA4,0,0.0,6.414473836430928
GATA6,1,1.6094379124341003,3.1210154009613658
GATAD1,0,1.33500106673234,2.1271119179033393
GATB,0,3.086486636822455,0.6002523717457515
GATM,1,2.4932054526026954,2.2129937233341983
GCFC2,0,2.9601050959108397,-0.6976392739601369
GCH1,0,2.501435951739211,-2.123382415505282
GCLC,0,1.6486586255873816,1.691877704637668
GCSAM,0,2.580216829592325,-2.7964666059148677
GDAP1,0,1.8870696490323797,-1.0901978089715783
GDE1,0,3.9740583963475986,-0.032914622472735175
GDI2,0,6.105685691198005,-2.404352403473228
GEN1,0,0.9932517730102833,0.24511249783653138
GFM2,0,3.173878458937465,0.46982059882646926
GFPT1,0,2.33214389523559,1.2735014048848625
GGCT,0,3.5610460826040513,-1.3826160215864665
GGCX,0,3.580737295494233,-1.5336437234361762
GGPS1,0,4.0163830207523885,-1.2276007123392094
GHITM,0,6.348089489796672,-0.7005659657929677
GID4,0,1.5686159179138452,1.1565044856799906
GID8,0,2.797281334830153,-0.15787965978171928
GIGYF1,0,1.7047480922384253,2.045188773766255
GIMAP4,0,6.6551829169771155,-4.633308638486573
GIMAP7,0,7.856629360752312,-6.020023691203701
GINM1,0,3.4995332823830174,0.7967307390245197
GIPC1,0,2.5649493574615367,2.324145920137181
GJA1,0,0.0,7.356672044212097
GJB3,0,0.0,0.13750352374993502
GJB7,0,0.09531017980432487,0.0
GJD3,0,0.18232155679395465,1.4594316186372973
GK5,0,1.2809338454620642,-0.08246216019197299
GKAP1,0,1.0986122886681098,2.359895945086383
GLA,0,3.730501128804756,-1.989658055778541
GLB1L,0,2.0014800002101243,-1.2552570552420745
GLCCI1,0,1.1314021114911006,-0.5618788876081148
GLCE,0,1.1939224684724346,1.1053530001462286
GLG1,0,3.374168709274236,0.7701773731880637
GLI1,0,1.0647107369924282,0.0489096004809465
GLI2,0,0.0,1.6780719051126378
GLI3,0,0.0,1.3785116232537298
GLO1,0,4.119037174812473,0.49544558299523295
GLOD4,0,4.437934266612178,-1.3494744217730248
GLRA2,0,0.0,0.0
GLRX2,0,3.4404180948154366,0.23815973719476458
GLUL,0,6.490571777919774,-2.3797821219977418
GM2A,0,3.7184382563554808,-0.6585945306133341
GMEB1,0,2.388762789235098,-1.446256229889564
GMFB,1,2.8449093838194073,0.033166863935199374
GMPR,0,2.833213344056216,2.5462589713906723
GNA13,0,2.7013612129514133,-0.17477440110370823
GNAI1,1,2.624668592163159,-0.4503129740263745
GNAI2,0,4.9883896851489355,0.056886091161140705
GNAI3,0,4.075841090657541,-3.529698481858965
GNAT2,0,1.547562508716013,-1.306661338234052
GNB1,0,3.1822118404966093,2.3550677481728775
GNB1L,0,2.89591193827178,-2.329920885640893
GNB2,0,4.777441406928545,0.5288322733117342
GNG10,0,6.2466879918856035,-2.933114446479175
GNG5,0,6.781398090105615,-1.7050716932419256
GNL1,0,1.0647107369924282,2.4366397537640547
GNL3,0,3.730501128804756,-0.49445020781571375
GNL3L,0,3.2068032436339315,-1.6445864834075747
GNPDA2,0,2.580216829592325,0.4394216579058029
GNPNAT1,0,2.0541237336955462,-0.331205908475373
GNRH1,0,0.26236426446749106,2.691877704637668
GNRHR,0,0.09531017980432487,-0.13750352374993496
GOLGA1,0,2.2082744135228043,0.24709286196477254
GOLGA4,0,3.0301337002713233,1.5965318894332932
GOLGA6A,0,0.0,0.0
GOLGA7,0,5.655642099328266,-3.378007096219076
GOLGA8A,0,0.18232155679395465,1.7369655941662063
GOLGA8B,0,0.09531017980432487,3.862496476250065
GOLM1,0,1.667706820558076,1.3273619809379904
GOLPH3,0,3.005682604407159,0.9154357047415274
GON7,0,1.9878743481543455,1.0581029545635683
GOSR1,0,3.616308761279101,-1.023458972823989
GOSR2,0,4.471638793363569,-1.4377488520257664
GOT1,0,3.6216707044204863,3.7236928805598746
GP2,0,0.26236426446749106,2.489384840738925
GPAA1,0,4.565389315976247,-0.4551219867631272
GPAT4,0,3.091042453358316,-0.09485918634144117
GPBP1L1,0,3.7232808808312687,-0.0034889860798798843
GPC1,0,0.0,7.145677455195635
GPC4,1,0.0,3.1210154009613658
GPC5,0,0.33647223662121295,0.5849625007211564
GPCPD1,0,2.8390784635086144,0.033358596946430945
GPD2,0,1.4586150226995167,0.7030182622428686
GPHB5,0,0.0,0.0
GPHN,0,1.4350845252893227,2.0588936890535683
GPI,0,5.8090429853136945,0.24539652886742233
GPR137C,0,0.9162907318741551,-0.3219280948873623
GPR155,0,2.1162555148025524,-0.10825289065202341
GPR156,0,0.0,0.0
GPR157,0,0.7419373447293773,2.6737717676790123
GPR158,0,0.0,0.0
GPR161,0,0.18232155679395465,1.7369655941662063
GPR173,0,1.589235205116581,0.0
GPR180,0,0.8754687373538999,0.16992500144231265
GPR19,0,2.0014800002101243,-2.7500217469916524
GPR37,0,0.0,0.13750352374993502
GPR75,0,0.18232155679395465,0.5849625007211562
GPR83,0,0.33647223662121295,0.0
GPRIN1,0,0.0,0.48542682717024166
GPSM2,0,1.33500106673234,0.42449782852791007
GRB10,0,2.4069451083182885,1.6402123612866186
GRHL1,0,1.1631508098056809,0.0874628412503394
GRIA1,0,0.0,0.765534746362977
GRIN2A,0,0.0,1.9634741239748859
GRIN2B,0,0.0,0.0
GRINA,0,3.6216707044204863,2.0105692417101872
GRK2,0,3.6054978451748854,0.39827898101747733
GRK3,0,1.667706820558076,-0.4425182357009507
GRK6,0,4.3267781604434035,-2.445208417262224
GRM1,0,0.09531017980432487,1.7500217469916524
GRPEL2,0,2.7788192719904172,-0.8551834471482194
GRSF1,0,3.1945831322991562,1.6334121524228455
GSC,0,1.547562508716013,-1.7472339296200334
GSE1,0,1.4816045409242156,2.4170853279277025
GSK3B,0,2.0541237336955462,1.2614922410253884
GSKIP,0,4.216562194946349,-2.5471604680087716
GSPT1,0,2.4932054526026954,2.1227959143626203
GSS,0,3.8022081394209395,-0.8415706373955171
GSTM3,0,1.2237754316221157,2.252387161634285
GSTO1,0,6.742290839254605,-1.6577540634836263
GTF2B,0,4.617098756853365,-2.6431435718096856
GTF2E2,0,2.990719731730447,-0.2529203280695967
GTF2F1,0,3.720862499966987,-0.33685114592136256
GTF2H1,1,2.4932054526026954,0.3479233034203068
GTF2H2,0,1.547562508716013,-0.384663850235325
GTF3C3,0,2.2925347571405443,0.04306872189188593
GTF3C6,0,5.684599655239428,-1.7985579738204454
GTPBP4,0,2.970414465569701,-0.7369655941662062
GUCD1,0,3.9815490680767565,0.18657624199247622
GULP1,0,0.18232155679395465,2.34577483684173
GXYLT1,0,1.0296194171811583,0.4780472968046444
GXYLT2,0,0.4700036292457355,3.1395513523987937
GYS1,0,2.667228206581955,3.0062481476651772
GZF1,0,0.9555114450274363,2.310787537282162
H6PD,0,1.2237754316221157,2.504994196017741
HABP4,0,1.0647107369924282,3.2815703572712214
HACD2,0,1.33500106673234,1.5722514489716022
HACD3,0,3.616308761279101,-1.5849625007211563
HACD4,0,3.109060958860994,-3.7198920808072646
HACE1,0,0.832909122935104,0.8339900485610707
HADH,0,3.768152635008444,1.9747921069592378
HAND2,0,0.0,5.189824558880018
HARBI1,0,3.1354942159291497,-2.7580272096940357
HAS3,0,0.26236426446749106,0.38702312310924725
HASPIN,0,0.4054651081081644,-0.44745897697122117
HAUS3,0,2.580216829592325,-0.978304928900681
HAX1,0,5.535363823031238,-0.6265316201128982
HBEGF,0,1.1631508098056809,3.495855026887171
HBS1L,0,4.694096395182493,-1.1254108924766961
HCCS,0,4.212127597878484,-0.8062866546701128
HCN2,0,0.0,3.608809242675524
HCN3,0,0.0,1.1375035237499351
HCN4,0,0.0,3.1858665453113337
HDAC11,0,2.3608540011180215,1.5667002943284278
HDAC2,0,3.9531649487593215,-0.3562545780122611
HDAC4,0,3.871201010907891,-2.9761532580456325
HDAC5,0,3.095577608523707,1.2564915599670217
HDDC2,0,4.37449836825309,0.02342966613482248
HDGF,0,2.5572273113676265,3.1711670979812747
HDLBP,0,4.087655574071304,1.3844578245240302
HEATR3,0,0.6418538861723948,1.921997487998727
HEATR5A,0,4.804840381116659,-2.861530062208643
HEBP2,0,2.7536607123542622,2.2940938866906366
HECTD3,0,2.4765384001174837,0.5481257325407847
HECW2,0,1.7578579175523736,0.6014506235097252
HELLS,0,1.410986973710262,-1.450661409009565
HEPHL1,0,0.09531017980432487,-0.13750352374993496
HERC2,0,0.5306282510621704,2.2700891633677442
HERC4,0,2.468099531471619,0.2671040701428407
HERC5,0,3.3603753871419,-2.584962500721156
HERPUD1,0,6.8218705398249675,-3.353235257538212
HES1,0,2.8094026953624973,1.9581159189636914
HES6,0,1.8082887711792655,-0.12338241550528213
HESX1,0,1.0296194171811583,-0.4150374992788436
HEY1,0,2.066862759472976,1.5727361983878967
HHAT,0,1.547562508716013,-0.5101947323191841
HHIP,0,0.33647223662121295,-0.22239242133644782
HHIPL1,0,0.0,1.3219280948873624
HIBADH,1,3.2228678461377385,1.3816032715473106
HIC2,0,0.26236426446749106,0.9434164716336324
HID1,0,1.2809338454620642,1.8524428115861422
HIF1A,0,5.050496827521386,-2.104429083982158
HIF1AN,0,2.791165107812717,-0.3487281542310775
HIF3A,0,0.6418538861723948,4.860596943334584
HIGD1A,0,6.237152062857086,-0.7092116479342966
HILPDA,0,4.22683374526818,-0.2906771609029226
HINFP,0,2.9069010598473755,-1.5156998382840425
HINT2,0,5.512621969195042,-1.5318090780281017
HINT3,0,2.6026896854443837,1.0678426457810517
HIPK3,0,3.100092288878234,1.2499782530083476
HJURP,0,0.7884573603642702,-0.7589919004962052
HK2,0,3.966511190712216,-2.601450623509725
HLA-B,1,6.028037527338822,0.37725392951809633
HLA-DQA1,0,6.505036396541998,-4.98561265627353
HLA-E,0,7.562992886468862,-2.4756304171078582
HLTF,0,2.2192034840549946,1.0763508861301148
HM13,0,5.946205640702368,-2.7972016764226266
HMG20A,0,3.9180050771056933,-0.9971346663056104
HMGA1,0,4.489759334476764,-1.319501357492822
HMGA2,0,0.9162907318741551,-1.1844245711374273
HMGB2,0,6.688479239194416,-3.2622801118115903
HMGCLL1,0,0.0,1.4329594072761063
HMGCS1,0,1.5686159179138452,1.7813597135246595
HMGN1,1,5.69204721843778,-2.9376266332889553
HMGN2,0,7.268711047104344,-2.93809675661622
HMGXB4,0,3.5667118201397288,-2.297680548640685
HMMR,0,0.9162907318741551,-0.4739311883324124
HMOX1,0,5.805134968916488,-4.157808715126255
HMX3,0,0.9162907318741551,-1.3219280948873622
HNF1B,0,0.0,0.0
HNF4G,0,0.09531017980432487,-0.13750352374993496
HNRNPA0,0,1.7227665977411035,1.7240265384587081
HNRNPA1,0,7.199005976310943,-1.8180141459383414
HNRNPA1L2,0,2.379546134130174,-0.732519689135014
HNRNPA2B1,0,1.7578579175523736,6.276766173541444
HNRNPA3,0,3.7954891891721947,1.3760156104496597
HNRNPC,0,7.108898590016679,-2.2247540113888875
HNRNPD,0,3.427514689979529,1.9584208962486005
HNRNPDL,0,4.37197629882038,1.4895844526438977
HNRNPH1,0,4.517431271680085,-0.007896544294893183
HNRNPK,0,7.044294643120964,-2.085953351140474
HNRNPU,0,3.4781584227982836,1.4866984844062903
HOMER2,0,0.7419373447293773,3.3955851366126715
HOOK1,0,2.0412203288596382,-1.3125902303080261
HOOK3,0,1.9459101490553132,-0.08488889758651305
HOXA10,0,2.4595888418037104,-3.548436624696042
HOXA11,0,0.0,0.0
HOXA13,0,0.0,0.0
HOXA5,0,0.5877866649021191,-0.5849625007211563
HOXA9,0,2.533696813957432,-3.655351828612554
HOXB13,0,0.0,0.0
HOXB3,0,0.4700036292457355,1.930737337562886
HOXB9,0,0.0,0.0
HOXC13,0,0.0,0.0
HOXC4,0,0.09531017980432487,0.44745897697122117
HOXD1,0,0.0,0.13750352374993502
HOXD3,0,0.0,0.2630344058337938
HP1BP3,0,5.321056853517526,-1.4672089692290164
HPRT1,0,4.070734696582967,-1.252242349083008
HPS4,0,2.0794415416798357,-0.5940076403241632
HRH1,0,0.6418538861723948,0.3959286763311393
HRH4,0,5.36550861608836,-7.477758266443888
HS2ST1,0,1.824549292051046,0.154328146391294
HS3ST1,0,3.7727609380946383,-3.9575166686784864
HS3ST3B1,0,3.586292865338835,-3.9108925261660152
HSBP1,0,4.3254562831854875,-0.9848135961853238
HSD17B11,0,6.650537747334176,-5.181916301985398
HSD17B8,0,3.4372078191851885,-0.5942702429473841
HSD3B7,0,4.133565275375382,-2.331205908475373
HSDL1,0,3.100092288878234,-0.4545658634654813
HSP90AA1,0,5.547518452181536,0.7997850842135734
HSP90B1,0,5.780743515792329,-0.10958933821483725
HSPA12B,0,0.5877866649021191,4.029747343394052
HSPA13,0,3.186352633162641,-0.758991900496205
HSPA1A,0,2.066862759472976,6.828718981451407
HSPA1B,0,0.18232155679395465,9.178872298708445
HSPA2,0,0.7884573603642702,4.321928094887363
HSPA4,0,3.4111477125153233,0.5283154860276474
HSPA4L,0,0.7419373447293773,1.777607578663552
HSPBAP1,0,3.4531571205928664,-2.9462287435590198
HSPBP1,0,4.185098925490565,-0.5017685651947575
HSPD1,0,4.4520190064939165,0.7207325673098532
HSPH1,0,3.0301337002713233,1.4460643948994685
HUS1,0,2.970414465569701,-1.3405437730547094
HUWE1,0,1.824549292051046,3.180230009834051
HYI,0,3.4339872044851463,-0.561878887608115
HYLS1,0,3.068052935133617,-1.8902118544618884
IBA57,0,0.9555114450274363,0.6918777046376682
ICAM2,0,6.271366432240801,-2.4373825943102916
ICAM3,0,7.480879416942352,-7.195692493923819
ICOSLG,0,1.667706820558076,0.272079545436801
ID1,0,0.7419373447293773,7.079357791613284
ID2,0,6.948993186998382,-2.593989355762166
ID4,0,0.0,6.213347281733441
IDH1,0,4.26549281841793,-1.487048744194232
IDI1,0,4.4331949212482815,-1.763480112679521
IDNK,0,4.628886712605407,-3.955605880641547
IDS,0,5.572154032177765,-2.653487952098782
IER2,0,6.730062990571844,-3.2385663019546453
IER5,0,1.8718021769015913,2.101753498800733
IFFO2,0,2.6100697927420065,-1.415037499278844
IFI44,0,2.803360380906535,0.421580345145616
IFI6,0,6.234998788069926,-2.194301931576874
IFIT1,0,4.219507705176107,-1.5639008851933265
IFIT2,0,6.045952732392052,-5.68684211474037
IFIT3,0,6.195425279005418,-4.956256672929498
IFITM1,0,8.454423771163157,-3.712936539797693
IFITM3,0,8.121242675676658,-1.5352000194014639
IFNA1,0,0.0,0.0
IFNAR2,0,4.514150787600923,-2.7155299772607147
IFNB1,0,0.18232155679395465,-0.2630344058337938
IFNE,0,0.0,0.0
IFNG,0,2.028148247292285,-2.6629650127224296
IFNGR2,0,6.51025834052315,-3.8718951742523147
IFNLR1,0,2.517696472610991,-1.632268215499513
IFRD1,0,4.73356340075649,-1.8795535109878734
IFRD2,0,3.9908341858524357,0.3362569844632752
IFT46,0,2.501435951739211,0.8174555120265741
IFT52,0,3.380994674344636,-1.245476034449489
IFT80,0,0.8754687373538999,2.142957953842043
IGDCC4,0,0.0,0.8479969065549501
IGF1,0,1.2237754316221157,2.1979393776119087
IGF1R,0,1.667706820558076,0.9445048874082964
IGF2,0,0.0,6.490249210627085
IGF2R,0,1.6863989535702288,2.033015057227963
IGFBP3,0,3.910021002757473,1.7227288343890943
IGFBP5,0,0.0,7.234577959784565
IGFBP7,0,3.126760535960395,5.5677226269172575
IGLON5,0,0.09531017980432487,0.12553088208385882
IGSF3,0,0.0,3.292781749227846
IKZF2,0,1.9315214116032138,-1.301169534720565
IKZF3,0,3.3945083935113587,-4.312277924853643
IKZF4,0,1.0647107369924282,0.7858751946471527
IL10,0,0.9555114450274363,-0.3081222953623318
IL11,1,0.33647223662121295,0.09953567355091437
IL15,0,2.8678989020441064,-1.5525410230287788
IL17RA,0,2.791165107812717,-1.567368440706418
IL17RB,0,0.832909122935104,0.6463630453852995
IL17REL,0,0.0,0.0
IL1A,0,0.0,0.0
IL1R1,0,0.7419373447293773,4.772589503896928
IL1RAP,0,4.572646994282532,-4.3339007365534385
IL1RN,0,5.553734478412542,-6.246810444056852
IL21R,0,3.3357695763397,-4.046963478970587
IL27RA,0,3.299533727885655,-1.67275810521617
IL2RA,0,5.605802066295998,-7.23946593469539
IL2RB,0,5.220355825078324,-6.20945336562895
IL31RA,0,0.26236426446749106,-0.24100809950379493
IL6,0,1.824549292051046,3.1306120774174864
IL6R,0,4.504244267398131,-3.6107255967862377
IL6ST,0,3.169685580677429,0.7162070339994087
IL7,0,2.379546134130174,-2.8479969065549504
ILF3,0,3.2188758248682006,0.9530789526125074
ILK,0,6.039301876522142,-1.2975516195495296
ILVBL,0,3.4904285153900982,1.1402998323330342
IMMP2L,0,3.8753590210565547,-1.8254264949796222
IMP4,0,4.765586907393996,-1.6541848728548145
IMPA1,1,3.9415818076696905,-0.9916203343840267
IMPDH1,0,5.294811227218749,-3.0538353992305396
INCENP,0,0.7884573603642702,0.7500217469916524
INHBA,0,0.18232155679395465,2.3692338096657193
INIP,0,3.520460802488973,-2.0433274316641006
INO80,0,0.6418538861723948,2.0
INPP4A,0,1.5260563034950494,1.2446223687199136
INPP5F,0,2.312535423847214,-0.5921222922940222
INSIG1,0,6.223567839793664,-4.565928933767881
INSIG2,0,2.1633230256605382,0.08061846020828463
INTS1,0,1.308332819650179,2.6853643976789936
INTS6,0,2.2082744135228043,0.6721144498162384
IP6K1,0,3.5409593240373143,-1.081724397434454
IP6K2,0,5.072043922224899,-1.3795974449614503
IP6K3,0,0.0,4.8875252707415875
IPO8,0,1.3862943611198906,2.070389327891398
IPO9,0,2.7013612129514133,0.13838348415592208
IPP,0,1.7404661748405046,0.4525122046975067
IPPK,0,1.7227665977411035,0.6020360140800978
IQCB1,0,3.173878458937465,-1.21436628079753
IQCC,0,1.1939224684724346,-0.6520766965796929
IQCD,0,1.0647107369924282,-0.3344190390705594
IQCE,0,1.5686159179138452,0.6244908649077937
IQGAP1,0,4.516338972281476,-1.9858788917553472
IQGAP3,0,0.33647223662121295,0.0
IRAK1,0,1.3862943611198906,3.10013667128545
IRAK1BP1,0,0.7419373447293773,0.30812229536233193
IRAK4,0,2.8390784635086144,-1.4636562044990227
IREB2,0,1.6094379124341003,1.3785116232537298
IRF2BPL,0,2.4595888418037104,0.9625252945813373
IRF4,0,2.617395832834079,-2.850104569516941
IRGQ,0,1.3609765531356006,0.6918777046376682
IRS1,0,0.09531017980432487,2.398549376490275
IRS2,0,1.4586150226995167,1.6611980865482414
IRS4,0,0.0,0.0
IRX4,0,0.0,3.8875252707415875
ISG15,0,6.774223886357614,-3.999670278814497
ISG20,0,7.206673983359906,-6.4901422214883295
IST1,0,5.714392653768217,-2.61476932320412
ISY1-RAB43,0,0.5877866649021191,1.8524428115861422
ITGA1,0,0.0,3.4854268271702415
ITGA3,1,0.09531017980432487,3.649092838140872
ITGA4,0,4.951592753462473,-5.880603904088242
ITGA6,0,3.1570004211501135,0.28838998011068795
ITGA9,0,0.26236426446749106,3.971985623830403
ITGAV,0,0.9555114450274363,4.876989109894657
ITGB1,0,5.592105757431579,0.4679609464370048
ITGB3,0,2.066862759472976,-0.3265008246771866
ITGB4,0,1.7227665977411035,2.03184886603934
ITGB8,0,2.856470206220483,-2.1950159824051427
ITGBL1,0,0.0,4.224966365000275
ITIH4,0,0.33647223662121295,1.5501970825604794
ITPRIP,0,3.456316680883235,1.163336184252637
ITPRIPL2,0,0.9162907318741551,1.5459683691052926
ITSN1,0,1.8718021769015913,1.7055526415347446
IVNS1ABP,0,3.5263605246161616,-0.23446525363702297
IYD,0,1.0986122886681098,-1.0
JADE1,0,3.6082115510464816,-1.0276311189771905
JADE2,0,1.5260563034950494,1.465122730715153
JADE3,0,1.0296194171811583,0.5145731728297582
JAG1,0,0.4700036292457355,3.7142455176661224
JAK1,0,5.571393286610456,-2.426058905370096
JAK2,0,4.897839799950911,-2.445502780005895
JAKMIP2,0,2.1162555148025524,-2.567684509289321
JDP2,0,2.6602595372658615,1.440041505408738
JOSD1,0,1.5260563034950494,2.436439976011068
JPH2,0,0.0,6.381975478557301
JPT1,0,6.652475857637857,-5.042905077770053
JUNB,0,6.526055524424235,-0.8771130636784713
JUP,0,3.8110970868381857,1.646407375304057
KANK2,0,0.18232155679395465,7.344295907915817
KANSL1L,0,0.4700036292457355,2.700439718141092
KAT2A,0,0.4700036292457355,2.7548875021634687
KAT2B,0,1.252762968495368,3.3504972470841334
KAT6A,0,1.8082887711792655,0.6391182707680617
KAT7,0,3.005682604407159,0.38070750654050767
KATNAL1,0,2.1633230256605382,1.0727563424353144
KBTBD11,1,0.0,1.8073549220576042
KBTBD6,0,1.5260563034950494,0.6662626028230045
KBTBD8,0,2.0541237336955462,-0.7308133671846108
KCMF1,0,1.9459101490553132,2.635588573791124
KCNA7,0,0.5877866649021191,0.07800251200127316
KCNC3,0,0.09531017980432487,1.584962500721156
KCNC4,0,0.09531017980432487,2.1844245711374275
KCND1,0,0.18232155679395465,1.4594316186372973
KCNE1,0,1.33500106673234,1.658963082164933
KCNE4,0,0.4700036292457355,3.1292830169449664
KCNJ2,0,3.456316680883235,-1.5940935124732847
KCNJ3,0,0.6418538861723948,3.0281968918306523
KCNK12,0,0.09531017980432487,0.0
KCNMB1,0,1.9315214116032138,-0.4646682670034444
KCNMB4,0,0.4700036292457355,1.807354922057604
KCNN4,0,3.597312260588446,-4.189824558880018
KCNQ2,0,0.33647223662121295,-0.22239242133644782
KCNQ3,0,0.0,0.765534746362977
KCNQ5,0,0.5877866649021191,-0.5849625007211563
KCNS3,0,0.09531017980432487,2.7500217469916524
KCTD10,0,3.258096538021482,-0.09755530942267358
KCTD12,0,1.589235205116581,2.2244939439817357
KCTD15,0,1.9600947840472698,1.4575831942449289
KCTD21,0,2.2300144001592104,-0.38941169160334954
KCTD3,0,0.5306282510621704,3.0
KCTD5,0,4.169761201506855,-2.430731306383989
KDELR1,0,3.8394523125933104,1.0230836131130412
KDM1B,0,2.2617630984737906,-0.3561438102252753
KDM2A,0,1.5260563034950494,1.952171474909385
KDM2B,0,2.3513752571634776,-0.1596566659884852
KDM3A,0,2.884800712846709,0.2975439362604032
KDM4D,0,1.1631508098056809,-0.7520724865564148
KDM5A,0,4.189654742026425,-3.4594316186372973
KDM5B,0,3.8264651170664994,-2.7548875021634687
KDSR,0,3.3178157727231046,-0.39427893911204653
KHDRBS3,0,0.7884573603642702,2.321928094887362
KHK,0,2.2082744135228043,-1.92283213947754
KHSRP,0,1.7578579175523736,3.3465901491216314
KIAA0232,0,2.451005098112319,1.5127064116796458
KIAA0408,0,0.0,1.584962500721156
KIAA0513,0,3.261935314328648,-2.2999855420066853
KIAA0930,0,2.91235066461494,0.00781950445929945
KIAA1143,1,1.6094379124341003,1.070389327891398
KIAA1191,0,3.720862499966987,1.0345158817005045
KIAA1210,0,0.33647223662121295,-0.4854268271702417
KIAA1522,0,0.26236426446749106,2.206450877467426
KIAA1614,0,0.6931471805599453,2.0874628412503395
KIAA1671,0,1.0296194171811583,2.050626073069968
KIAA1958,0,0.5306282510621704,0.37196877738695794
KIDINS220,0,1.667706820558076,2.2436230993875728
KIF11,0,0.7419373447293773,-0.39231742277876036
KIF14,0,0.4700036292457355,-0.6780719051126377
KIF15,0,0.18232155679395465,-0.2630344058337938
KIF18A,1,1.6486586255873816,-2.37851162325373
KIF1C,0,0.7419373447293773,6.421463768438277
KIF20A,1,2.0412203288596382,-2.4594316186372973
KIF20B,0,2.8390784635086144,-3.1699250014423126
KIF21A,0,2.1162555148025524,1.2396704127682834
KIF23,0,1.7227665977411035,-1.807354922057604
KIF24,1,1.3862943611198906,-1.415037499278844
KIF2A,0,3.7727609380946383,-2.635588573791124
KIF2C,0,1.3609765531356006,-0.8259706002249508
KIF3A,0,4.238444906195857,-3.681824039973745
KIF4A,0,0.5306282510621704,-0.5025003405291831
KIF5B,0,3.955082494888593,0.7084959347484056
KIF5C,0,0.18232155679395465,0.415037499278844
KIF6,0,0.4700036292457355,-0.2995602818589078
KIT,0,2.8390784635086144,-2.2479275134435857
KLC2,0,1.4350845252893227,2.9341120643435428
KLF10,0,4.063885354737392,-0.8011710504342318
KLF13,0,3.3178157727231046,0.010416615945338423
KLF2,0,4.395682961121367,0.5138614337719637
KLF4,0,0.6931471805599453,3.9541963103868754
KLF5,0,3.2188758248682006,-2.5734668618833267
KLF6,0,5.974318388273011,-3.0014683920258873
KLHDC10,0,0.7419373447293773,2.747233929620033
KLHDC3,0,4.61015772749913,0.03964475279876843
KLHDC4,0,3.292126286607793,-1.4715495203694964
KLHDC8A,0,0.0,0.5849625007211562
KLHDC8B,0,3.3945083935113587,1.215459707174563
KLHL11,0,0.5877866649021191,0.6880559936852596
KLHL15,0,0.5877866649021191,1.2563397532597855
KLHL23,0,1.4816045409242156,0.9835118772114307
KLHL28,0,3.484312288372662,-2.704871964456353
KLHL3,0,0.6418538861723948,3.1614634226941165
KLHL42,0,1.0296194171811583,1.3824696368224132
KLHL7,0,4.225372824628505,-0.452068230223811
KLHL8,0,2.580216829592325,-1.2895066171949847
KLHL9,0,2.8678989020441064,-1.0331668639351994
KLK10,0,0.18232155679395465,0.8744691179161412
KLK12,0,0.0,0.0
KLK2,0,0.9555114450274363,-1.0
KLRC3,0,4.1666652238017265,-6.011227255423254
KLRD1,0,6.604621101971435,-8.095494703488683
KMT2A,0,1.1314021114911006,1.2356282484931418
KMT2B,0,1.252762968495368,1.3942789391120465
KMT2D,0,0.9162907318741551,1.84799690655495
KMT2E,0,5.457455587886334,-4.2411758970158635
KMT5A,0,1.667706820558076,1.715023041285529
KNCN,0,0.0,0.0
KNL1,0,0.5306282510621704,-0.6280312226130421
KPNA1,0,3.758871825933971,-1.058333310316327
KPNA4,0,2.151762203259462,1.4563782946597434
KPNA5,1,2.1633230256605382,-0.6880559936852595
KPNA6,0,2.388762789235098,1.0327155751433783
KPNB1,0,2.580216829592325,1.9972650322787613
KRAS,0,3.4995332823830174,-1.9956479754602927
KRBA2,0,2.4069451083182885,-0.5464883529065204
KREMEN1,0,1.7047480922384253,2.057844074572284
KRI1,0,2.833213344056216,-0.4093909361377018
KRT10,0,2.624668592163159,2.76029809799683
KRT14,0,0.0,2.1043366598147357
KRT18,0,4.354141431184346,-1.033770736655244
KRT7,0,0.6418538861723948,1.6100534816839867
KRT75,0,0.0,0.0
KRT8,0,1.0296194171811583,5.6834959546826935
KRTAP5-9,0,0.0,0.13750352374993502
KYAT3,0,2.8507065015037334,-0.539810464328781
L1CAM,0,0.4054651081081644,3.081794091163647
L2HGDH,0,2.272125885509337,-0.6930222465786091
LACTB,0,2.379546134130174,1.0588936890535683
LACTB2,0,2.9069010598473755,0.6986192825167231
LAMA5,0,0.09531017980432487,4.606657571820475
LAMB1,0,0.09531017980432487,5.5958508168638925
LAMC2,0,0.18232155679395465,1.7004397181410922
LAMC3,0,0.4700036292457355,0.3923174227787603
LAMP1,0,2.3513752571634776,3.237039197300849
LAMP3,0,1.8870696490323797,-2.4594316186372973
LAMTOR3,0,4.092676505121403,-1.2956748552258994
LAMTOR5,0,6.19072515795886,-0.8973549414527363
LARP1,0,1.916922612182061,2.8609043903343383
LARP1B,0,1.7227665977411035,1.123382415505282
LARP4,0,2.509599262378372,0.4062136488918377
LASP1,0,4.223909766576744,-0.7682833418351701
LATS2,0,0.6418538861723948,2.670935723831009
LAX1,0,2.5649493574615367,-3.321928094887362
LBR,0,5.360352757467489,-4.32736198093799
LBX2,0,1.1631508098056809,-1.2995602818589078
LCA5,0,0.0,1.722466024471091
LCA5L,0,0.0,0.48542682717024166
LCLAT1,0,2.8154087194227095,-0.5010612431122109
LCN10,0,2.0149030205422647,0.24691474047051698
LCOR,0,2.9014215940827497,-1.9842326841416835
LCP1,0,8.200205884571867,-7.92350576833181
LDHAL6A,0,0.4700036292457355,-0.5405683813627028
LDHB,0,7.4551249599287415,0.12204240118239622
LDLR,0,3.8543938925915096,-1.2605912299054651
LEAP2,0,0.9555114450274363,-0.3081222953623318
LEFTY1,0,2.884800712846709,-3.6764608552066522
LEMD3,1,1.1314021114911006,1.3495844377902277
LEPROTL1,0,5.859645972487134,-3.374730844477354
LETM1,0,2.617395832834079,0.538592537583122
LFNG,0,2.624668592163159,-0.02106161552782974
LGALS1,0,8.450412157725886,-1.7880360734690692
LGALS3BP,0,4.242764567340374,2.114041461745735
LGMN,0,5.349010480863555,-1.3315598572114198
LHFPL2,0,2.1972245773362196,0.5081469036703253
LHFPL4,0,0.09531017980432487,-0.13750352374993496
LHFPL5,0,1.4586150226995167,-1.3388019134517586
LHFPL6,0,1.9740810260220096,3.7608123361205736
LHX4,0,0.0,0.48542682717024166
LIF,0,0.09531017980432487,4.087462841250339
LIFR,0,0.0,4.336283387864432
LILRA2,0,3.4904285153900982,-3.5501970825604796
LIMA1,0,2.797281334830153,0.9553309506662718
LIMCH1,0,0.832909122935104,5.348343281602174
LIMD1,0,1.9021075263969205,0.6204113367254459
LIMD2,0,7.677029819929633,-7.683295427190413
LIMS1,0,5.312713246831769,-2.502737372492403
LIN28A,0,0.33647223662121295,-0.4854268271702417
LIN28B,0,0.26236426446749106,-0.37851162325372995
LIN52,0,2.8903717578961645,-0.9840584561309785
LIN7C,0,2.91235066461494,-1.4791678366985594
LIN9,0,1.62924053973028,1.3828570935296942
LINS1,0,3.5890591188317256,-3.177917792195843
LIPA,0,5.8771754007058545,-3.8701625623574185
LIPC,0,1.0296194171811583,-0.9004643264490856
LITAF,0,7.858717932387569,-5.36504073479645
LLGL1,0,0.09531017980432487,2.844349129539806
LLPH,0,3.8877303128591016,-1.0542203909978864
LMAN1,0,2.3978952727983707,1.9363167095417366
LMAN2,0,6.716231511423383,-3.4957021515960216
LMBR1L,0,3.9684033388642534,-2.1163865745511394
LMLN,0,0.4054651081081644,1.485426827170242
LMNB1,0,2.791165107812717,-2.7637656535099215
LMNB2,0,1.5040773967762742,1.3155018257279294
LMOD3,0,0.9555114450274363,5.380377809467235
LNPEP,0,2.509599262378372,0.034765418160676624
LNPK,0,2.186051276738094,0.5242665690336022
LONP1,0,1.7227665977411035,3.7337416932919196
LONP2,1,2.631888840136646,0.7012378896916803
LONRF1,0,0.4700036292457355,1.8328900141647417
LONRF2,0,0.18232155679395465,2.584962500721156
LOX,0,0.0,4.590961241342599
LOXL2,0,0.5877866649021191,2.6502539609728752
LPCAT1,0,0.7419373447293773,2.0
LPIN1,0,2.667228206581955,0.502500340529183
LPIN2,0,3.4965075614664802,-2.0264722113611913
LPIN3,0,1.1939224684724346,2.471305718925589
LPP,0,2.9856819377004897,-0.31647366479525435
LRAT,0,1.1631508098056809,-1.5405683813627027
LRBA,0,2.1400661634962708,0.34549656602576695
LRCH3,0,3.6888794541139363,-1.4054514504496458
LRIG1,1,0.7419373447293773,4.123382415505282
LRIG3,0,0.0,2.608809242675524
LRP1,0,1.667706820558076,2.735603918707981
LRP11,0,0.26236426446749106,3.1324502960236495
LRP2BP,0,0.4054651081081644,1.584962500721156
LRP3,0,0.4700036292457355,3.607330313749611
LRP5,0,0.4054651081081644,4.564784618783526
LRP8,0,0.832909122935104,-0.06413033741971541
LRPPRC,0,2.9806186357439426,0.7133385352375485
LRRC20,0,0.6931471805599453,4.336283387864432
LRRC31,0,0.0,0.0
LRRC3C,0,0.09531017980432487,0.12553088208385882
LRRC4,0,2.6461747973841225,-2.0102683354538273
LRRC58,0,1.5040773967762742,0.48542682717024166
LRRC59,0,3.367295829986474,0.18203468372030693
LRRC8A,0,1.589235205116581,2.707218250772154
LRRC8B,1,0.6931471805599453,0.722466024471091
LRRC8C,0,2.509599262378372,-0.8132314883942735
LRRC8D,0,2.91235066461494,-1.1485225247100879
LRRCC1,0,0.7419373447293773,1.2515387669959643
LRRFIP1,0,5.800304041646823,-2.2700377935715563
LRRFIP2,0,3.5524868292083815,1.0920755848983792
LRTM1,0,0.4054651081081644,-0.44745897697122117
LRTM2,0,0.0,0.0
LRWD1,0,2.5572273113676265,-0.31078753728216196
LSM12,0,4.398146016553765,-1.8279077539780837
LSM14A,0,2.995732273553991,0.8559896973084807
LSM14B,0,1.1939224684724346,3.50635266602479
LSM4,0,5.8886009116487426,-1.7702595157832068
LSS,0,1.791759469228055,2.0761029790857917
LTA4H,0,6.551651600411697,-4.31453174979626
LTV1,0,3.6136169696133895,-0.9578465485850547
LUC7L,0,2.667228206581955,1.2137792910317398
LUC7L3,0,4.231203744939298,0.5452787992486742
LUZP1,0,3.703768066607687,-1.5054645804067868
LUZP2,0,0.18232155679395465,-0.12553088208385882
LY75,0,1.824549292051046,-1.632268215499513
LY75-CD302,0,2.1162555148025524,-2.7900769306257684
LYN,0,4.183575695950044,-3.4033556942312084
LYPD5,0,0.6418538861723948,0.3959286763311393
LYPD6,0,0.0,0.6780719051126377
LYPLA1,0,4.72384171570559,-1.4752130143082425
LYPLA2,0,4.838660029356445,-1.6373030066023762
LYPLAL1,0,1.4586150226995167,3.0735811323811078
LYRM2,1,3.5610460826040513,-0.9836981876708997
LYRM4,0,3.56953269648137,-0.7781882568927192
LYRM7,1,3.1612467120315646,-0.8939583625896756
LYSMD3,0,4.00369019395397,-2.1207521594606105
LZIC,0,3.7232808808312687,-0.4840335918703753
LZTFL1,0,1.3862943611198906,0.10433665981473553
MACF1,0,2.151762203259462,3.8475308445121668
MACROD1,0,0.33647223662121295,6.284080464266003
MAD2L1,1,0.832909122935104,-0.6166713604484944
MAFF,0,3.214867803470662,1.0898466173824808
MAFG,0,2.5877640352277083,0.5145731728297582
MAFK,0,0.9162907318741551,4.980025300238734
MAGEA12,0,0.0,0.0
MAGEB3,0,0.0,0.0
MAGI2,0,0.5877866649021191,0.9593580155026541
MAGI3,0,0.18232155679395465,1.7725895038969275
MAGT1,0,3.481240089335692,0.2141248053528476
MAL2,0,0.0,1.584962500721156
MALT1,0,0.9932517730102833,1.1993088082234067
MAN1B1,0,3.632309102625542,-0.8548832921401899
MAN2A2,0,2.2823823856765264,2.078777113384117
MANF,0,4.7086288943563215,-1.134904072522553
MAP1LC3B,0,5.749711406544601,-1.6512239429898778
MAP2K1,0,2.653241964607215,1.5084643632471129
MAP2K4,0,2.4423470353692043,0.5032381032867024
MAP2K6,0,4.375757021660286,-5.049848549450561
MAP2K7,0,0.9162907318741551,3.077242998932461
MAP3K1,0,1.9878743481543455,-0.6979714625503425
MAP3K11,0,2.91235066461494,1.5153570332352897
MAP3K2,0,2.2300144001592104,-0.4306343543298623
MAP3K21,0,0.9555114450274363,-0.8930847960834881
MAP3K3,0,3.265759410767051,0.6283550962345369
MAP3K8,0,3.9926809084456005,-1.519906617132799
MAP3K9,0,0.26236426446749106,0.20645087746742624
MAP4K2,0,2.827313621929028,-1.7004397181410922
MAP6D1,0,0.26236426446749106,1.0544477840223765
MAP7D1,0,0.8754687373538999,5.636624620543649
MAPK1,0,2.8678989020441064,1.2444719548073662
MAPK11,0,0.09531017980432487,4.133025418630783
MAPK14,0,4.3694478524670215,-1.5922858415270151
MAPK1IP1L,0,3.8110970868381857,-0.44949155560797005
MAPK3,0,3.9160150266976834,0.3571313733771753
MAPK7,0,2.4595888418037104,-0.7410817026384381
MAPK8,0,1.1314021114911006,1.3495844377902277
MAPK9,0,2.8507065015037334,0.5765990277865295
MAPKAP1,0,2.995732273553991,1.7761039880731644
MAPKAPK5,0,2.2823823856765264,0.8115549105868896
MAPRE1,0,5.574432802628352,-2.2042633182296623
MARCKS,0,2.9856819377004897,-0.08246216019197299
MARCKSL1,0,5.537727890326118,-2.229031618699483
MARK4,0,0.4054651081081644,3.341036917835067
MARVELD1,0,1.4350845252893227,2.5734668618833267
MASP1,0,0.0,6.8189016758856384
MAST3,0,3.535145354171894,-2.8985028101157995
MAST4,0,2.785011242238338,0.8696033627443251
MASTL,0,1.1939224684724346,0.04306872189188593
MAT2A,0,3.520460802488973,2.44930740136359
MAT2B,0,6.562867732759577,-3.260714272803648
MATR3,0,5.241747015059643,-0.7967076778580956
MAZ,0,4.1713056033582285,0.171902650882755
MB21D2,0,1.6486586255873816,-0.08572987402588397
MBD2,0,1.791759469228055,1.359895945086383
MBD4,0,4.769836807543325,-2.208994566120905
MBD6,0,2.6878474937846906,0.8226954681920903
MBNL1,0,4.620058798481842,-0.7228214118459363
MBNL2,0,3.3775875160230218,0.3288051016347648
MBNL3,0,3.1822118404966093,-1.2263888090467434
MCAM,0,0.26236426446749106,6.464467208534596
MCCC2,0,2.681021528714291,1.881637803676607
MCL1,0,4.678420647727684,0.3358054016881078
MCM10,0,0.6418538861723948,-0.7884958948062882
MCM2,0,2.501435951739211,-0.7608123361205736
MCM3,0,4.28771595520264,-1.5134412033398381
MCM4,0,2.4423470353692043,0.3833286395515057
MCM5,0,4.859036909945142,-3.7470740476404947
MCM6,0,2.8390784635086144,-1.4871151773230118
MCM7,0,2.9069010598473755,-0.07275634243531441
MCM8,0,0.6931471805599453,1.0356239097307212
MCM9,0,1.7578579175523736,-0.43171624042547413
MCRIP2,0,2.747270914255491,1.606381484356062
MCTS1,0,2.2407096892759584,1.8029631529404462
MDC1,0,1.4350845252893227,1.2515387669959643
MDH2,0,5.17558460116574,1.0117771677763534
MDM2,0,3.086486636822455,-1.526859546157588
MDM4,0,1.62924053973028,1.234465253637023
ME2,0,3.2846635654062037,0.733719934662552
MEAF6,0,4.825910852685991,-2.2674374621431164
MECP2,0,3.8979240810486444,-1.0689268898129116
MECR,0,1.6094379124341003,2.321928094887362
MED1,0,1.1631508098056809,1.6865005271832183
MED13,0,1.6094379124341003,0.925999418556223
MED17,0,2.2300144001592104,-1.7842713089445628
MED18,0,1.8082887711792655,0.3546648812993622
MED21,1,4.034240638152395,-1.1477536204436922
MED22,0,1.2809338454620642,2.643856189774725
MED23,0,2.631888840136646,-0.9291165138434904
MED28,0,2.2925347571405443,-0.4594316186372972
MED29,0,4.3694478524670215,-1.7008963394586842
MED7,0,3.7376696182833684,-1.959358015502654
MED8,0,4.062165663857866,-1.4681488357384063
MEF2A,0,3.1612467120315646,1.9644142967294942
MEF2D,0,1.8718021769015913,3.0544477840223765
MEGF9,0,3.265759410767051,-1.8634980000951378
MEI1,0,4.067315889834181,-4.9418970454364315
MEIS2,0,0.4054651081081644,3.081794091163647
MELTF,0,0.5877866649021191,2.187627003175771
MEPCE,0,2.3513752571634776,1.3625700793847084
MEST,0,3.2268439945173775,-1.6022404921529916
MET,0,0.09531017980432487,2.669851398307669
METTL27,0,2.0014800002101243,-2.1219905243786106
METTL2A,0,1.2237754316221157,0.4360991148066733
METTL2B,0,1.308332819650179,1.2334901302197783
METTL7A,0,4.562262684976814,-1.7745988287912138
METTL9,0,4.724729421045731,-1.6994799475939601
MEX3B,0,0.09531017980432487,1.710493382805015
MEX3C,0,2.379546134130174,0.07800251200127316
MFAP3,0,2.5649493574615367,0.16745674585156273
MFAP5,0,1.3862943611198906,3.7441610955704103
MFHAS1,0,0.832909122935104,1.685891409571937
MFN2,0,2.9601050959108397,3.762343307082516
MFSD10,0,4.775756486563625,-2.15119236285845
MFSD13A,0,1.7047480922384253,-0.4238077089065761
MFSD14A,0,4.564348191467836,-2.27026597506487
MFSD14B,0,2.2512917986064953,1.1305841098101443
MFSD4B,0,1.6486586255873816,-1.308122295362332
MFSD9,0,0.9162907318741551,-0.12029423371771193
MGAT1,0,5.463407986413629,-1.2238201256003054
MGAT2,0,3.919991175077323,-2.04654258593703
MGAT5,0,1.547562508716013,3.041600904466773
MGLL,0,4.449685283147696,0.2127293239857284
MGRN1,0,2.8507065015037334,0.6421873694141063
MIA3,0,3.6270040503958487,-0.8472297195967546
MIB1,0,0.5306282510621704,2.0
MICALL1,0,0.4700036292457355,2.8328900141647417
MID1IP1,0,2.8154087194227095,1.2310055516411562
MIER1,0,3.7999735016195233,-1.8972404255747992
MIER3,0,1.0986122886681098,0.9757524537533229
MIF,0,7.499257255779882,-2.6785670755543096
MIGA1,0,1.4816045409242156,0.6490928381408717
MINDY2,0,1.3609765531356006,1.5474877953024935
MINK1,0,1.3609765531356006,2.027480736422107
MINPP1,0,2.91235066461494,-1.4791678366985594
MIOX,0,0.5877866649021191,-0.84799690655495
MIPOL1,0,0.9162907318741551,0.5655971758542251
MIS12,0,2.8390784635086144,-0.7174127967448057
MIS18BP1,0,4.194189897191817,-3.81827620843495
MITF,0,2.424802725718295,1.460591807715415
MIXL1,0,3.912023005428146,-5.380821783940931
MKI67,0,0.09531017980432487,0.2410080995037947
MKLN1,0,2.3513752571634776,-0.1292830169449665
MKNK2,0,3.758871825933971,0.3346509463272697
MKRN1,0,4.6210435351443815,-0.6826229973438245
MKRN3,0,1.1939224684724346,-1.584962500721156
MLEC,0,2.975529566236472,1.7206805105787164
MLF2,0,6.275138598162224,-1.5855057863765651
MLH1,0,3.417726683613366,0.20676618618704873
MLLT11,0,2.312535423847214,1.9040309414692778
MLLT3,0,2.856470206220483,-0.8579809951275721
MLX,0,4.530446639792155,-0.7625839723350155
MLXIP,0,1.547562508716013,2.328054197684204
MMAB,0,2.9338568698359038,0.6742298388182435
MMADHC,0,5.220896219579452,-0.7390455297088641
MMD,0,2.917770732084279,-1.3614564590739997
MME,0,4.948050418904635,-4.760016178168544
MMP1,0,0.18232155679395465,0.22239242133644802
MMP11,0,1.7047480922384253,0.5405683813627028
MMP12,0,0.0,0.0
MMP13,0,0.4700036292457355,-0.6780719051126377
MMP14,0,0.0,5.354028938054387
MMP2,0,0.0,7.692092375427572
MMP20,0,0.0,0.0
MMP26,0,0.09531017980432487,-0.13750352374993496
MMS22L,1,0.9555114450274363,-0.7004397181410921
MNS1,0,0.0,1.765534746362977
MOAP1,0,3.9982007016691985,0.00791966329623809
MOB1B,0,1.1314021114911006,1.5693656456701375
MOB3A,0,5.620763118936109,-4.173587329895417
MOB3B,0,1.3609765531356006,-0.7618402628052354
MOB4,0,3.250374491927572,0.657657728842993
MOBP,0,0.0,0.2630344058337938
MOGAT1,0,0.5306282510621704,-0.28010791919273537
MOGAT3,0,0.5877866649021191,-0.710493382805015
MON1B,0,3.122364924487357,-1.032132620940809
MON2,0,1.6863989535702288,0.39485961734121333
MORC2,0,2.8622008809294686,0.16349873228287956
MORF4L1,0,5.767383056065796,0.2673900549895216
MOSPD3,0,4.065602093356446,-1.8927313243088695
MOV10,0,2.6461747973841225,-1.2088140148359074
MPDU1,0,4.3067641501733345,-1.8348356584797112
MPL,0,1.0296194171811583,-0.4854268271702417
MPLKIP,0,3.054001181677967,-2.8210298589546805
MPRIP,0,4.127134385045092,1.9454627159905675
MPV17,0,4.801558999993482,-0.6697975151337142
MPZL1,0,5.225208894727398,-1.8462905846045468
MR1,0,3.770459441106359,-2.494764691749578
MRC2,0,0.09531017980432487,5.34469940254602
MRE11,0,2.533696813957432,-1.1192989283723445
MREG,0,1.1314021114911006,-0.8667334691365359
MRFAP1,0,5.31762967758041,0.3101346881605063
MRI1,0,1.4586150226995167,1.6505508423487332
MRO,0,0.18232155679395465,1.7004397181410922
MRPL10,0,4.136765278106052,-0.13014751015422893
MRPL13,1,4.650143551630823,-1.4608115279159937
MRPL17,0,4.1713056033582285,-1.1549746599763406
MRPL18,0,5.267858159063328,-1.6135019069350827
MRPL19,0,3.586292865338835,-0.057063174308910024
MRPL38,0,4.747537427275013,-1.1796549515760766
MRPL4,0,4.4343818650078095,-0.03990872143663611
MRPL43,0,4.625952725170619,-0.6715866042590606
MRPL44,0,4.063885354737392,-0.7882705617264253
MRPL50,1,3.186352633162641,-0.6900445467787135
MRPL52,0,5.0795392727434665,0.22866307093913457
MRPS10,1,3.655839600035736,0.24616058726939752
MRPS16,1,3.885679030088544,-0.06049922237268016
MRPS21,0,4.922896379788249,-0.9443860247890005
MRPS23,0,4.229749199228304,0.29864124235144646
MRPS25,0,4.194189897191817,0.010839232361464436
MRPS27,0,3.756538102587751,0.29195601513630337
MRS2,0,3.250374491927572,0.2461605872693978
MRTO4,0,3.190476350346503,-0.6959938131099002
MSANTD4,0,2.2082744135228043,0.8231222379159209
MSC,0,3.288401887516811,-0.40787770770597775
MSH2,0,2.7212954278522306,-0.5064605270424385
MSH3,1,1.7578579175523736,0.0
MSH6,0,2.341805806147327,-0.14585086646345477
MSMO1,0,3.728100167267218,-1.1381972939200198
MSN,0,6.497076603821085,-2.3868892613563433
MSRB1,0,8.032490051795818,-6.036917546087746
MSRB3,0,3.756538102587751,1.048066658569213
MST1R,0,0.09531017980432487,0.8624964762500651
MSX1,0,0.33647223662121295,2.9740047914670558
MT1F,0,4.505349850705881,-3.429456559191807
MT1X,0,4.603168183317418,1.9212745137711744
MT4,0,0.0,0.0
MTA1,0,0.6418538861723948,4.355698831542607
MTAP,0,2.2512917986064953,-0.3030690676360465
MTCH2,0,3.8066624897703196,-0.14844527403186078
MTDH,0,4.7318028369214575,-1.676801367786233
MTERF3,0,3.696351468952637,-0.5305147166987798
MTF1,0,1.9459101490553132,-0.9198296513160167
MTF2,0,2.5494451709255714,-1.2995602818589078
MTFR1L,0,4.727387818712341,0.5435177824238047
MTG2,0,2.388762789235098,0.3086312722739044
MTHFD1,0,3.265759410767051,0.10100331868347606
MTHFD2,0,4.062165663857866,-1.5385381636298043
MTHFS,0,4.867534450455582,-2.744383065728689
MTMR12,0,2.1400661634962708,0.20531890797750663
MTMR14,0,5.186826990514674,-2.382872905879096
MTMR3,0,2.9391619220655967,-0.39231742277876014
MTMR4,0,1.8562979903656263,0.7681843247769263
MTMR9,0,0.7419373447293773,1.9827220085681645
MTO1,0,2.5649493574615367,-0.5305147166987798
MTOR,0,0.9555114450274363,1.9719856238304032
MTPAP,0,3.58351893845611,-1.921997487998727
MTPN,0,5.205104984825858,-1.2728865305333863
MTR,0,1.1939224684724346,2.231730285915784
MTRF1L,0,2.4336133554004498,0.07400058144377678
MTSS1,0,5.139907629800395,-3.286036231195409
MTTP,0,0.0,0.925999418556223
MTUS1,0,1.0296194171811583,4.893084796083488
MTX1,0,4.751000634199631,-2.368818227049886
MTX3,0,0.5877866649021191,2.2394659346953896
MUC1,0,0.7884573603642702,1.2684888359259017
MUC17,0,0.0,0.0
MUC19,0,0.0,0.0
MUC4,0,0.0,0.0
MX2,0,5.030437921392435,-4.275535189402911
MXD1,0,6.214007918350159,-5.794993406406213
MXD4,0,2.1041341542702074,2.134301091711591
MXI1,0,2.379546134130174,2.518908097050796
MYB,0,1.840549633397487,-2.517848304862619
MYBL1,0,1.0647107369924282,0.5682837595745259
MYBL2,0,4.529368472571809,-6.049070606567927
MYBPC1,0,0.09531017980432487,1.3479233034203066
MYC,0,5.296816240421769,-2.1498374262269353
MYCBP,0,4.45898767581001,-3.231325546106456
MYCN,0,0.0,0.925999418556223
MYEF2,0,0.33647223662121295,2.762500686273344
MYH11,0,0.33647223662121295,5.710314466076208
MYH9,0,4.018183201256536,1.4976077710554818
MYLIP,0,2.341805806147327,0.4992326266952721
MYLK,0,2.667228206581955,1.3575520046180838
MYLK3,0,0.33647223662121295,6.16849304594918
MYLK4,0,0.09531017980432487,1.1255308820838588
MYO18A,0,0.4700036292457355,5.867278739709662
MYO19,0,0.8754687373538999,1.415037499278844
MYO1A,0,0.4700036292457355,-0.6780719051126377
MYO1B,0,0.4054651081081644,3.700439718141092
MYO3B,0,0.18232155679395465,-0.2630344058337938
MYO5A,0,2.4069451083182885,-0.8402195559632306
MYO6,0,1.8562979903656263,-0.09310940439148147
MYOCD,0,0.0,3.877744249949002
MYPN,0,1.6863989535702288,3.6309748984779926
MYRF,0,0.09531017980432487,1.584962500721156
MZT1,0,2.8449093838194073,-0.4489848312021815
N4BP2,0,2.1162555148025524,-1.9827220085681645
NAA15,0,1.9021075263969205,0.9225954963143934
NAA16,0,1.7578579175523736,-0.7705181538772329
NAA20,0,4.6210435351443815,-0.7478933546102089
NAA25,0,1.6486586255873816,0.29956028185890793
NAA30,0,1.33500106673234,1.9517448313927788
NAA50,0,3.9721769282478934,-0.4865140126330621
NAB1,0,1.5686159179138452,2.569855608330948
NAB2,0,1.3862943611198906,2.37851162325373
NABP2,0,3.775057150354989,-0.8855412754150852
NACC2,0,1.308332819650179,2.208399149256948
NAGK,0,6.389233448581676,-4.245022757346409
NAGPA,0,3.9435216724875173,-3.057030945036379
NAIF1,0,0.9162907318741551,0.21412480535284734
NAIP,0,2.2300144001592104,-1.291231297664446
NALCN,0,1.252762968495368,0.2630344058337938
NANOG,1,0.9932517730102833,-1.4329594072761063
NAP1L1,0,6.602859225795668,-1.3410369178350672
NAPG,0,2.7212954278522306,0.41028396930820926
NASP,0,3.1570004211501135,1.0978976432405272
NAT10,0,2.803360380906535,-0.02647221136119107
NAT14,0,0.33647223662121295,3.123382415505282
NAT8L,0,0.6418538861723948,-0.07800251200127305
NAV1,0,1.4816045409242156,2.5794873706550048
NBL1,0,0.5877866649021191,6.012469351962216
NBN,0,3.214867803470662,-1.0411386947934864
NBPF11,0,1.2237754316221157,0.12199052437861055
NBPF12,0,1.589235205116581,-0.1884450894131105
NBPF15,0,1.589235205116581,1.514573172829758
NCAM1,0,4.005513348515485,1.3689794782343174
NCAM2,0,0.0,1.5360529002402097
NCAPD2,0,2.4765384001174837,-0.5197783319610186
NCAPD3,0,1.4350845252893227,0.33560303178443884
NCAPG,0,0.4700036292457355,-0.41503749927884404
NCAPG2,0,2.1400661634962708,-1.1614634226941163
NCAPH,0,1.9740810260220096,-2.3625700793847084
NCBP1,0,2.7013612129514133,-0.2418885969622451
NCBP2,0,4.055257173514054,-0.8870252897832341
NCBP3,0,1.4350845252893227,1.2658940599730344
NCDN,0,1.5686159179138452,2.279223643933124
NCEH1,0,2.9391619220655967,-0.36257007938470825
NCKAP1,0,0.18232155679395465,5.853829351857105
NCKIPSD,0,1.824549292051046,2.5888355098683626
NCLN,0,2.9856819377004897,0.5050697001413164
NCOA3,0,2.33214389523559,0.4324405455402889
NCOA7,0,3.5467396869528134,-1.0724696383324452
NCOR1,0,6.013959624935353,-4.297798103746954
NCOR2,0,1.9600947840472698,2.9769573533385083
NCS1,0,0.09531017980432487,3.573991382900153
NCSTN,0,4.312140507209715,-0.6944088798258996
NDC1,1,1.840549633397487,-0.22239242133644782
NDE1,0,3.1441522786722644,-1.0506260730699681
NDEL1,0,5.176149732573829,-2.5559139682106577
NDFIP2,1,3.380994674344636,-0.19967234483636426
NDOR1,0,1.410986973710262,0.982297998266541
NDRG1,0,2.6390573296152584,2.7999753916920067
NDRG2,0,5.32544603393629,0.6285266961444473
NDST1,0,1.8718021769015913,2.0490945495281694
NDUFA12,0,6.703433481908515,-1.2148612066304558
NDUFA4,0,5.471009374366148,1.0670038390130085
NDUFB6,0,5.720311776607412,-1.1110691540664308
NDUFS1,1,3.1612467120315646,2.9044432751897755
NDUFS2,0,5.3895282466014205,0.27440287534770147
NDUFS4,0,4.811371016571989,0.5931563282528691
NEBL,0,0.0,8.238404739325079
NECAB1,0,0.18232155679395465,3.0149503414659717
NECAB3,0,1.5040773967762742,3.3315141437165603
NEDD1,1,3.2846635654062037,-1.4313393116079443
NEDD4,0,0.33647223662121295,1.9475325801058647
NEDD9,0,4.410371107683024,-1.3360204661905482
NEGR1,0,0.5877866649021191,2.724892761865631
NEIL3,0,0.26236426446749106,-0.37851162325372995
NEK1,0,1.589235205116581,0.4076579689132462
NEK9,0,1.8082887711792655,2.5967396684975097
NELFCD,0,4.249922794040544,-2.0186424063738984
NELL2,0,4.722063937459591,-6.327071398163322
NEMP1,0,1.2237754316221157,0.19793937761190883
NES,0,0.0,7.294620748891627
NETO2,0,0.6418538861723948,0.8813555035013811
NEU1,0,1.3862943611198906,2.5109619192773796
NEXMIF,0,0.0,0.0
NF1,0,1.4586150226995167,1.6505508423487332
NF2,0,3.095577608523707,-0.02635132694695232
NFAT5,0,0.6418538861723948,0.658963082164933
NFATC1,0,2.6878474937846906,0.12225575005099808
NFATC2IP,0,1.7749523509116738,1.8452774052013579
NFE2L1,0,3.3068867021909143,3.9316899831207945
NFIB,0,0.33647223662121295,4.20945336562895
NFIC,0,2.2823823856765264,2.652076696579693
NFKBIZ,0,3.55820113047182,-0.5605094569966173
NFX1,1,3.6109179126442243,-0.6548645139513125
NFYA,0,2.1400661634962708,0.16046467219324612
NFYB,1,2.975529566236472,0.9244489669928233
NHLRC3,0,2.066862759472976,0.46440357659982345
NHSL1,0,0.9932517730102833,2.6114347120823473
NID1,0,2.501435951739211,2.119111211887675
NIFK,0,4.4520190064939165,-1.8930847960834878
NIN,0,3.242592351485517,-0.669083121885383
NIP7,0,3.5322256440685598,-2.0255350921071376
NIPA1,0,1.589235205116581,-0.15527822547791095
NIPA2,0,4.420044701861403,-2.1137421660491884
NIPAL1,0,0.09531017980432487,0.0
NIPSNAP1,0,3.828641396489095,-1.0641303374197155
NKAP,0,4.04305126783455,-2.296837113924532
NKIRAS2,0,4.012772908528289,-0.29095670781951927
NKPD1,1,0.18232155679395465,-0.2630344058337938
NKRF,0,1.1314021114911006,0.6896598793878495
NKX3-1,0,4.01096295328305,-3.9792414398332028
NLE1,0,1.9740810260220096,-0.4974996594708169
NLGN3,0,0.6931471805599453,-0.07400058144377693
NLGN4X,0,0.09531017980432487,2.268488835925902
NLK,0,3.4339872044851463,-1.3572611679996431
NLN,0,1.4586150226995167,-0.2969817377571315
NME2,0,6.174827228410347,-0.2955241234827098
NMI,0,6.153583396584417,-5.82463291348944
NMNAT2,0,0.0,4.224966365000275
NMU,0,1.5260563034950494,-1.9385994553358568
NNT,0,3.4965075614664802,2.0195401863956453
NOB1,0,4.239886867512759,-1.8765494283571886
NOC2L,0,4.074141854904581,-0.8465255193382816
NOD2,0,3.122364924487357,-3.7390856460405755
NODAL,0,0.26236426446749106,0.0
NOL10,0,0.832909122935104,2.3468027635263917
NOL9,0,1.7047480922384253,-0.05343925896146044
NOLC1,0,3.254242968705492,-0.10391895145659205
NOM1,0,1.0296194171811583,0.7162070339994087
NONO,0,5.186826990514674,-1.1701266218801905
NOP16,0,4.589040804058207,-1.787696396287136
NOP2,0,3.520460802488973,-0.8159169355610281
NOP53,0,5.751301990624177,-0.24317756613951216
NOTCH1,0,1.1939224684724346,2.222392421336448
NOTCH2,0,3.6686767467964168,-1.4248852852351912
NOTCH3,0,0.33647223662121295,4.9475325801058645
NOXO1,0,0.09531017980432487,0.0
NPEPPS,0,3.269568939183719,0.1994857500327766
NPHP3,0,0.832909122935104,1.4764380439429874
NPLOC4,0,3.044522437723423,1.453172628165615
NPM1,1,7.083807222762497,-1.8723736413843328
NPM3,0,2.341805806147327,-0.19264507794239608
NPNT,0,0.0,2.608809242675524
NPPB,0,0.09531017980432487,12.141497584338444
NPTN,0,3.370738174177447,2.711457061001658
NPTX1,0,0.0,0.0
NPTXR,0,0.26236426446749106,3.6394102847435326
NPY4R,0,0.0,0.13750352374993502
NR1D2,0,1.2809338454620642,3.1338557467347905
NR1H3,0,2.6602595372658615,0.40237108744268296
NR2C2,0,1.0296194171811583,2.5324950808270206
NR2F6,0,1.7404661748405046,2.7670228280223856
NR3C1,0,4.2456340097683265,-1.516345888646766
NR4A2,0,1.9459101490553132,2.374542721050784
NR4A3,0,0.09531017980432487,5.906890595608519
NR5A2,0,1.1939224684724346,-0.7224660244710911
NRARP,0,0.0,3.711494906650088
NRAS,0,3.6838669122903918,-2.144771524213974
NRBP1,0,5.32593253358101,-1.855877429689196
NRDC,0,4.23410650459726,-0.26052755022321894
NREP,0,3.265759410767051,1.4074461660734197
NRF1,0,2.451005098112319,-0.19976951237577736
NRG4,0,0.0,0.0
NRIP1,0,1.0296194171811583,1.1468413883292712
NRN1,0,1.2809338454620642,2.4811266897366164
NRP1,0,3.698829784967104,0.971145137327815
NRP2,0,0.26236426446749106,2.4493074013635896
NRXN3,0,0.33647223662121295,1.4780472968046443
NSD2,0,1.6094379124341003,1.6870606883398924
NSD3,0,4.127134385045092,-2.116253068495848
NSF,0,2.990719731730447,-0.7539815711818073
NSFL1C,1,4.400603020246817,-1.4808316902384226
NSMCE3,0,0.09531017980432487,2.321928094887362
NSUN2,0,3.367295829986474,-0.32192809488736246
NSUN4,0,1.791759469228055,-0.024247546246677184
NT5C1B,0,0.7884573603642702,-0.4594316186372972
NT5C1B-RDH14,0,0.0,0.0
NT5C2,0,3.4781584227982836,-0.17997866610623525
NT5C3A,0,4.283586561860629,-2.198056436725194
NT5DC1,0,3.7495040759303713,-0.7089512179966095
NT5DC3,0,1.0647107369924282,0.0
NT5E,1,3.529297384289471,-1.8590390773465353
NT5M,0,0.832909122935104,1.7802187921200903
NTM,0,2.917770732084279,0.7212839719339366
NTRK3,0,0.09531017980432487,2.517848304862619
NTSR1,0,0.0,0.0
NUAK1,0,0.18232155679395465,3.9924663273145926
NUCB2,0,5.936216072877503,-2.4745665968610226
NUCKS1,0,2.468099531471619,3.0227439556562894
NUDT1,0,5.361761539104571,-3.472352377061547
NUDT11,0,0.7884573603642702,-0.5525410230287788
NUDT15,0,2.066862759472976,0.554200246950469
NUDT21,0,3.8543938925915096,-0.5926242024292229
NUDT3,0,2.33214389523559,1.0277449904829044
NUDT7,0,3.481240089335692,0.19873591233942076
NUF2,1,1.667706820558076,-2.027480736422107
NUFIP1,1,1.9459101490553132,-1.041820175694627
NUFIP2,0,3.2809112157876537,-0.915731083102396
NUMB,0,5.680513847716846,-3.342251570188863
NUMBL,0,0.7419373447293773,3.635588573791124
NUP133,0,2.4159137783010487,0.4780472968046444
NUP153,0,1.5686159179138452,1.2976805486406853
NUP155,1,1.8870696490323797,-0.4594316186372972
NUP160,1,2.8903717578961645,-0.9372642446520373
NUP205,0,1.410986973710262,0.4753380095466581
NUP210,0,1.547562508716013,-0.5101947323191841
NUP37,1,4.232656178019613,-1.9365070763746168
NUP43,0,1.9740810260220096,0.6629650127224292
NUP50,0,4.546481189639412,-3.5773332124979937
NUP54,0,3.0492730404820207,-1.020659470566093
NUP58,0,2.2192034840549946,0.6159893963417808
NUP93,0,5.285738584341177,-3.747964593115463
NUS1,0,1.5686159179138452,1.357552004618084
NUTF2,0,5.3734248390348425,-0.7601247588511476
NXN,0,0.18232155679395465,3.7813597135246595
NXPH2,0,0.0,0.0
NXT2,0,2.468099531471619,-1.712718047919529
OARD1,1,3.919991175077323,-1.1828640571498106
OASL,0,4.900076103529192,-5.998926166648682
OAT,0,3.8133070324889884,0.1850613820243457
OCIAD2,1,5.830708768228588,-4.514694199216381
OCLN,0,1.2809338454620642,-0.5849625007211563
OCRL,0,1.547562508716013,1.2783011624871043
ODC1,0,2.8678989020441064,1.7475827015402352
ODF2,0,2.954910279033736,-0.5081469036703253
OGFOD1,0,2.6878474937846906,0.02914634565951651
OGFRL1,0,2.4932054526026954,-0.6900445467787135
OGT,0,2.2925347571405443,2.466040402712947
OLA1,0,3.634951112088381,0.5709370739091378
OLR1,0,1.33500106673234,-0.6040713236688607
OMA1,0,3.6000482404073204,-0.8646481471051137
OMD,0,0.4700036292457355,3.665335917185176
ONECUT3,0,0.18232155679395465,-0.2630344058337938
OPA1,0,2.917770732084279,1.0722448844698798
OPHN1,0,1.62924053973028,-0.38702312310924714
OPRL1,0,2.6026896854443837,-2.9893527558004918
OPTN,0,4.707726774313183,-0.10391354868107994
OR7D2,1,0.4054651081081644,-0.44745897697122117
ORAI2,0,3.3568971227655755,-2.4644672085345958
ORC1,0,1.4816045409242156,-1.8744691179161412
ORC2,1,1.9021075263969205,0.5037664178731753
ORC3,1,3.1612467120315646,-0.20316294985639538
ORC4,1,3.214867803470662,-1.0411386947934864
ORC6,0,0.8754687373538999,0.0
ORMDL2,0,4.798266815950004,-2.010744158360808
OSBP2,0,1.0986122886681098,2.0931094043914813
OSBPL10,0,2.5257286443082556,-1.7178567712185016
OSBPL2,0,4.563305981889393,-1.911033568159273
OSBPL6,0,0.26236426446749106,1.8541491335365452
OSBPL7,0,1.0296194171811583,1.3824696368224132
OSBPL8,0,5.28776185260852,-3.770646807032578
OSBPL9,0,3.9908341858524357,-0.5598485309836024
OSCAR,0,3.758871825933971,-3.9374789154419414
OSTF1,0,6.211202305287359,-3.965386244918663
OSTM1,0,2.89591193827178,-0.7719254325200063
OTP,0,0.0,0.0
OTUB2,0,0.6418538861723948,-0.7884958948062882
OTUD1,0,1.252762968495368,3.6189098326444937
OTUD3,0,0.26236426446749106,1.7258250365610057
OTUD4,0,0.6418538861723948,2.7062687969432897
OTUD7A,0,0.18232155679395465,0.8744691179161412
OTUD7B,0,1.0986122886681098,1.3968901525685844
OTULIN,0,0.832909122935104,1.685891409571937
OTX1,0,2.341805806147327,-3.37851162325373
OTX2,0,0.0,0.0
OVOL1,0,0.0,0.0
OXCT1,0,3.1179499062782403,3.398384273775083
OXNAD1,0,4.409155302062135,-3.098032082960527
OXSR1,0,2.066862759472976,1.1391627476716253
OXTR,0,0.09531017980432487,0.3479233034203066
P3H3,1,0.26236426446749106,2.0544477840223765
P3H4,0,2.2512917986064953,0.0
P4HA1,0,3.3032169733019514,0.49749965947081687
P4HB,0,5.921310287184775,-0.26978196368437646
PABPC1,0,6.347739411025374,-1.330668273322212
PABPC1L2A,0,0.0,0.0
PABPC1L2B,0,0.0,0.0
PABPC4,0,3.529297384289471,2.1167784080748953
PACRGL,0,1.5040773967762742,1.1375035237499351
PACS2,0,1.1631508098056809,2.9008668079807483
PACSIN3,0,0.09531017980432487,7.163535326153212
PADI1,0,0.0,0.0
PAFAH1B1,0,1.840549633397487,2.9971346663056107
PAFAH1B3,0,4.08260930600368,-3.457000792382535
PAFAH2,0,4.11414718951828,-2.570887315509433
PAGR1,0,3.5263605246161616,-0.08746284125033943
PAICS,0,2.9391619220655967,0.08161376555365227
PAIP1,0,4.21803603456465,0.4097158590106491
PAK1,0,6.074426067822329,-5.427260976429488
PAK4,0,0.7884573603642702,2.862496476250065
PAK6,0,1.1939224684724346,1.4474589769712214
PAM,0,3.1986731175506815,5.9453363334666465
PANK1,0,0.33647223662121295,2.7318038890504277
PANK3,0,0.9932517730102833,2.026472211361191
PANX1,0,1.6094379124341003,1.0840642647884746
PAPLN,0,1.8718021769015913,0.4205756828202737
PAPOLG,0,1.5260563034950494,-0.20163386116965037
PAPSS2,0,2.1633230256605382,0.49957100949051175
PAQR8,0,2.9338568698359038,-2.0951572330403403
PARD6B,0,1.1631508098056809,-0.8300749985576876
PARD6G,0,0.4054651081081644,1.341036917835067
PARL,0,4.973971309724664,-1.4371559052635638
PARM1,0,2.2082744135228043,3.472344937440461
PARN,0,2.9231615807191558,-0.28177096841537974
PARP1,0,4.29592393562047,-0.43482786503885146
PARP11,0,3.068052935133617,-2.703798730231007
PARP15,0,2.341805806147327,-1.9455522159776235
PARP16,0,3.044522437723423,-1.8562645225385503
PARP2,0,2.5416019934645457,0.4707469318651316
PARP6,0,2.2300144001592104,1.0974658094356173
PARP8,0,4.297285406218791,-3.1640484351056433
PARVA,0,0.6931471805599453,4.095924419998536
PARVB,0,2.760009940032921,2.4292345735088596
PARVG,0,4.3067641501733345,-5.01171342056379
PASK,0,1.7227665977411035,-1.4854268271702418
PATZ1,0,1.6094379124341003,1.1890338243900171
PAWR,0,1.33500106673234,0.658963082164933
PAX3,0,0.0,0.13750352374993502
PAX8,0,0.9555114450274363,0.3439544012173612
PAXBP1,0,0.5877866649021191,1.6114347120823471
PBRM1,0,2.3702437414678603,0.6931612412355778
PBXIP1,0,5.292802185859927,-1.580617030445192
PC,0,0.832909122935104,1.1488633859144828
PCBP2,0,4.065602093356446,2.4978347233948512
PCCB,0,3.822098297900159,1.0141364825877044
PCDH10,0,0.0,1.070389327891398
PCDH11Y,0,0.18232155679395465,-0.2630344058337938
PCDH7,0,0.0,3.8278190246173196
PCDH8,0,0.0,0.0
PCDHB11,0,0.4054651081081644,0.2630344058337938
PCDHGB2,0,0.09531017980432487,1.2954558835261714
PCGF3,0,2.1162555148025524,1.7177177095729275
PCGF5,0,2.1633230256605382,1.7017147469831542
PCLAF,1,3.202746442938317,-4.135159583281636
PCMTD2,0,3.0204248861443626,1.0209596186356462
PCNP,0,4.087655574071304,-0.07196359551993267
PCOLCE2,0,0.26236426446749106,6.529580717564542
PCSK9,0,0.0,0.0
PCTP,0,5.491826112732555,-3.645045550964006
PDCD10,1,5.424950017481403,-2.6686963181491774
PDCD4,1,5.231643233280044,-3.049414880825596
PDCL3,0,5.094363509626968,-2.4188756342616355
PDE10A,0,0.09531017980432487,2.0324214776923775
PDE11A,0,0.18232155679395465,0.11547721741993618
PDE12,0,3.0633909220278057,-1.7190991733726924
PDE2A,0,2.1162555148025524,2.293845552919322
PDE6D,0,4.45318382899021,-2.1244625016820873
PDE7A,0,2.5572273113676265,1.916550706659088
PDGFC,0,0.33647223662121295,1.3219280948873624
PDGFD,0,2.89591193827178,0.37051883250019896
PDIA3,0,5.83627165770228,-2.887019889475015
PDK1,0,3.265759410767051,0.10100331868347606
PDK4,1,4.1666652238017265,2.8523395739002497
PDLIM3,0,0.0,8.25077213159993
PDLIM7,0,6.090404494962885,-2.4956559594871286
PDP2,0,1.6486586255873816,-0.9455522159776235
PDPK1,0,2.6026896854443837,0.20858662181141732
PDS5A,0,1.410986973710262,1.8712666858777973
PDXK,0,1.667706820558076,1.5940076403241632
PDZD11,0,4.3694478524670215,-0.6686068015021791
PEA15,0,4.370712874773608,1.5709111569795704
PEAK1,0,1.0647107369924282,2.5083412191182437
PEBP1,0,5.612032616046633,0.7125125504416673
PEF1,0,5.002603122398992,-1.2445380622164046
PEG10,0,0.6418538861723948,0.3959286763311393
PELI1,0,4.35799005684564,-2.6549824277551037
PELP1,0,1.0986122886681098,2.963474123974886
PER2,0,1.1631508098056809,1.0223678130284546
PERP,1,3.713572066704308,0.37036844994511553
PEX11B,0,4.565389315976247,-1.7739663005528241
PEX2,1,5.203457085524077,-2.20687800819511
PEX26,0,1.410986973710262,0.6648158084103709
PFDN1,0,5.017941869278694,-0.7315652100787704
PFKFB2,0,3.2108436531709366,0.533643723436176
PFKFB3,0,3.3141860046725258,-0.30887194206191604
PFKM,0,2.2823823856765264,4.886132035441721
PFN1,0,10.06848490819688,-6.142913101845771
PGAP1,0,0.6418538861723948,1.1096244911744981
PGBD4,0,1.5686159179138452,-1.0
PGBD5,0,0.09531017980432487,3.628031222613042
PGD,0,6.983419182903127,-4.979019803624662
PGGT1B,0,3.5610460826040513,-2.2499782530083476
PGM2,1,4.225372824628505,-3.417852514885898
PGM3,0,1.7749523509116738,1.3268103162671085
PGPEP1,0,3.374168709274236,-0.20683098418570706
PGRMC2,0,1.2237754316221157,3.875433164086921
PGS1,0,3.5610460826040513,-1.589066899053893
PHACTR2,0,2.5877640352277083,-0.05528243550118968
PHACTR4,0,1.4586150226995167,1.14359085362885
PHAX,0,2.451005098112319,-0.18555565315607656
PHC2,0,4.550714000192032,0.2226100388104088
PHF10,1,1.2809338454620642,3.523561956057013
PHF12,0,3.7232808808312687,-1.8231222379159209
PHF13,0,1.7227665977411035,0.6844981742720707
PHF14,1,1.308332819650179,0.7212839719339363
PHF19,0,4.393213824064446,-2.3290790143153606
PHF20L1,0,2.617395832834079,0.3857836943037298
PHF3,0,2.8094026953624973,-0.2252923118422429
PHF6,1,2.9856819377004897,-1.4005379295837288
PHF7,0,1.4816045409242156,-0.6520766965796935
PHF8,0,2.0149030205422647,0.48542682717024166
PHKA1,0,0.09531017980432487,2.898120385980786
PHLDA1,0,0.9555114450274363,3.006919413939791
PHLDA3,0,0.4700036292457355,4.6653359171851765
PHLDB2,0,1.3609765531356006,3.432274204204148
PHLPP1,0,1.6094379124341003,-0.21759143507262677
PHLPP2,0,0.5877866649021191,1.0395283641866375
PHOX2A,0,0.0,0.0
PHPT1,0,6.05818817915089,-0.7244242357279831
PHTF1,0,1.3862943611198906,0.6780719051126377
PHTF2,0,3.2846635654062037,-0.983880334636723
PI16,0,4.209160236650682,0.8874673323451263
PIAS3,0,2.785011242238338,0.19153145763168736
PICALM,0,3.730501128804756,1.0476404856444346
PIF1,0,0.6418538861723948,0.0
PIGB,0,2.740840023925201,-2.066671039645288
PIGF,0,3.0007198150650303,-0.20810819533020058
PIGG,0,3.068052935133617,-1.2724594186230624
PIGM,0,2.7013612129514133,-2.0898855035171953
PIGO,0,2.3608540011180215,-0.31852951842549737
PIGS,0,4.345103280569283,-1.7018438010167751
PIGT,0,4.519612297626445,0.2556817395467188
PIGW,0,1.5260563034950494,0.0
PIGX,0,4.486386649998124,-3.1079153391668877
PIK3C2A,0,1.4586150226995167,1.5279315556847775
PIK3C2B,0,0.9932517730102833,1.9455522159776235
PIK3CA,0,1.1631508098056809,1.6724253419714954
PIK3CB,0,2.066862759472976,1.0271361299375141
PIK3CD,0,4.183575695950044,-4.148098638989134
PIK3CG,0,3.8044377947482086,-4.1101319166000545
PIK3IP1,0,6.217802989318711,-3.857693405165314
PIK3R1,0,3.2188758248682006,1.607862902831235
PIK3R2,0,0.4054651081081644,3.148391839892671
PIK3R4,1,2.3702437414678603,-0.36642755505422203
PIM1,0,5.7791991139409555,-2.3331205097575665
PIN1,0,5.990714265717278,-1.9534746019971927
PIP4K2A,0,5.216564864675778,-3.70828900323192
PIP4K2B,0,1.5040773967762742,2.7417665804300273
PIP4K2C,0,4.0943445622221,-1.9526942852216431
PIP4P2,0,4.359269647551265,-1.9036656652264696
PIR,0,0.26236426446749106,3.767165831941905
PITPNB,0,3.730501128804756,-0.23222835905261932
PITPNC1,0,2.501435951739211,0.12454509793830361
PITPNM3,0,1.1631508098056809,-0.47643804394298733
PITX2,0,0.0,1.925999418556223
PKD1L1,0,0.6418538861723948,0.9219974879987269
PKIA,0,3.1135153092103742,3.004001930557496
PKM,0,7.141799204764635,-1.0736581290053557
PKNOX1,0,1.9021075263969205,-0.6066575718204752
PKP4,0,1.0986122886681098,2.881011963782913
PLA2G4D,0,0.0,0.0
PLA2G4F,0,0.0,0.37851162325372983
PLAC8,0,7.753280139962965,-9.29809353780587
PLAG1,0,1.0296194171811583,0.5145731728297582
PLAGL2,0,3.580737295494233,-2.5809494382145326
PLAU,0,1.1314021114911006,2.9161684091965294
PLCB1,0,1.0647107369924282,2.084533510211668
PLCB3,0,0.7884573603642702,2.459431618637297
PLCE1,0,0.4054651081081644,3.1154772174199357
PLCG2,0,3.648057459593681,-3.158697746019058
PLCXD2,0,1.5686159179138452,-1.884522782580064
PLD1,0,2.186051276738094,1.4609045080361727
PLEKHA1,0,3.374168709274236,0.0
PLEKHA2,0,2.617395832834079,1.6230671057466586
PLEKHA3,0,0.9162907318741551,1.5058909297299572
PLEKHA6,0,0.09531017980432487,4.261667570069887
PLEKHA8,0,0.4054651081081644,1.3025627700204314
PLEKHB2,0,4.384523514872469,-1.179852876371923
PLEKHF2,1,4.825910852685991,-3.5293582476662015
PLEKHG2,0,0.9162907318741551,3.3673710656485296
PLEKHG4B,0,1.0647107369924282,-1.5360529002402097
PLEKHG5,0,0.18232155679395465,3.815916935561028
PLEKHH2,0,0.09531017980432487,2.3479233034203064
PLEKHM1,0,2.3978952727983707,-0.7152705230668871
PLEKHM3,0,1.2809338454620642,0.07800251200127316
PLEKHO2,0,4.363098624788363,-2.2071579076412875
PLEKHS1,0,0.0,0.37851162325372983
PLGRKT,0,5.507767590730244,-2.8799397990577043
PLK1,0,1.9021075263969205,-1.74416109557041
PLK2,0,2.312535423847214,2.410566795233618
PLK4,1,0.7884573603642702,-0.5525410230287788
PLOD1,0,3.720862499966987,0.7612131404128836
PLP1,0,0.26236426446749106,4.53317995861861
PLPP2,0,2.028148247292285,-1.4930400112801168
PLPP4,0,0.4700036292457355,-0.6780719051126377
PLS1,0,1.3862943611198906,-1.0
PLS3,0,2.580216829592325,2.1078907229481283
PLSCR1,0,5.080161356744866,-2.714413752176358
PLXDC1,0,1.1939224684724346,2.736965594166206
PLXDC2,0,4.416428061391214,-2.9253026327223988
PLXNA1,0,0.09531017980432487,3.8892965355937803
PLXNA3,0,0.4700036292457355,2.2854022188622483
PLXNA4,0,1.2809338454620642,0.41503749927884376
PLXNB2,0,3.104586678466073,-0.12141980041485871
PLXND1,0,2.468099531471619,1.743065793702624
PMAIP1,0,5.1422481808981475,-6.492696531045828
PMEPA1,0,3.214867803470662,0.22982262681193646
PMP22,0,3.7864597824528,1.8860214035609193
PNISR,0,3.4372078191851885,1.4127161873687224
PNKD,0,5.413875707182309,-1.22110774178505
PNMA1,0,2.72785282839839,0.6129768768907526
PNMA3,0,0.0,1.6780719051126378
PNN,0,3.3568971227655755,0.917242114678184
PNP,0,4.3054155323020415,-1.3484543893975498
PNRC1,0,4.6549122778829055,0.29672633134501236
POC1B,0,3.005682604407159,-1.6138173633933413
PODXL,0,0.26236426446749106,4.484435624767191
POFUT1,0,2.9601050959108397,-0.15782880963135584
POFUT2,0,0.5877866649021191,3.2479275134435857
POGK,0,2.312535423847214,0.1491434393058092
POLA2,0,2.468099531471619,-1.634715535918256
POLB,0,4.455509411433685,-1.7164464258593937
POLD1,0,2.0412203288596382,-0.22239242133644802
POLD4,0,5.940171252720432,-1.9818906194482682
POLI,0,2.0794415416798357,0.49825086752782544
POLL,0,2.5494451709255714,0.6653359171851763
POLQ,0,0.09531017980432487,0.12553088208385882
POLR1B,0,3.1179499062782403,-2.176322772640463
POLR2D,0,3.591817741270805,-1.7623587515946038
POLR2F,0,4.958639998977875,-0.6635561254519505
POLR2I,0,5.41920668382349,-1.5533509152300093
POLR2K,1,4.300002799195291,-0.23780842954562045
POLR3E,0,2.4069451083182885,0.5184670889342494
POLR3H,0,2.9856819377004897,-0.08246216019197299
POLRMT,0,1.9878743481543455,2.3724178653410553
POM121,0,1.1314021114911006,2.154328146391294
POM121C,0,0.8754687373538999,2.6342060197410055
POMGNT2,0,1.410986973710262,2.249778309131527
POMZP3,0,1.9315214116032138,1.1488633859144828
PON1,0,0.09531017980432487,-0.13750352374993496
POPDC2,0,0.832909122935104,7.4174856502835675
POT1,0,1.667706820558076,0.40136256238176743
POTED,0,0.26236426446749106,-0.24100809950379493
POTEG,0,2.9444389791664403,-4.247927513443585
POTEM,0,0.33647223662121295,-0.10691520391651173
POU2F1,0,1.7047480922384253,-0.6520766965796931
POU5F1,0,0.4054651081081644,1.4506614090095649
PPA2,1,3.9318256327243257,-0.8806112708096697
PPARG,0,0.33647223662121295,3.431049817267475
PPARGC1B,0,1.410986973710262,0.7921951148865983
PPAT,0,2.424802725718295,-1.8201789624151876
PPCS,0,5.791793351978915,-2.960043218574613
PPIA,0,8.201550505605104,-2.266853304371032
PPIB,0,7.882503580427861,-3.38109396487578
PPIC,0,0.0,5.459431618637297
PPID,0,4.247065649239764,-0.5125107063728659
PPIL4,0,3.55820113047182,-1.1065990660734832
PPM1A,0,1.8562979903656263,2.5117526537673798
PPM1D,0,2.501435951739211,-1.6828098241193008
PPM1H,0,1.3609765531356006,-0.24100809950379493
PPM1L,0,1.7749523509116738,0.3268103162671085
PPP1CA,0,7.622076694773489,-4.099091823250254
PPP1CB,0,4.751864565138895,0.8379955143974511
PPP1CC,0,4.021773869387265,0.6832336102284166
PPP1R11,0,2.6026896854443837,1.9004643264490857
PPP1R12A,0,5.292802185859927,-2.8285445438887775
PPP1R15B,0,2.6741486494265287,-0.12462665451374477
PPP1R16A,0,0.9555114450274363,1.9860608090421263
PPP1R16B,0,1.840549633397487,-0.07038932789139786
PPP1R1A,0,0.0,6.758889432720965
PPP1R2,0,5.557599964478119,-3.3856536924977494
PPP1R26,0,0.5877866649021191,2.89616418901546
PPP1R37,0,0.4054651081081644,3.3504972470841334
PPP1R3B,0,3.9945242269398897,-0.8608067136062564
PPP1R9B,0,1.6486586255873816,2.2420747871981477
PPP2CA,0,5.0701612734102826,0.026043754973892875
PPP2R1B,0,2.791165107812717,-1.1989810347263956
PPP2R2A,0,1.0296194171811583,3.26410744049902
PPP2R2D,0,0.0,2.070389327891398
PPP2R3B,0,0.09531017980432487,6.0263976900646075
PPP2R3C,0,4.478472532942134,-1.931249167504356
PPP2R5A,0,2.9496883350525844,1.3796732135265373
PPP2R5E,0,1.7227665977411035,1.523561956057013
PPP3CA,1,4.8283137373023015,-3.6583557594698397
PPP3CB,0,2.174751721484161,2.2165254143044515
PPP4R3A,0,2.312535423847214,0.7254928097222574
PPTC7,0,1.1314021114911006,3.678798886756083
PQBP1,0,4.864452783918174,-1.595016165385079
PRADC1,0,4.6709579265260945,-0.10649962130067865
PRC1,0,3.5667118201397288,-2.2008190093880957
PRCP,0,4.951592753462473,-1.0414001159912987
PRDM1,0,3.5467396869528134,-3.6839043504147924
PRDM2,0,2.928523523860541,0.11844145729753973
PRDM4,0,1.6486586255873816,0.8845227825800639
PRDX1,0,6.157402624651413,0.1556647579510223
PRDX2,0,6.551651600411697,-0.042220077725715656
PRDX3,0,6.235978124158384,-0.923544295201052
PRDX4,0,4.937347498326424,-0.3951662964178616
PREP,0,3.169685580677429,-0.06192774914320178
PREPL,0,2.501435951739211,2.3337052626637163
PREX1,0,2.322387720290225,-0.4629719763425456
PRICKLE1,0,2.533696813957432,0.1825914132784732
PRIM1,0,2.451005098112319,-2.1030934929641036
PRIMA1,0,0.0,3.2479275134435857
PRIMPOL,0,3.2228678461377385,-1.7047570132558707
PRKAA2,0,0.0,5.336283387864432
PRKAB1,0,4.269697449699962,-2.4817994316657517
PRKAB2,0,0.9555114450274363,3.3163685695454617
PRKAG1,0,4.4796069630127455,-0.1534577898535422
PRKAR1A,0,5.450609176890295,0.743763484426107
PRKAR2A,0,2.4595888418037104,0.4694852833012202
PRKCA,0,0.7884573603642702,1.2410080995037946
PRKCD,0,4.289088639014612,-1.8659188145522125
PRKCE,0,1.0296194171811583,1.3219280948873624
PRKD3,0,2.7536607123542622,-0.5803752312255042
PRKG2,0,0.33647223662121295,1.9205655325055953
PRKRA,0,3.9318256327243257,-0.46297197634254583
PRKX,0,2.4849066497880004,-1.3833286395515059
PRMT3,1,2.468099531471619,-0.18220333122074914
PRND,0,0.26236426446749106,-0.11547721741993608
PRNP,0,6.780603493321654,-2.2011424521245737
PROCR,0,2.760009940032921,1.4477633109119952
PROX1,0,0.18232155679395465,3.7459543773934607
PRPF38A,0,2.5877640352277083,-0.6977304308831059
PRPS2,1,3.4904285153900982,-2.4033556942312084
PRR11,0,2.3608540011180215,-2.4059923596758366
PRR14L,0,2.5572273113676265,-1.6536752508051706
PRR23A,0,0.33647223662121295,-0.4854268271702417
PRRC1,0,3.1612467120315646,-0.6538243588659605
PRRG4,0,2.5572273113676265,-2.4876652993662414
PRRT3,0,0.7884573603642702,-0.13750352374993496
PRSS16,0,1.1314021114911006,-1.632268215499513
PRSS21,0,3.5263605246161616,-5.087462841250339
PRSS23,0,4.662495252607361,-1.8987397544876545
PRUNE2,0,0.4054651081081644,2.5193741590935796
PSAPL1,0,0.0,0.0
PSAT1,0,2.785011242238338,-2.169925001442312
PSG11,0,0.0,0.0
PSG3,0,0.0,0.0
PSG6,0,0.33647223662121295,-0.4854268271702417
PSG9,0,0.09531017980432487,-0.13750352374993496
PSIP1,1,2.9856819377004897,0.8010959315859217
PSMA2,0,5.8988008622445625,-1.6472235031308504
PSMA7,0,7.032006241319994,-2.129904288055216
PSMB1,0,6.482648530618684,-1.5962621741024128
PSMB5,0,5.157905212831292,-0.38166941562981516
PSMC3IP,0,1.33500106673234,-0.4405725913859815
PSMD10,1,4.442651256490317,-1.7034130344551797
PSMD3,0,3.427514689979529,1.2858825568193704
PSMD6,0,5.12574810119676,-1.1952190216062224
PSMD7,0,5.314682720634301,-0.7390960819384003
PSME1,0,6.887246402350597,-2.7905187748559253
PSME4,0,0.6418538861723948,3.1867007141931394
PSMF1,0,4.835487941050301,-1.2952475521119626
PSMG1,0,2.760009940032921,-0.8119276518474284
PSMG4,0,3.977810745966149,-1.7752937128253057
PSPH,0,2.379546134130174,-0.2791540711970708
PSRC1,0,2.5726122302071057,-1.748020782675202
PTAR1,0,2.128231705849268,0.19264507794239583
PTBP1,0,3.681351187693145,0.6821543651133426
PTBP2,0,0.8754687373538999,1.8413022539809418
PTBP3,0,3.517497837358316,-2.0215653498349337
PTCD2,0,1.4350845252893227,0.9652345818393232
PTCD3,0,2.8735646395797834,0.5713134392093051
PTEN,0,4.160444363926624,-1.109861425817975
PTGES,0,3.4011973816621555,-1.6896598793878495
PTGR2,0,1.9740810260220096,1.9281070815182142
PTGS1,0,3.3945083935113587,-1.1747744011037082
PTH1R,0,0.0,5.040015678847879
PTK7,0,2.6741486494265287,-0.6100534816839867
PTMA,0,8.445804595328584,-3.150746862556712
PTOV1,0,2.2925347571405443,2.706033734614315
PTP4A1,0,3.9945242269398897,-0.7810276396272584
PTP4A2,0,5.326904823399949,-0.31702929547452335
PTP4A3,0,4.032469158504013,3.461058500047913
PTPDC1,0,0.18232155679395465,2.700439718141092
PTPMT1,0,4.185098925490565,-1.2408084875988223
PTPN1,0,3.265759410767051,0.2839896122274192
PTPN12,0,2.6602595372658615,1.440041505408738
PTPN13,0,1.0986122886681098,1.2016338611696507
PTPN2,0,4.178992036282385,-2.1030116681028455
PTPN22,0,3.258096538021482,-4.022367813028454
PTPN3,0,0.33647223662121295,3.9341120643435428
PTPN9,0,1.2237754316221157,0.6938968722743202
PTPRD,0,0.0,1.765534746362977
PTPRE,0,6.467853993552845,-5.845714054522325
PTPRF,0,0.0,3.0531113364595623
PTS,0,1.0986122886681098,1.6629650127224291
PUDP,0,3.0155349008501706,0.02106161552782957
PUM2,0,2.5572273113676265,1.3550949588225618
PURA,1,2.0014800002101243,0.29834127456974635
PURB,0,0.4054651081081644,2.552541023028779
PWP1,1,4.2456340097683265,-1.9794776761266548
PXDC1,0,0.7884573603642702,4.024384158626959
PXDN,1,0.26236426446749106,4.138764069955852
PXMP4,0,3.563882963939251,-2.2935993718288676
PXN,0,5.1428324637076415,-1.0514690149817016
PXYLP1,1,3.122364924487357,-0.6666771505125255
PYGB,0,3.1986731175506815,2.6999866815410782
PYGO1,0,0.0,1.2016338611696504
QPCT,0,7.338173128445878,-8.02603102711904
QPCTL,0,0.8754687373538999,0.8413022539809418
QPRT,0,2.312535423847214,1.4132508798048296
QRFPR,0,0.8754687373538999,0.0
QRSL1,0,4.472780997942346,-3.0333200732000267
QSER1,0,0.4054651081081644,2.1154772174199357
QSOX1,1,3.9926809084456005,2.1333839583917844
QSOX2,0,0.26236426446749106,2.691877704637668
R3HDM2,0,1.916922612182061,2.326165087773833
RAB10,0,5.03760174232607,-1.650071932200092
RAB11FIP1,0,4.635699391022914,-3.032548693868192
RAB11FIP2,0,0.4054651081081644,2.201633861169651
RAB11FIP3,0,0.18232155679395465,4.709658248170471
RAB11FIP4,0,4.379523504455763,-4.470319934780033
RAB12,0,1.7047480922384253,3.9156078127096277
RAB18,0,5.840641657373398,-2.15200309344505
RAB1A,0,4.639571612705423,0.2618723477436689
RAB23,0,0.26236426446749106,3.299560281858908
RAB27A,0,5.573673789309181,-4.9707222074777535
RAB27B,0,1.2809338454620642,-1.710493382805015
RAB28,0,3.3032169733019514,0.15571114222261156
RAB2A,0,5.7481182884762525,-2.1926450779423963
RAB30,0,4.030694535145645,-2.493134922305505
RAB32,0,4.472780997942346,-2.259087221317131
RAB34,0,4.3489867805956814,-0.5849625007211563
RAB39B,0,2.066862759472976,-2.603341030036011
RAB3B,0,0.18232155679395465,-0.2630344058337938
RAB3D,0,5.136974216139274,-5.273583703048665
RAB3GAP1,0,1.8082887711792655,2.3911907573244764
RAB3IP,0,2.617395832834079,0.4411267281475048
RAB40A,0,0.0,0.765534746362977
RAB40B,0,2.0149030205422647,1.3710941516912467
RAB43,0,2.501435951739211,-1.2868811477881617
RAB4A,0,3.520460802488973,0.17654939175356466
RAB5B,0,3.5145260669691587,1.3406978989072023
RAB5C,0,5.281171207713066,-1.5210874284926916
RAB6A,0,5.450179715857283,-1.263034405833794
RAB6B,0,2.128231705849268,1.328781765928425
RAB6C,0,0.09531017980432487,0.12553088208385882
RAB8B,0,4.147885329150131,-2.261667570069888
RABEPK,0,3.686376323895818,-1.4114262457264648
RABGAP1,0,1.4816045409242156,2.584962500721156
RABGAP1L,0,5.194622130209272,-0.611612537183138
RABGEF1,0,2.995732273553991,-0.9159357352115255
RABL2A,0,2.7013612129514133,-2.1747744011037082
RABL2B,0,3.3603753871419,-1.415037499278844
RABL3,1,2.028148247292285,0.07400058144377678
RAC1,0,5.177843213080163,-0.5008061215768282
RACGAP1,0,3.2228678461377385,-2.7620901883218223
RAD1,0,2.128231705849268,0.03394733192333753
RAD17,0,2.1400661634962708,0.6240320653997484
RAD21,0,3.484312288372662,1.3689482688353187
RAD23B,0,1.3609765531356006,3.6274871173677132
RAD51,0,1.9315214116032138,-2.2016338611696504
RAD54B,0,1.0647107369924282,-0.8579809951275721
RADIL,0,0.0,2.4854268271702415
RAF1,0,5.01926462079431,-0.7671566633869673
RAI14,0,0.6418538861723948,1.9808911770522954
RALB,0,5.943061807879815,-2.9244103388613962
RALBP1,0,5.285738584341177,-2.7928188288997235
RALY,0,5.407171771460119,-0.6757447685980149
RANBP2,0,1.4586150226995167,1.8405217859928036
RANBP3,0,3.502549875922443,0.08439218729037261
RANBP6,0,1.9878743481543455,0.821402696543237
RANGAP1,0,2.6390573296152584,1.6716168829753384
RAP1B,0,6.71295620067707,-3.6251337641244032
RAP1GAP,0,0.0,3.277984747299765
RAP2C,0,2.740840023925201,-0.1886615640238981
RAPGEF1,0,1.7404661748405046,3.0829893646710316
RAPGEF2,0,1.1939224684724346,2.356485316923731
RAPGEFL1,0,0.4054651081081644,2.321928094887362
RAPH1,0,0.5306282510621704,1.9786263492074332
RARA,1,3.9852734671677386,-0.409684264784637
RARB,0,0.33647223662121295,3.269460674993227
RARG,0,2.990719731730447,-0.16901907046065126
RARS2,0,2.312535423847214,0.919217345283954
RASA1,0,1.6094379124341003,1.422233000683048
RASA2,0,2.7013612129514133,-1.464281018298693
RASAL2,0,0.4054651081081644,3.222392421336448
RASD1,0,5.083265985131163,-0.8578691973018826
RASGRP1,0,1.7578579175523736,-1.6100534816839867
RASGRP3,0,2.7788192719904172,1.0742245850217267
RASSF1,0,5.558756702605943,-2.4588757738834017
RASSF3,0,4.832305758571839,-1.5219821793375359
RASSF4,0,4.454347296253507,-0.9537769832393543
RASSF5,0,5.599532453282402,-4.55485574559032
RASSF8,0,0.7419373447293773,2.8073549220576037
RAX,0,0.0,0.0
RB1,0,3.4436180975461075,-0.7901729598494128
RB1CC1,0,3.893859034800475,-1.0147667107089122
RBAK,0,0.5306282510621704,1.6129768768907529
RBBP5,0,3.126760535960395,-1.6831428946600597
RBBP8,0,3.6375861597263857,-2.2844533894686996
RBBP9,0,2.33214389523559,-0.7557631896203322
RBFOX2,0,0.5306282510621704,4.436099114806673
RBL1,0,1.7047480922384253,-1.0264722113611908
RBL2,0,4.463606621666305,-1.755926683250601
RBM12,0,2.6878474937846906,0.35491650684127307
RBM12B,0,1.667706820558076,-0.027480736422106848
RBM14,0,3.5553480614894135,-0.07617168048540397
RBM15B,0,1.33500106673234,1.533432200081074
RBM17,0,4.715816706075155,-0.8990012776945292
RBM18,0,2.517696472610991,0.1750867065580911
RBM22,0,3.9889840465642745,-1.3488951424876316
RBM23,0,4.929425238670713,-2.0498811486764423
RBM28,0,2.7212954278522306,0.438573013739633
RBM3,0,5.583120298248974,-1.4370888475429744
RBM33,0,3.6454498961866,-0.9087752399534615
RBM38,0,2.791165107812717,2.12700527673532
RBM39,0,6.067035733955056,-2.9352591087616604
RBM42,0,4.8346933442663405,-1.0705040140905036
RBM43,0,1.3862943611198906,0.03562390973072122
RBM47,0,4.925077405734609,-5.903750888077951
RBM48,0,4.232656178019613,-2.6868931863031444
RBM4B,0,3.8066624897703196,-1.9558001960894649
RBMS2,0,1.7404661748405046,1.4980268639498755
RBMXL1,0,2.2925347571405443,-0.2370391973008493
RBP7,0,5.853064177371955,-2.0347957265616587
RBPJ,0,5.4053764388414445,-3.3193379774216547
RBX1,0,5.525054453372377,-1.8131164913800728
RC3H1,0,2.0149030205422647,-0.4474589769712214
RCBTB2,0,4.028916756899646,-2.101003318683476
RCC1,0,2.6741486494265287,-0.9704557243859846
RCC2,0,1.410986973710262,1.771731012326883
RCN2,0,3.370738174177447,0.4000871578128723
RCOR2,1,0.0,1.8875252707415875
RDH11,0,5.648974238161206,-3.9798221180623696
RDM1,0,1.2809338454620642,-1.84799690655495
RDX,0,3.4210000089583352,0.4079480744925244
RECK,0,1.9878743481543455,0.3493342522280144
RECQL,0,3.828641396489095,-0.7686744538935442
REEP1,0,0.0,4.095924419998536
REEP3,0,1.8082887711792655,0.8636785287872197
REEP5,0,5.766131099720736,-1.3019604549961774
REL,0,3.2068032436339315,-3.041476635976159
REM2,0,1.547562508716013,-1.7472339296200334
RER1,0,5.870990393640108,-2.2547584203600928
REST,0,3.100092288878234,-1.419376435003181
RET,0,0.5306282510621704,0.8667334691365359
RETREG3,0,4.060443010546419,-1.7962047975408824
REV3L,0,0.9932517730102833,0.9455522159776235
REXO2,0,4.33729074083249,0.8343119914441585
REXO5,0,4.4796069630127455,-4.358370090855423
RFC2,0,3.8543938925915096,-2.127755547198373
RFC4,0,3.131136910560194,-1.2392909459098163
RFC5,1,2.8678989020441064,-1.6520766965796934
RFESD,0,2.1633230256605382,-0.983511877211431
RFLNB,0,5.313698468586339,-3.9218853338383806
RFT1,0,3.9435216724875173,-2.4113144132361266
RFTN2,0,0.33647223662121295,1.618909832644494
RFWD3,1,2.580216829592325,-1.7589919004962051
RFX6,0,0.0,0.0
RGMB,0,1.4586150226995167,1.3286227474613708
RGN,0,0.0,3.84799690655495
RGP1,0,0.7419373447293773,2.6737717676790123
RGS17,0,0.26236426446749106,-0.11547721741993608
RGS19,0,6.637913124658687,-6.728487440241901
RGS2,0,8.38749444481189,-5.940725304235455
RGS4,0,0.0,3.232660756790275
RGS5,0,0.4054651081081644,7.265536913036964
RGS9BP,0,0.18232155679395465,0.8744691179161412
RHBDL2,0,0.9555114450274363,1.691877704637668
RHCG,0,0.0,1.2016338611696504
RHNO1,0,4.021773869387265,-2.8203405636520844
RHOA,0,7.48397530751279,-2.7819578184867795
RHOBTB3,0,2.128231705849268,1.9956998625663744
RHOC,0,7.247365444294277,-2.1141081766634824
RHOQ,0,1.7749523509116738,5.019732065124185
RHOU,0,0.5877866649021191,2.830074998557688
RHOV,0,0.0,0.13750352374993502
RHPN2,0,0.26236426446749106,0.9434164716336324
RIC8A,0,4.4953553199808844,-1.07603589103254
RIC8B,0,1.1631508098056809,1.5545888516776374
RIDA,0,2.70805020110221,1.0976107966264224
RIF1,0,2.1633230256605382,-0.983511877211431
RIMKLA,0,0.26236426446749106,1.62148837674627
RIMS2,0,0.5877866649021191,-0.84799690655495
RIMS3,0,0.9162907318741551,0.2630344058337938
RIMS4,0,0.0,0.6780719051126377
RIN1,0,2.379546134130174,-1.3286227474613708
RIPK2,0,3.190476350346503,-2.196892049042582
RIPOR2,0,6.863698892785217,-7.902224354776302
RIT1,0,4.6491870714048655,-2.790882487643166
RLF,0,2.0794415416798357,0.05311133645956253
RMDN1,0,4.5591262474866845,-0.6278938950187365
RMDN3,0,4.192680462942962,-1.9698079705250335
RMI1,0,2.72785282839839,-1.8311230879905538
RMND5A,0,3.653252276470785,-0.026402999096988816
RNASE4,0,3.2228678461377385,0.7999459155498264
RNASEH2A,0,3.8264651170664994,-2.4500329206350475
RNASEL,0,4.032469158504013,-3.713286597696696
RNF11,0,3.1354942159291497,1.5553893853378091
RNF115,0,1.9878743481543455,1.7759597257820698
RNF122,0,2.8449093838194073,0.7285533543500061
RNF125,0,2.803360380906535,-2.237039197300849
RNF126,0,3.3775875160230218,-0.16685085785236334
RNF135,0,4.2710950739666,-2.9602538212072433
RNF138,0,4.646312129319266,-3.959050371820736
RNF141,0,5.038250461129229,-2.7513832618180905
RNF144A,0,1.9600947840472698,0.30968449913261537
RNF152,0,0.26236426446749106,2.674599713205833
RNF157,0,1.916922612182061,0.08246216019197297
RNF170,1,2.312535423847214,-0.26589405997303434
RNF19B,0,2.884800712846709,-0.6893999109141503
RNF213,0,4.447346100794524,-3.5681672581781783
RNF216,0,3.2308043957334744,-0.20163386116965057
RNF220,0,1.252762968495368,1.4405725913859815
RNF26,0,3.254242968705492,-0.9082838309083847
RNF34,0,4.69866052907543,-2.508205301737118
RNF40,0,2.9014215940827497,-0.1154772174199359
RNF6,0,3.86702563949741,-1.7511196884760665
RNFT1,0,3.517497837358316,-2.937173162544561
RNH1,0,5.70877001616724,-0.6472995563178211
RNPC3,0,5.54087131138207,-3.0820959812625
RNPS1,0,5.672979565501156,-1.5579403495156285
ROBO2,0,0.0,0.48542682717024166
ROCK1,0,2.9444389791664403,-1.5925756848310315
ROCK2,0,0.33647223662121295,3.668378508908794
ROMO1,0,6.966212848553706,-2.146841388329271
ROPN1L,0,4.670021158307708,-6.059344460824425
RORA,0,3.3214324131932926,-1.791814071161826
RPA1,0,4.406719247264253,-1.6133909090476735
RPA2,0,6.079475424430695,-3.492844298732725
RPAP2,0,0.9932517730102833,-0.16992500144231246
RPAP3,0,3.5263605246161616,-1.034351504790777
RPGR,0,2.760009940032921,-0.5895352305109803
RPGRIP1L,1,1.0296194171811583,0.0
RPL12,0,8.05763086158779,-1.6013655542063916
RPL14,0,5.46848199307136,-1.4315605923386037
RPL15,0,8.796959012871046,-2.6843018758785586
RPL23,0,8.085917846408256,-1.4436848195602257
RPL24,0,8.447907419895401,-2.0505067999075055
RPL27A,0,10.2127574226248,-4.292610215495714
RPL29,0,8.16496548669049,-1.7558008633784945
RPL3,0,9.36082720525012,-3.1787266181755585
RPL32,0,9.158910226119634,-2.9521245899198623
RPL35A,0,7.647452020195062,-1.1608819059398814
RPL39,0,8.765349304131739,-1.8502544659126385
RPL5,0,7.765187328849885,-1.4514205675392287
RPL7L1,0,3.0587070727153796,0.5226782224668136
RPL9,0,6.914532263261161,0.16769424283342094
RPLP0,0,8.864676016986055,-2.8026131935410645
RPN1,0,5.527442989539794,-1.6381312019410947
RPN2,0,6.516932447610842,-2.690451217326449
RPP40,0,2.631888840136646,-1.6926763180214097
RPRD2,0,1.7749523509116738,0.7172697928252862
RPS12,0,8.91855656556998,-2.557280975194411
RPS15A,0,8.591762485715963,-2.1410912186644473
RPS2,0,7.481386673540519,-0.5650217409083076
RPS23,0,7.9442793753368255,-1.2662925122174427
RPS24,0,8.3881090380047,-1.504827643890611
RPS27A,0,9.016391478941248,-3.170275340210641
RPS28,0,5.1149953094204985,0.3161979391507904
RPS3,0,8.352412883398943,-2.576481821682974
RPS3A,0,9.828688572460646,-3.744963567414221
RPS4X,0,8.22702803867065,-2.803541781689585
RPS5,0,7.858370139900246,-1.7164619623045998
RPS6KA1,0,4.886582645426277,-4.848214688280911
RPS6KA3,0,2.5416019934645457,0.752782299628981
RPS6KA5,0,3.0349529867072724,-2.571156701196126
RPS6KB1,0,3.8022081394209395,-2.0
RPS7,0,7.6345789859014666,-1.39012209639894
RPUSD4,0,3.068052935133617,0.34456429133039224
RRAGB,0,2.4336133554004498,0.4525122046975067
RRAGC,0,2.2512917986064953,1.1983287164459786
RRBP1,0,3.8155121050473024,-0.4558610804836973
RREB1,0,2.028148247292285,0.19501598240514267
RRM1,0,3.756538102587751,-1.3405875501189626
RRM2,0,0.7884573603642702,-0.5525410230287788
RRP15,0,1.2809338454620642,0.6629650127224292
RRP1B,0,2.2617630984737906,-0.7520724865564145
RRP36,0,1.9459101490553132,2.1043366598147357
RRP7A,0,3.6686767467964168,-1.2837929660005913
RRS1,0,3.254242968705492,-0.5989557728006558
RSBN1,1,3.955082494888593,-3.246546283045225
RSBN1L,0,4.018183201256536,-3.118941072723507
RSF1,0,3.9219733362813143,-1.8102145761968447
RSPO1,0,0.0,0.765534746362977
RSRC1,0,4.079230924412053,-1.8406921059317167
RSRC2,0,3.543853682063679,-1.3471653863863853
RTKN,0,2.0149030205422647,1.246914740470517
RTKN2,1,2.8735646395797834,-4.0081739314457
RTL8A,0,3.5610460826040513,0.275278001588541
RTL8C,0,4.519612297626445,2.2615930864777494
RTN2,1,1.9740810260220096,1.6244908649077934
RTN4,0,4.590056548178043,0.7133385352375485
RTN4RL1,0,0.0,1.722466024471091
RTTN,0,0.4700036292457355,1.2479275134435852
RUBCNL,0,5.09252245356844,-6.346956889378885
RUFY3,0,2.028148247292285,1.1183947008022304
RUNDC1,0,2.0794415416798357,0.017921907997262315
RUNDC3B,0,0.26236426446749106,0.4694852833012202
RUNX1,0,3.2188758248682006,-1.8365012677171204
RUNX1T1,0,0.0,3.169925001442312
RUNX2,1,3.1441522786722644,-3.7705181538772328
RUNX3,0,3.269568939183719,-3.71699089440494
RUVBL2,0,4.204692619390966,-0.8683810325019219
RXFP1,0,0.0,0.0
RYBP,0,0.5877866649021191,1.8524428115861422
S100A11,0,9.794916332523417,-5.707330989739075
S100A16,0,0.26236426446749106,6.522355184727019
S100A8,0,10.886445787656298,-8.818296080016697
S100G,0,0.09531017980432487,-0.13750352374993496
S100PBP,0,2.9806186357439426,-1.3366496005941277
S1PR2,0,3.8264651170664994,-2.632896977784858
SAC3D1,0,0.9555114450274363,0.4288432988038742
SACS,0,0.6418538861723948,2.306661338234052
SAE1,0,4.264087336809195,-0.6989186900182418
SALL2,0,0.7419373447293773,1.584962500721156
SAMD10,0,1.5040773967762742,0.2360673582335245
SAMD11,0,0.832909122935104,2.5849625007211565
SAMD13,0,2.6026896854443837,-2.0324214776923775
SAMD15,0,0.5306282510621704,-0.6280312226130421
SAMD3,0,4.865224091322398,-6.434072168643181
SAMD4A,0,0.7884573603642702,4.420151630975486
SAMD5,0,0.18232155679395465,0.8744691179161412
SAMHD1,0,5.454038241544812,-1.9736961605875194
SAP30,0,0.832909122935104,3.169925001442312
SAR1A,0,4.651099117876491,-1.2408828383757902
SARAF,0,6.877296071497429,-2.718248222866783
SASS6,0,1.589235205116581,-1.292781749227846
SATB1,0,4.661550519424199,-1.8923058030619215
SATB2,0,0.0,0.6780719051126377
SAYSD1,0,3.1945831322991562,-1.8432744963125467
SBF1,0,1.2809338454620642,3.4187896341399515
SBNO1,0,2.1972245773362196,-0.5611157587667885
SC5D,0,2.174751721484161,1.3349842477128087
SCAF11,0,3.9627161197436642,-0.8197504688301409
SCAF4,0,2.4849066497880004,-0.01207283230057497
SCAMP2,0,4.86599480426999,-2.002224665114514
SCARA3,0,0.0,3.8579809951275723
SCARB2,0,3.3945083935113587,0.8197504688301408
SCD,0,1.308332819650179,3.651633540366444
SCD5,0,1.5686159179138452,0.8744691179161412
SCLY,0,1.6863989535702288,0.7208459288029292
SCMH1,0,1.589235205116581,2.951344194055883
SCML2,0,1.5686159179138452,-1.4974996594708168
SCN11A,0,0.0,0.0
SCN3A,1,2.797281334830153,-3.3575520046180833
SCN4B,0,0.0,3.6322682154995127
SCN5A,0,0.0,5.402585758232587
SCNN1A,0,0.9162907318741551,-0.5563933485243854
SCP2,0,5.671947751136183,-0.8827671681764651
SCRN3,0,3.054001181677967,0.2999855420066853
SCYL3,0,2.681021528714291,-1.2829339632714987
SDC1,0,0.6418538861723948,-0.24792751344358538
SDC4,0,1.6863989535702288,3.584962500721156
SDE2,0,3.1179499062782403,-1.4278615396364276
SDF2L1,0,5.393627546352362,-2.4344028241457747
SDHB,0,5.335131339670753,0.5027048186020773
SDHD,0,5.971516909298286,-0.6690488421137504
SDR39U1,0,4.141546163706395,0.3825638926261569
SEC11C,0,5.707774495925738,-3.3325043804738232
SEC14L3,0,0.09531017980432487,-0.13750352374993496
SEC14L4,0,0.5306282510621704,-0.765534746362977
SEC16A,0,1.33500106673234,1.9808911770522954
SEC23A,0,4.257030144499196,-0.608655990010944
SEC23B,0,5.009968405108552,-4.0262227118908465
SEC23IP,0,2.9856819377004897,-0.8744691179161409
SEC24A,0,1.4586150226995167,0.7030182622428686
SEC24C,0,3.6000482404073204,-0.08943508358194462
SEC24D,0,2.856470206220483,0.22948184612276742
SEC61A1,0,4.833102254034098,-0.7868261086929308
SEC61A2,0,1.252762968495368,1.584962500721156
SEC62,0,4.421247347827163,-0.784560339305319
SEC63,0,2.388762789235098,0.8242727124911541
SEL1L,0,3.8501476017100584,-1.0310268956206246
SELENOH,0,6.183942684111306,-2.088653429344226
SELENOW,0,6.133831788394904,1.052824876546333
SELPLG,0,7.345429396112317,-8.061161662731044
SEM1,0,6.602452197772954,-1.651880930918101
SEMA3C,0,3.9259259105971376,-1.184942037083036
SEMA4B,0,2.8903717578961645,0.47969045762109747
SEMA4C,0,0.9162907318741551,3.0426443374084937
SEMA4D,0,3.6686767467964168,-1.6260251573430426
SEMA6A,1,0.18232155679395465,2.718818247455947
SEMG2,0,0.0,0.0
SENP1,1,1.3609765531356006,0.26918663281538924
SENP3,0,0.09531017980432487,4.529253068134868
SEPHS2,0,3.4995332823830174,-0.24656609497803017
SERAC1,0,1.252762968495368,0.15611920191728193
SERBP1,0,5.003946305945459,-0.7082066011847823
SERINC1,0,5.073923033332174,-0.008148283579457677
SERINC5,0,3.1945831322991562,-2.0
SERP1,0,6.23342985266278,-3.718676674908766
SERPINB5,0,0.09531017980432487,0.0
SERPINC1,0,0.26236426446749106,0.0
SERPINE1,0,2.3513752571634776,3.657531126671801
SERPINH1,0,1.9459101490553132,4.469699954091125
SERTAD2,0,1.7749523509116738,0.8855412754150851
SERTAD4,0,0.0,1.9634741239748859
SESN1,0,4.3254562831854875,-1.0703893278913978
SESN2,0,1.9021075263969205,0.08365792904690957
SESN3,0,1.0296194171811583,1.1468413883292712
SESTD1,0,0.9555114450274363,1.4493074013635896
SET,0,5.408516158846112,-0.7927309874608226
SETD2,0,1.547562508716013,0.9211445792887604
SETD3,0,3.258096538021482,1.570089224239626
SETD4,0,2.8507065015037334,-0.679740725473256
SETD5,0,0.832909122935104,3.3406241885972676
SETD7,0,1.6486586255873816,2.954196310386875
SF3A1,0,2.740840023925201,0.8583019149466886
SFI1,0,2.451005098112319,-1.7705181538772328
SFN,0,1.9315214116032138,-1.5849625007211563
SFR1,1,3.202746442938317,-1.5674750739923151
SFRP1,0,0.0,6.92362461136832
SFRP5,0,1.5260563034950494,4.067025093858021
SFT2D2,0,3.9945242269398897,-3.177917792195843
SFT2D3,0,0.18232155679395465,-0.2630344058337938
SFXN1,0,4.61015772749913,-2.9729797860662908
SGCB,1,1.6486586255873816,3.4314172424677007
SGCD,0,0.4700036292457355,4.599912842187128
SGK3,0,3.109060958860994,-1.807354922057604
SGMS2,0,1.6486586255873816,0.914270125974116
SGO1,0,2.4159137783010487,-3.347923303420307
SGO2,0,2.8791984572980396,-3.2278059175228124
SGPL1,0,3.8308129500026027,-2.698875820924656
SGPP1,0,2.066862759472976,-0.4708907340123613
SH2B3,0,2.2407096892759584,1.3280541976842037
SH2D4A,0,1.0296194171811583,0.5145731728297582
SH3BGRL3,0,9.476711980917907,-6.789362329441447
SH3BP4,0,1.410986973710262,1.4106323201588427
SH3BP5L,0,2.1633230256605382,0.7468810630312891
SH3D19,0,0.26236426446749106,5.594181030750534
SH3GL1,0,1.8870696490323797,2.5025003405291835
SH3PXD2A,0,0.26236426446749106,3.742503777707636
SH3PXD2B,0,0.18232155679395465,2.7725895038969273
SH3RF2,0,0.18232155679395465,5.574908836057233
SH3TC2,0,0.0,0.37851162325372983
SHANK3,0,0.0,4.722466024471091
SHE,0,1.6094379124341003,2.2016338611696504
SHH,0,0.26236426446749106,-0.37851162325372995
SHISA9,0,0.4700036292457355,-0.19264507794239608
SHMT1,0,2.468099531471619,-0.8602752363333868
SHOC2,0,4.2710950739666,-1.869105933149048
SHROOM3,1,0.0,2.232660756790275
SHTN1,0,3.0349529867072724,-3.0
SIAH2,0,2.2925347571405443,0.7456828112673153
SIGLEC12,0,0.5306282510621704,-0.6280312226130421
SIGLEC6,0,2.4849066497880004,-3.0995356735509145
SIGMAR1,0,4.200204952921578,-0.9806635149024009
SIK2,0,0.5306282510621704,2.923764414172915
SIK3,0,1.0296194171811583,2.269460674993227
SIKE1,0,1.9459101490553132,0.19264507794239583
SIM1,0,0.0,0.0
SIN3A,0,2.0794415416798357,0.7441610955704101
SIN3B,0,1.6486586255873816,2.40284809027093
SINHCAF,1,4.291828366755733,-2.9591387442748
SIPA1L3,0,0.9162907318741551,1.4854268271702418
SIRT1,0,1.1631508098056809,1.807354922057604
SIRT7,0,3.1484533605716547,-1.694261143211968
SIX1,0,0.0,0.0
SIX4,0,0.0,0.5849625007211562
SKA1,0,0.6931471805599453,-0.7369655941662062
SKA2,0,3.903990833730882,-0.5321315442140632
SKIDA1,0,0.18232155679395465,0.8744691179161412
SKIL,0,2.4336133554004498,0.14438990933517465
SKP1,0,7.798728202872002,-1.9519784851370565
SLAIN2,0,2.388762789235098,1.8828673664020024
SLAMF1,0,3.955082494888593,-4.705977901682522
SLBP,1,4.578826210648489,-2.373189110404705
SLC10A3,0,5.393172897560715,-3.2322671692715637
SLC10A6,0,0.0,0.765534746362977
SLC11A1,0,1.9600947840472698,0.30968449913261537
SLC11A2,0,2.0794415416798357,0.9354597478052895
SLC15A2,0,0.832909122935104,0.3344190390705593
SLC16A1,0,1.9740810260220096,3.2072855289462394
SLC16A10,0,0.9932517730102833,0.24511249783653138
SLC16A14,1,2.509599262378372,-1.8981203859807867
SLC16A4,0,0.9162907318741551,1.1375035237499351
SLC16A5,0,3.586292865338835,-1.3259300254448585
SLC16A6,0,1.7047480922384253,-1.533432200081074
SLC16A7,0,2.2512917986064953,1.84799690655495
SLC16A9,1,0.0,2.1043366598147357
SLC19A1,0,4.647271362006727,-4.354098100548271
SLC19A2,0,1.0986122886681098,3.373880174522084
SLC1A4,0,2.3513752571634776,-0.5849625007211563
SLC1A5,0,4.574710978503383,-1.8719923876239286
SLC22A9,0,0.5877866649021191,-0.84799690655495
SLC24A4,0,2.7536607123542622,-3.709658248170471
SLC25A1,0,4.635699391022914,-1.9117965344075816
SLC25A10,0,0.6931471805599453,2.4724877714627436
SLC25A12,1,0.9162907318741551,4.625270489374693
SLC25A14,0,1.7404661748405046,-0.051530300640082065
SLC25A15,0,1.1314021114911006,0.25525705524207465
SLC25A16,0,0.832909122935104,0.6858914095719372
SLC25A19,0,3.624340932976365,-1.7305678229680554
SLC25A22,0,1.589235205116581,0.7946810920224935
SLC25A24,0,0.5306282510621704,1.7454271729144022
SLC25A26,0,2.975529566236472,0.5350372753894737
SLC25A27,0,0.0,5.161887682376894
SLC25A30,0,1.2237754316221157,4.36374827058199
SLC25A32,1,2.1162555148025524,0.32540028679416744
SLC25A33,0,1.33500106673234,0.658963082164933
SLC25A38,0,4.062165663857866,-1.4681488357384063
SLC25A40,0,2.312535423847214,0.04222823538929746
SLC25A42,0,1.4586150226995167,1.9224633995289797
SLC25A51,0,2.8735646395797834,-1.7127180479195288
SLC26A2,0,1.62924053973028,-0.4629719763425456
SLC26A7,0,0.0,0.765534746362977
SLC27A4,0,1.7404661748405046,1.8675497039763505
SLC28A1,0,0.09531017980432487,0.7884958948062881
SLC29A1,0,6.956735901203759,-3.1710244071277427
SLC2A12,0,0.09531017980432487,3.3607473437778905
SLC2A3,0,5.421861552639491,-1.8866330265742408
SLC31A1,0,3.4688560301359703,-1.9688774825042197
SLC33A1,0,2.8449093838194073,-0.5436217053402564
SLC35A3,0,1.791759469228055,0.070389327891398
SLC35A4,0,4.4343818650078095,-0.24974700370256606
SLC35A5,0,3.349904087274605,-1.4823927670806085
SLC35B4,0,1.410986973710262,-0.22826898767311707
SLC35C1,0,2.9652730660692823,-1.0
SLC35E1,0,1.4350845252893227,1.3491495636223865
SLC35E2B,0,2.2925347571405443,1.0
SLC35E3,0,1.0647107369924282,-0.8579809951275721
SLC35F3,0,1.5040773967762742,-2.1699250014423126
SLC35F6,0,3.4688560301359703,-1.1665581503439137
SLC35G1,0,0.7419373447293773,0.19264507794239583
SLC35G2,0,0.6931471805599453,2.137503523749935
SLC37A2,0,3.0106208860477417,-3.0214797274104517
SLC38A1,0,4.278054044290903,-0.7124957357161628
SLC38A2,0,3.9646154555473165,0.1799279696275904
SLC38A7,0,2.066862759472976,1.0537712564409805
SLC38A9,0,2.3513752571634776,-1.1596566659884853
SLC39A1,0,4.5736795188967205,-0.6653242855963515
SLC39A11,0,3.7256934272366524,-2.8640775120695454
SLC39A14,0,2.1041341542702074,3.197036847059554
SLC39A3,0,4.442651256490317,-1.8486759816632228
SLC39A8,1,2.4336133554004498,1.361866840257506
SLC39A9,0,2.517696472610991,0.045803689613124754
SLC44A1,0,2.2512917986064953,0.658963082164933
SLC46A3,0,3.529297384289471,-1.4024006736009182
SLC48A1,0,3.629660094453965,-0.37354537036038044
SLC4A1,0,0.5306282510621704,-0.38702312310924714
SLC4A1AP,0,4.596129441335942,-2.301689556007559
SLC4A7,1,0.8754687373538999,1.8413022539809418
SLC52A2,0,2.388762789235098,1.2870981107242632
SLC5A6,0,2.322387720290225,-0.2801079191927352
SLC6A5,0,0.0,0.0
SLC6A6,0,4.05871738457895,-1.2349050326499966
SLC7A1,0,0.7884573603642702,1.9156078127096277
SLC7A11,0,0.6418538861723948,0.5069599887198832
SLC7A2,0,0.0,3.678071905112638
SLC7A5,0,2.9014215940827497,0.23367234620245073
SLC7A6,0,2.8735646395797834,0.09463687413807527
SLC7A6OS,0,3.3843902633457743,-1.0752881273042372
SLC8A1,0,3.711130063048756,1.8690073998474883
SLC9A1,0,1.0986122886681098,2.252980741169871
SLC9A3R2,0,1.589235205116581,6.815481326076488
SLC9A4,0,0.09531017980432487,0.44745897697122117
SLC9A5,0,0.09531017980432487,1.1844245711374273
SLCO3A1,0,2.1400661634962708,1.6404576133128599
SLF1,0,2.1162555148025524,-1.375039431346925
SLF2,0,2.4932054526026954,-0.0733731863302192
SLFN11,0,3.299533727885655,-0.4097236993823761
SLFN5,0,4.248495242049359,-2.912052300724297
SLITRK3,0,0.0,0.48542682717024166
SLITRK4,0,2.5416019934645457,-2.0344883763852906
SMAD1,0,3.8607297110405954,-1.7937516202577837
SMAD2,0,4.097672352314776,-0.1864957646456764
SMAD3,0,1.5260563034950494,2.6159893963417806
SMAD4,0,0.9932517730102833,2.2451124978365313
SMAD5,0,4.534747721691546,-2.5880617393800427
SMAD9,0,0.18232155679395465,2.415037499278844
SMARCA1,0,0.7419373447293773,3.5501970825604796
SMARCA2,0,3.299533727885655,0.7284225933872752
SMARCB1,0,3.2386784521643803,0.7738308879180685
SMARCC1,0,1.589235205116581,1.0435016386365865
SMARCD1,0,1.5260563034950494,2.023332503830624
SMARCD2,0,2.2192034840549946,1.0984898633993634
SMARCD3,0,1.8718021769015913,3.571956790896393
SMARCE1,0,4.837867950107113,-1.6685009978395913
SMC2,0,2.772588722239781,-0.8956633401852645
SMC4,0,4.3254562831854875,-3.24031432933371
SMC6,0,3.3603753871419,-1.630766190334281
SMCR8,0,1.252762968495368,0.5986374376182326
SMG1,0,3.5751506887855933,-1.3608391913055922
SMIM14,0,4.686750172980514,-3.328591825168373
SMIM17,0,0.09531017980432487,0.3479233034203066
SMIM21,0,0.0,0.0
SMIM8,0,3.0106208860477417,-1.2559449810474745
SMKR1,0,0.832909122935104,-1.2016338611696504
SMO,0,0.0,3.137503523749935
SMTN,0,0.7419373447293773,6.141012309527073
SMTNL2,0,0.26236426446749106,3.8387190929669393
SMU1,0,3.190476350346503,-1.1566281788288546
SMURF2,0,1.308332819650179,0.43440282414577486
SMYD4,0,2.5649493574615367,-0.7555812723335531
SMYD5,0,2.4932054526026954,0.6046987187824182
SNAI1,0,0.7884573603642702,2.9068905956085183
SNAI2,0,0.09531017980432487,3.825970600224951
SNAP25,0,0.4700036292457355,1.3575520046180833
SNAPC1,0,2.2823823856765264,-0.12285674778553364
SNAPC4,0,0.18232155679395465,2.4594316186372973
SNAPIN,0,5.045358730154642,-1.310823267454683
SNPH,0,0.6931471805599453,1.9818526532897407
SNRNP27,0,3.7932394694381792,-0.1833910690427535
SNRNP35,0,4.411585436915426,-1.0105434942414697
SNRNP40,0,5.087596335232384,-3.462105752935623
SNRNP48,0,1.1314021114911006,1.3495844377902277
SNRPA1,0,4.08260930600368,-1.189520481517549
SNRPB,0,5.585749407744609,-1.5958262195314525
SNRPD1,1,5.42141956368202,-2.7814394402545792
SNRPD3,0,4.123903364463645,-0.8120314092670771
SNTB1,0,1.308332819650179,0.6485276294986223
SNTB2,0,0.7419373447293773,1.538419914784126
SNTN,0,0.6931471805599453,-1.0
SNX10,0,5.2045559867335625,-6.306953250919825
SNX13,0,1.0986122886681098,2.1375035237499347
SNX19,0,2.0149030205422647,1.4506614090095653
SNX2,0,5.676753802268282,-3.6852041664764648
SNX22,0,1.9600947840472698,0.8160371651574051
SNX24,0,1.4350845252893227,1.6189098326444937
SNX25,0,0.6931471805599453,2.232660756790275
SNX4,0,3.288401887516811,-0.6566982543200708
SNX6,0,4.853591544486569,-1.9361632612736062
SOAT1,0,4.034240638152395,-3.1879107469156747
SOBP,0,0.832909122935104,2.321928094887362
SOCS1,0,2.6946271807700692,-1.3268103162671085
SOCS2,0,5.191288793789513,-2.6464677668342538
SOCS3,0,2.3608540011180215,2.828585600108729
SOCS6,0,1.589235205116581,1.243271151012364
SOCS7,0,0.26236426446749106,2.230297619421794
SOD1,0,6.619005970569933,-0.6943387060954467
SON,0,3.7062280924485496,0.5454341365345188
SORD,0,4.485259889315534,-3.792790294301064
SORT1,0,2.4765384001174837,2.413521266831464
SOS2,0,2.1972245773362196,1.2696981361148045
SOWAHC,0,0.18232155679395465,1.2730184944064158
SOX11,0,0.5306282510621704,-0.28010791919273537
SOX12,0,0.26236426446749106,2.5090136474878575
SOX2,0,0.0,0.48542682717024166
SOX4,0,3.845883202923601,-2.700439718141092
SOX5,0,0.8754687373538999,0.32192809488736235
SOX6,0,1.0986122886681098,0.3410369178350669
SOX9,0,0.0,4.017921907997263
SP1,0,2.066862759472976,0.8255022687678635
SP110,0,5.6017497490910495,-4.927811247235616
SP2,0,2.667228206581955,0.32192809488736235
SP4,0,2.2925347571405443,-1.1057946640225969
SP7,0,0.0,0.0
SP8,0,0.0,0.0
SPAG5,0,2.5416019934645457,-2.40372218605101
SPAG9,0,2.5877640352277083,0.7712660517897253
SPARC,0,4.829912458665998,2.1212273049078254
SPATA13,0,3.7013019741124933,-2.1071892460943498
SPATA2,0,1.2809338454620642,1.078002512001273
SPATA5,0,0.5306282510621704,0.08246216019197297
SPATA6,0,1.9315214116032138,-0.40808473863707684
SPC24,0,1.1314021114911006,0.25525705524207465
SPC25,0,0.4700036292457355,-0.2995602818589078
SPCS3,0,3.7819143200811256,-0.23504530928012052
SPECC1,0,3.7400477406883357,-2.835033373704555
SPECC1L,0,1.7749523509116738,1.679599374859231
SPEN,0,2.2407096892759584,0.2783011624871044
SPHK1,0,1.7578579175523736,1.6338721012021027
SPIB,0,6.354370040797351,-8.904383739997943
SPIDR,0,2.4595888418037104,0.15200309344505006
SPIN4,0,1.2809338454620642,-0.710493382805015
SPINK1,0,0.26236426446749106,3.265344566520995
SPIRE1,0,0.18232155679395465,4.129283016944966
SPOP,0,4.983606621708336,-1.8499745559953926
SPRED1,0,0.8754687373538999,1.7548875021634684
SPRED2,0,1.667706820558076,1.5104842847618798
SPRTN,0,2.379546134130174,-1.0269670476002695
SPRY2,0,1.62924053973028,3.3019892478340314
SPRY4,0,0.0,4.329123596291566
SPTBN1,1,1.824549292051046,4.413218440859953
SPTLC1,0,3.655839600035736,-0.6536752508051704
SPTLC3,0,0.9162907318741551,1.5260688116675876
SPTY2D1,0,1.7404661748405046,0.0
SRCAP,0,0.6418538861723948,2.0558532347335174
SRD5A1,0,1.4816045409242156,-1.2115041051937119
SREK1,0,1.7749523509116738,-0.024662054234269235
SRF,0,0.7884573603642702,4.774188058122405
SRGAP1,0,0.26236426446749106,1.2064508774674263
SRGAP2,0,2.424802725718295,0.062464086946653646
SRI,0,6.435990099116741,-2.9704744735499036
SRP19,0,4.477336814478207,-1.7813597135246595
SRPRA,0,4.575741375297279,-0.6565409447242909
SRPX2,0,0.09531017980432487,3.595850816863892
SRRM1,0,3.5322256440685598,0.1746045223821824
SRRM2,0,4.462453883786496,0.4507831605637863
SRSF3,0,5.863915226161007,-2.3534093391588398
SRSF4,0,4.638604962074329,-0.7637220524086022
SRSF5,0,5.099256485749784,-0.1297782306407078
SRSF6,0,3.5380565643793527,-0.131644005810471
SRSF7,0,4.9670316566141235,-1.9370932484398082
SRSF9,0,3.893859034800475,-0.3471221770466126
SRXN1,0,2.5877640352277083,1.4799929411196135
SS18,0,3.3357695763397,0.06033053420132158
SSH2,0,4.9141243937154115,-2.782154367932461
SSH3,0,2.533696813957432,0.04508788952853819
SSNA1,0,5.0912931971137105,-1.0250598491470508
SSPN,0,4.072439726834051,-0.37066820581913734
SSR1,0,5.373888553395111,-2.4059254768942067
SSR3,0,5.096812990337308,-0.534245149612444
SSRP1,0,2.4849066497880004,1.9541963103868751
SSTR2,0,0.7884573603642702,-0.3719687773869581
ST3GAL1,0,3.8877303128591016,0.10268566397456397
ST3GAL5,0,1.3862943611198906,0.32192809488736235
ST3GAL6,0,3.949318790171843,-1.1492260087744763
ST6GALNAC4,0,5.4608612957333165,-2.786657676200125
STAG2,0,3.6584202466292277,-0.9345769250019513
STAM,0,4.3528552573736015,-2.0782088323506973
STAMBP,0,3.3357695763397,-0.9152577997587646
STAMBPL1,0,3.380994674344636,-1.756728848987636
STAP2,0,2.1972245773362196,-0.6338721012021028
STARD13,0,0.5306282510621704,2.945960160287111
STARD5,0,1.7578579175523736,-1.6880559936852597
STARD7,0,3.7796338173824005,1.1366049282422859
STARD8,0,1.7578579175523736,1.1754420064098783
STAT1,0,5.440684607834958,-2.7240935714421197
STAT2,0,3.1484533605716547,-1.356391504455584
STAT3,0,5.576327819303087,-1.4155838712001212
STAU1,0,3.6686767467964168,0.3189808108370254
STAU2,0,3.817712325956905,0.6028191653021998
STC2,0,0.0,3.4059923596758366
STIL,0,0.5306282510621704,-0.08746284125033926
STK17B,0,5.474369310328396,-5.4384138373682145
STK24,0,2.6878474937846906,1.7191908924382302
STK3,0,2.2823823856765264,-0.014797001928080714
STK35,0,0.5306282510621704,2.6540041451508074
STK38L,0,4.409155302062135,-0.8918316951266647
STK4,0,4.2456340097683265,-3.6921957240461833
STK40,0,3.269568939183719,0.6890014652708967
STMP1,0,6.073274922305548,-4.089458270394023
STN1,0,4.774912960575186,-1.8752809890916966
STOML3,0,0.0,0.0
STOX2,0,0.0,2.169925001442312
STPG1,0,1.1939224684724346,0.3131578852596303
STRAP,0,4.537961436294641,-0.0422740674840841
STRBP,0,2.2082744135228043,-0.5305147166987798
STRIP1,0,2.8449093838194073,-0.37098231920090824
STRN,0,0.832909122935104,3.2246308935324475
STRN3,1,1.9021075263969205,1.488499661219865
STUM,0,0.0,1.632268215499513
STX12,0,3.735285826928092,-0.9760968134735133
STX16,0,2.9444389791664403,1.0075732197048008
STX1B,0,0.18232155679395465,1.0588936890535685
STX3,0,4.320151230955794,-2.1537094153954532
STX6,0,1.2237754316221157,0.9569312781081141
STX7,0,4.6839813664123815,-1.5997045197977156
STXBP2,1,6.731972299027765,-6.73033039791949
STXBP3,0,4.1588830833596715,-1.6214883767462702
STXBP4,0,1.1314021114911006,-0.19930880822340666
SUB1,0,6.483871585349955,-2.5702689682614457
SUCLA2,0,4.152613470346076,0.6178543822785308
SUGP1,0,2.70805020110221,-0.7210240502971845
SUGP2,0,1.6863989535702288,2.7529071380352277
SUGT1,0,4.169761201506855,-0.8140599459354948
SULT1B1,0,3.502549875922443,-3.567684509289321
SUMO1,0,5.981666704627871,-2.344318672155009
SUN2,0,3.7328963395307104,1.022261611472156
SUPT6H,0,2.772588722239781,0.8529975876133163
SURF4,0,4.2456340097683265,0.058728327709942164
SUSD1,0,3.8133070324889884,-2.7789731206877817
SUSD5,0,0.26236426446749106,0.9434164716336324
SUV39H1,0,2.4849066497880004,-1.415037499278844
SUZ12,0,1.2237754316221157,1.6938968722743202
SV2B,0,0.09531017980432487,0.6280312226130419
SVEP1,0,0.0,2.786596361890807
SVIP,0,3.2188758248682006,-1.965784284662087
SWAP70,0,4.450852825603734,-2.368111962765575
SYAP1,0,2.5572273113676265,-0.3388019134517586
SYDE2,0,0.09531017980432487,1.8981203859807863
SYMPK,0,1.916922612182061,1.396352936013917
SYNCRIP,0,3.086486636822455,0.6556654920643581
SYNE1,0,4.053522567701846,-0.5333003808986635
SYNE2,0,4.316153890523174,-0.38643057970184624
SYNGR1,1,3.824284091120139,0.2926531725118491
SYNGR2,0,7.043247248419294,-2.9684719177982273
SYNJ2,0,1.6486586255873816,1.1197392442740957
SYNM,0,0.26236426446749106,6.755914696967197
SYNPO2L,0,0.4054651081081644,7.403154084038987
SYP,0,0.9932517730102833,0.5670405927238937
SYPL1,0,4.890349128221754,-0.8893704965655006
SYT15,0,0.7884573603642702,0.9328858041414629
SYTL2,0,3.2108436531709366,-1.4464016701881792
TAC1,0,0.0,1.2016338611696504
TACC1,0,3.535145354171894,0.2145598543708366
TACC2,0,0.0,7.934870291192027
TAF15,0,0.4054651081081644,5.439623137557117
TAF1B,0,2.8094026953624973,-1.5676845092893208
TAF1D,0,3.8155121050473024,-2.522767739113812
TAF2,0,1.8718021769015913,-0.18947779886371285
TAF3,0,1.33500106673234,0.8181616770141871
TAF4B,1,1.1939224684724346,-1.3439544012173612
TAF7,0,5.232177564043492,-0.8973849335171136
TAF9B,1,2.928523523860541,0.31729168476664366
TAGLN2,0,8.233423455784372,-3.466808201186914
TANK,1,5.255931650051599,-2.817171780417811
TAOK1,0,1.2237754316221157,2.052088511148454
TAOK2,0,0.7884573603642702,3.8892965355937803
TARDBP,0,4.225372824628505,0.41187022020016056
TAS2R5,0,0.18232155679395465,0.8744691179161412
TAT,0,0.4700036292457355,-0.5405683813627028
TATDN3,0,4.3267781604434035,-1.9494396458705234
TBC1D1,0,3.1441522786722644,1.2000107276316039
TBC1D10B,0,0.9932517730102833,2.5760293759511486
TBC1D15,0,2.5416019934645457,0.31509606140493734
TBC1D19,0,1.8082887711792655,0.09163047546556834
TBC1D21,0,0.0,0.0
TBC1D22B,0,1.6863989535702288,0.602664502454615
TBC1D31,0,3.3214324131932926,-2.943817164606876
TBC1D5,0,2.5494451709255714,0.3663222142458158
TBC1D9,0,1.9315214116032138,0.41503749927884376
TBCCD1,0,2.9444389791664403,-1.5925756848310315
TBCD,0,3.9454577815143836,-0.4141076281278072
TBCK,0,2.714694743820879,-2.028951373696129
TBL1X,0,3.0007198150650303,-1.311201688294304
TBL1XR1,0,2.4336133554004498,1.3862785062974199
TBPL1,0,4.8993312245375815,-3.4243846715380966
TBX19,0,1.2237754316221157,-0.6951454184715791
TBX3,0,0.0,3.786596361890807
TCEA3,0,2.6878474937846906,2.257708534236171
TCEAL7,0,0.09531017980432487,3.720477471377637
TCERG1,0,2.5649493574615367,-0.2944473584652553
TCF12,0,3.353406717825807,-0.37851162325372995
TCF23,0,0.9162907318741551,-1.3219280948873622
TCF7,0,4.590056548178043,-5.03708931873522
TCF7L2,0,4.139955073474153,-2.771058792834614
TCFL5,1,0.4700036292457355,2.189824558880017
TCHP,0,1.9459101490553132,0.330148601692331
TCP11,0,0.0,0.13750352374993502
TDG,0,4.540098189244376,-3.157659719993064
TDP1,0,3.505557396986398,-3.2500953501262955
TDRD1,0,0.9555114450274363,-0.7935491225325738
TECPR1,0,1.7749523509116738,0.8452774052013579
TECRL,0,0.09531017980432487,8.924542613970555
TEF,0,0.6418538861723948,4.087462841250339
TELO2,0,2.468099531471619,0.22588140741632778
TEP1,0,1.8562979903656263,0.2479275134435852
TERF1,0,2.617395832834079,-0.1322477982984397
TERF2,0,2.667228206581955,0.10619940383192512
TET2,0,4.037774210733707,-3.789652920324145
TEX30,0,5.90454407507728,-5.2256747065964575
TFAM,1,2.772588722239781,0.2326607567902751
TFCP2L1,1,0.4054651081081644,-0.32192809488736246
TFDP1,0,3.4965075614664802,0.04730571477835682
TFDP2,0,4.2626798770413155,-1.44376921782216
TFEC,0,2.0918640616783932,-2.017921907997262
TFG,0,4.446174454497633,-0.07640603888831243
TFRC,0,2.322387720290225,1.599037685932879
TGFA,0,3.2188758248682006,-3.8783214434117474
TGFB1,0,1.589235205116581,2.8610235868511897
TGFB2,0,0.33647223662121295,2.3625700793847084
TGFBI,0,5.787510690186913,-1.8042623270022222
TGFBR2,0,2.8735646395797834,2.3950318074757964
TGFBRAP1,0,1.0296194171811583,1.402098443571346
TGIF2,0,2.833213344056216,-1.25964381663302
TGM2,0,0.4700036292457355,7.90275194485016
TH,0,0.0,0.13750352374993502
THAP2,0,2.2082744135228043,-0.6009040445901778
THAP3,0,3.4719664525503626,-0.17609876906251304
THAP6,0,2.954910279033736,-0.3561438102252753
THBD,0,3.242592351485517,0.28077077013060253
THBS1,0,2.8213788864092133,2.5145731728297585
THEM6,0,2.8678989020441064,-0.05004068249959562
THOP1,0,2.312535423847214,1.9040309414692778
THRA,0,1.1314021114911006,4.335822536545743
THRAP3,0,4.467056883858457,-0.9023427639445842
THSD7A,0,1.840549633397487,-1.9772799234999163
THUMPD1,0,3.0349529867072724,-0.7935491225325738
THUMPD3,0,3.4111477125153233,-0.29480675188827327
THY1,0,0.18232155679395465,3.4918530963296748
TIAL1,0,1.7578579175523736,2.4412270232597066
TIAM1,0,3.543853682063679,-2.4573483041368083
TICAM2,0,2.2300144001592104,-1.494764691749578
TICRR,0,0.0,0.13750352374993502
TIFA,0,3.7256934272366524,-1.8767885638190993
TIGD4,1,0.33647223662121295,-0.10691520391651173
TIGD6,0,1.6486586255873816,-0.7935491225325738
TIMM10,0,5.244916589820922,-1.659924558402378
TIMM17A,0,3.933784497209659,0.46634489233355875
TIMM23,0,4.884315927417586,-0.673278170011941
TIMM29,0,2.9444389791664403,-0.4303042559321543
TIMM50,0,4.151039905898646,0.2266056188790681
TIMM8A,0,2.5726122302071057,-0.18793295059307502
TIMP3,0,0.26236426446749106,8.633274707952879
TIRAP,0,1.8562979903656263,0.16992500144231237
TJAP1,0,2.631888840136646,0.8526024812272647
TJP1,0,0.0,5.205548911173033
TJP2,0,1.1939224684724346,3.4353861446706464
TKT,0,6.105685691198005,-4.037813421885574
TLN2,0,0.0,3.655351828612554
TLR4,0,4.475061500641071,-3.2862240332056833
TM4SF1,0,0.0,7.4684204018645515
TM9SF3,0,2.1041341542702074,2.260833497640523
TMC3,0,0.26236426446749106,-0.11547721741993608
TMCC1,0,2.501435951739211,-0.4550039065964885
TMCO1,0,5.675383000134503,-2.396032838277749
TMCO3,0,3.0587070727153796,0.4048417321729553
TMED10,0,4.695924549256556,-0.44029029121075525
TMED2,0,5.525054453372377,-1.1456918304669437
TMED5,0,4.060443010546419,-2.1464860884774843
TMED8,0,1.1939224684724346,0.38187063534364446
TMEFF1,0,0.0,0.0
TMEM101,0,3.8264651170664994,-0.9781641987595275
TMEM106A,0,3.3214324131932926,-3.2068515704406697
TMEM106B,0,3.292126286607793,0.24595025120824515
TMEM106C,0,4.213607983048918,-0.22097034626724976
TMEM11,0,4.3489867805956814,-1.8479969065549502
TMEM120B,0,0.7419373447293773,2.0
TMEM145,0,2.681021528714291,-3.019899557437705
TMEM151B,0,0.0,0.5849625007211562
TMEM154,0,3.632309102625542,-4.562242424221073
TMEM164,0,4.107589788972121,-1.4024374624992102
TMEM165,0,3.7232808808312687,-0.1582115808785218
TMEM168,0,3.100092288878234,-0.6244908649077935
TMEM169,0,1.547562508716013,-1.8541491335365452
TMEM17,0,1.0647107369924282,0.09621531525930327
TMEM170A,0,3.6712245188752153,-2.296457407371244
TMEM170B,0,0.6418538861723948,0.658963082164933
TMEM182,0,1.5260563034950494,4.371255807250931
TMEM184C,0,3.0633909220278057,-0.5417946415647825
TMEM19,0,4.911919321157098,-3.0774128626527744
TMEM200A,0,1.6094379124341003,-1.6438561897747246
TMEM241,0,1.9459101490553132,-1.4854268271702418
TMEM242,0,3.427514689979529,-1.0769619818148841
TMEM245,0,1.824549292051046,2.777122720638189
TMEM25,0,2.3978952727983707,-0.1963972128035035
TMEM250,0,1.9740810260220096,1.3138907758219438
TMEM30A,0,4.943782987108415,-1.6501682724365814
TMEM40,0,3.5263605246161616,-2.765534746362977
TMEM41A,0,3.122364924487357,-1.0986280327277158
TMEM45B,0,2.5494451709255714,-3.5405683813627027
TMEM47,0,0.0,5.165911938935689
TMEM59,0,7.092739953195576,-2.172505261535671
TMEM63C,0,0.26236426446749106,0.5474877953024933
TMEM67,0,0.4700036292457355,3.8073549220576037
TMEM68,0,3.5610460826040513,-2.415037499278844
TMEM74,0,0.0,1.1375035237499351
TMEM74B,0,0.09531017980432487,3.4353861446706464
TMEM86A,0,1.4816045409242156,-0.21150410519371193
TMEM87A,0,3.6189933266497696,-1.0038730091472061
TMEM9,0,4.33729074083249,-0.5963223628857041
TMEM97,0,2.8390784635086144,-1.9915877601838
TMEM9B,0,5.19351225218191,-1.7811594643688256
TMOD2,0,2.6461747973841225,-0.9898042328941117
TMOD3,0,3.8918202981106265,-2.669851398307669
TMPO,0,4.3463994570307305,-2.722092317684676
TMSB4X,0,11.37269166128603,-5.08207663080372
TMTC1,0,0.18232155679395465,3.8244284354165456
TMTC2,0,0.6418538861723948,0.6100534816839867
TMTC3,0,2.2617630984737906,-1.0614005446641435
TMTC4,0,1.4586150226995167,0.15869774601905823
TMX1,0,2.8154087194227095,-1.5508142783093104
TMX3,0,2.0014800002101243,1.5047921520371728
TNF,0,4.309455941839047,-4.409875794163065
TNFAIP3,0,2.785011242238338,0.5181309922429473
TNFAIP8,0,6.2049617213703865,-5.750233643157252
TNFRSF10A,0,3.086486636822455,-2.489384840738925
TNFRSF10B,0,2.9338568698359038,-0.36476429279762024
TNFRSF13C,0,3.3945083935113587,-4.4118135984045574
TNFRSF21,0,4.252771798816619,-2.7431353614064125
TNFSF13,0,5.954281755980266,-4.388578900238708
TNFSF13B,0,6.234998788069926,-6.762541074706904
TNFSF14,0,5.302807271820889,-5.4176729970556545
TNFSF9,0,0.5877866649021191,-0.16992500144231226
TNIP3,1,1.9740810260220096,-2.710493382805015
TNKS1BP1,0,0.18232155679395465,4.291554445843844
TNKS2,0,0.9162907318741551,2.2265085298086795
TNNI3,0,0.09531017980432487,13.216869843083044
TNPO1,0,2.8678989020441064,0.5349218182215606
TNPO2,0,0.9162907318741551,3.4222330006830477
TNPO3,0,3.32862668882732,-0.7932044337145703
TNR,0,0.18232155679395465,-0.2630344058337938
TNRC6A,0,0.7419373447293773,2.478047296804644
TNRC6B,0,6.193997144518067,-6.450622136506374
TNS1,0,2.0794415416798357,4.372429792334089
TNS3,0,1.667706820558076,2.580418575576208
TNS4,0,0.09531017980432487,0.0
TNXB,0,0.09531017980432487,6.030416341802001
TOB2,0,2.3978952727983707,1.8945973194170893
TOMM5,0,5.7439642642890325,-1.9257222703388903
TOMM70,1,1.308332819650179,3.3755091350922064
TOP1,0,3.0007198150650303,-0.04372137742931805
TOPBP1,0,1.1631508098056809,1.1085244567781691
TOR1AIP1,0,5.334649295795427,-2.440771350777477
TOR1AIP2,0,3.104586678466073,-0.9935449778627006
TOR1B,0,3.0587070727153796,-1.1497471195046822
TOR2A,0,4.581901559048737,-3.97801844158151
TOR3A,0,4.597138014290827,-2.888107119929103
TOR4A,0,0.832909122935104,2.5639008851933265
TOX4,0,3.912023005428146,-1.171368418311981
TP53,0,3.449987545831587,-1.4288432988038744
TP53BP1,0,1.0647107369924282,1.7118746132033758
TP53BP2,0,1.7578579175523736,1.1307036916445938
TP53INP1,0,4.021773869387265,-2.2786312608848123
TPD52L2,0,4.933034048072704,-0.7245463349121384
TPGS2,0,5.592478405097527,-2.212749418210947
TPI1,0,8.450732824715967,-2.557926928746789
TPM1,0,3.910021002757473,7.686261915552677
TPM2,1,5.992713766508414,0.9321480150614387
TPM3,0,7.844201517059856,-3.045327600491564
TPM4,0,5.069532935343741,0.21212223529966573
TPR,0,4.995183189537334,-3.0772429989324603
TPRG1,1,1.6094379124341003,-0.7858751946471527
TPRG1L,0,3.077312260546414,1.2496760229787751
TPSD1,0,1.3609765531356006,-0.9634741239748859
TPT1,0,8.073808123807837,0.44913327490140453
TRA2A,0,3.4242626545931514,-0.033276154874298525
TRA2B,0,3.484312288372662,-0.044947406053974695
TRAF1,0,2.6390573296152584,-0.5293701747578388
TRAF3IP3,1,6.379783496381176,-7.825570388920644
TRAF5,0,3.1484533605716547,-2.404754526016983
TRAF6,0,4.104294893075269,-2.8681345521260257
TRAF7,0,1.791759469228055,1.84799690655495
TRAIP,0,1.3609765531356006,-1.0374747054186628
TRAM2,0,1.1314021114911006,1.8402195559632308
TRAPPC10,0,2.3702437414678603,-0.43768623822404384
TRAPPC2B,0,4.2456340097683265,-1.8177266061300423
TRAPPC3,0,5.098646171418969,-1.6975800640018517
TRAPPC3L,0,1.33500106673234,-1.078002512001273
TRIB1,0,2.388762789235098,0.7787101351107103
TRIB3,0,3.0106208860477417,-2.050626073069968
TRIM10,0,0.0,0.0
TRIM13,0,3.8628327612373745,-1.4854268271702418
TRIM2,1,0.6931471805599453,2.2016338611696504
TRIM23,0,3.039749158970765,-0.8493781369533107
TRIM24,0,0.6931471805599453,2.4724877714627436
TRIM26,0,1.0647107369924282,2.1754420064098783
TRIM29,0,0.0,0.48542682717024166
TRIM35,0,2.740840023925201,-1.2988444817743212
TRIM42,0,0.0,0.0
TRIM45,0,0.4700036292457355,3.044394119358453
TRIM56,0,1.62924053973028,1.0554951125917038
TRIM59,1,3.4011973816621555,-4.141355849245541
TRIM65,0,1.1631508098056809,1.7813597135246595
TRIM66,0,0.5877866649021191,0.15200309344505006
TRIM68,0,2.4932054526026954,-0.5969351423872321
TRIM71,0,0.0,0.0
TRIM8,0,2.9444389791664403,1.8073549220576042
TRIM9,0,0.0,1.070389327891398
TRIOBP,0,2.9601050959108397,1.9232428010159621
TRIP13,0,1.1631508098056809,-1.192645077942396
TRMT10A,0,1.916922612182061,-1.0874628412503393
TRMT112,0,6.694438288485663,-3.1904273702524684
TRMT2A,0,2.833213344056216,-0.2394659346953894
TRMT5,0,1.9315214116032138,-0.43609911480667357
TRMT61A,0,2.468099531471619,-0.5250910447437577
TROAP,1,2.272125885509337,-2.5124500009367883
TRPA1,0,0.33647223662121295,0.2801079191927355
TRPC1,0,0.09531017980432487,3.241008099503795
TRPM4,0,1.667706820558076,2.136265690091081
TRPM6,0,3.186352633162641,-4.3339007365534385
TRPS1,0,1.7047480922384253,-0.22677086184702214
TRPV1,0,0.26236426446749106,2.674599713205833
TRRAP,0,1.3609765531356006,0.9625252945813372
TRUB1,1,2.2082744135228043,1.253756592245783
TSC22D1,0,3.929862923556477,1.2973442280901244
TSC22D2,0,1.3609765531356006,2.482782105914678
TSC22D3,0,7.785596200481093,-2.9013241506834113
TSHR,0,2.066862759472976,-2.603341030036011
TSHZ2,1,1.3862943611198906,0.2016338611696504
TSKU,0,0.26236426446749106,4.734188509495633
TSPAN1,0,1.8870696490323797,-1.7964666059148677
TSPAN19,0,0.8754687373538999,-1.1255308820838588
TSPAN2,0,4.713127327493184,-3.7816835144554073
TSPAN4,0,4.995183189537334,-1.3787069912601073
TSPAN6,0,1.1314021114911006,1.6003925412907622
TSPYL1,0,4.803201036487226,-1.5066485731206667
TSR2,0,3.8607297110405954,-0.07800251200127321
TTC17,0,3.1179499062782403,-0.7221468794546612
TTC19,0,1.824549292051046,0.5849625007211562
TTC28,0,0.33647223662121295,2.025535092107138
TTC30B,0,1.308332819650179,-0.5090136474878575
TTC39C,1,4.758749273916392,-3.865423978313134
TTC7B,0,2.2082744135228043,1.8628927666085215
TTC8,0,2.6878474937846906,-0.28080910756176986
TTF2,0,1.33500106673234,0.07400058144377678
TTK,0,0.7884573603642702,-1.0
TTLL12,0,1.2809338454620642,1.584962500721156
TTLL7,0,0.5877866649021191,1.384663850235325
TTPA,0,0.26236426446749106,-0.37851162325372995
TTYH2,0,3.3945083935113587,-0.6877870599458495
TUBA1B,0,7.014634640609233,-1.171611378070199
TUBB2A,0,1.4350845252893227,2.8073549220576037
TUBB2B,0,0.26236426446749106,2.0544477840223765
TUBD1,0,2.954910279033736,-1.4974996594708168
TUBG1,0,3.8133070324889884,-0.07182318095713683
TUBGCP3,0,3.9357395320454622,-2.3417885172482054
TUG1,0,0.09531017980432487,2.562936194391157
TULP4,0,1.4350845252893227,-0.26303440583379395
TUT1,0,2.7343675094195836,-0.594361198723406
TVP23C,0,2.5257286443082556,-1.3510744405468789
TWF1,0,2.580216829592325,0.04306872189188593
TWF2,0,5.497168225293202,-1.396239903824718
TWIST1,0,0.0,2.4329594072761065
TXLNG,0,1.6863989535702288,0.26748031086498597
TXN,0,7.4068321557135794,-4.211688505802484
TXNDC5,0,3.3250360206965914,1.161829697407095
TXNL4A,0,3.4781584227982836,1.4217012295598546
TYMS,0,2.714694743820879,-2.2842084289382036
UACA,0,0.9932517730102833,3.3743955147814977
UBA1,0,3.9531649487593215,1.1385101137373168
UBA5,0,3.299533727885655,-0.16925970512390984
UBA6,0,2.0149030205422647,-0.29808135293299476
UBAC2,0,4.487512142519859,-1.7032824679099174
UBAP2,0,1.8082887711792655,1.3453870677113513
UBAP2L,0,3.751854253275325,0.5297329800007639
UBASH3B,0,2.4932054526026954,-2.670935723831009
UBB,0,8.969071036677892,-2.2857144328766057
UBE2B,0,5.7481182884762525,-1.7993265483016698
UBE2D1,0,4.73356340075649,-1.7803291320850303
UBE2D2,0,4.07753744390572,-0.7087161173620325
UBE2D3,0,6.714049163321544,-2.5054217230293037
UBE2D4,0,3.3945083935113587,-1.3611875253345895
UBE2E3,0,4.11251186617755,-0.1970368470595538
UBE2G2,0,3.2386784521643803,0.44027479077786674
UBE2I,0,5.7954496631820245,-2.2928256274814993
UBE2J2,0,4.4331949212482815,-1.1901994170060002
UBE2K,0,3.3568971227655755,-0.6180124667880512
UBE2L3,0,4.469350462845557,-0.7811531568572744
UBE2NL,0,0.09531017980432487,-0.13750352374993496
UBE2V2,0,3.979681653901961,-2.168577317980566
UBE2W,0,3.5322256440685598,-1.9259994185562233
UBE3A,0,3.427514689979529,0.3842651504840273
UBE3C,0,1.3862943611198906,2.8328900141647417
UBIAD1,0,3.906004933102583,-2.4813686105958883
UBL3,0,3.5751506887855933,-0.7793405458880077
UBLCP1,0,3.885679030088544,-1.5268985258001582
UBN1,0,2.7212954278522306,0.4731716752635998
UBN2,0,2.2407096892759584,-1.0310268956206248
UBP1,0,1.5260563034950494,2.7618402628052356
UBQLN4,0,2.3608540011180215,1.343541907993425
UBR5,0,1.4816045409242156,2.562936194391157
UBR7,0,3.572345637857985,-0.6813175646162919
UBTF,0,2.9069010598473755,1.0730147972982211
UBXN1,0,6.336648724331217,-2.44141197230693
UBXN2A,1,1.791759469228055,0.5193741590935794
UBXN4,0,4.318820558770089,-0.7778820379130984
UCHL3,0,4.9141243937154115,-2.216754133589823
UCK1,0,2.5649493574615367,1.1171835393703389
UFM1,0,4.28496492183075,-1.0280923070293528
UGCG,0,4.707726774313183,-2.8849234755533075
UGDH,0,3.768152635008444,-1.4006712101086412
UGGT1,0,1.547562508716013,0.8883546441710907
UGGT2,0,1.9740810260220096,0.384663850235325
UGT2B4,0,0.0,3.643856189774725
UGT8,0,2.4595888418037104,-3.2854022188622483
UHMK1,0,1.9600947840472698,0.7809902180582041
UHRF1,0,1.7578579175523736,-1.9510903995190534
ULBP2,0,1.308332819650179,-0.3514723705013777
ULK1,0,1.6094379124341003,2.8032270364349277
ULK3,0,2.4765384001174837,0.46273424131013996
UNC119B,0,1.308332819650179,1.6853643976789938
UNC13A,0,0.0,0.0
UNC13B,0,0.18232155679395465,3.564784618783526
UNC13D,0,4.395682961121367,-2.4443895837551115
UNC45A,0,2.5494451709255714,0.35755200461808345
UNC5D,0,0.0,0.0
UNC93B1,0,2.9601050959108397,-1.2526070343834557
UNG,0,3.3978584803966405,-0.4558173494211785
UNKL,0,1.4586150226995167,0.2741749634389944
UPP1,0,2.833213344056216,-0.8244284354165456
UQCRC1,0,6.895783907200917,-1.398151230559955
UQCRC2,0,5.063860055333554,1.7730787566092077
UQCRFS1,0,5.117993812416755,-0.3090276061795559
URGCP,0,2.5416019934645457,1.0
UROS,0,4.00369019395397,0.3898079508625246
USF3,0,1.4350845252893227,0.874469117916141
USP1,1,3.295836866004329,-1.0768155970508309
USP10,0,6.618071203859683,-4.875433164086921
USP12,0,1.1631508098056809,2.2191685204621616
USP14,0,3.703768066607687,-0.7053339851170953
USP16,0,3.856510295497887,-0.695871814459378
USP18,0,2.6602595372658615,-1.5160151470036647
USP25,0,1.4350845252893227,2.747233929620033
USP28,0,3.374168709274236,0.6989186900182419
USP31,0,0.26236426446749106,2.9289169019385173
USP33,0,4.197201947661808,-1.6156592979440725
USP34,0,1.589235205116581,2.777607578663552
USP37,0,1.62924053973028,-0.6724253419714954
USP45,0,2.0541237336955462,-0.17687776208407915
USP46,0,0.8754687373538999,3.5749088360572334
USP5,0,3.380994674344636,0.15787965978171917
USP54,1,0.5306282510621704,2.179323699444562
USP6NL,0,1.7578579175523736,-0.10309349296410344
USP8,0,4.7561730595246186,-2.907510976198981
UST,0,1.252762968495368,0.543142325026529
UTP15,0,2.3702437414678603,-0.9085769722364051
UTP4,0,3.6788291182604347,-1.0146467759644013
UTRN,0,5.062595033026967,-3.141893065800209
UVRAG,0,3.3214324131932926,-1.2935632036340006
UXS1,0,4.880526608749236,-2.168282775834266
UXT,0,5.721294899740832,-1.1145324269206243
VAMP2,0,4.745801315727837,-0.2349814631799966
VAMP4,0,2.5649493574615367,-0.6300503902496941
VAMP7,0,4.480740107609915,-2.142413437873741
VANGL1,0,1.9740810260220096,-0.21572869105543707
VAPA,0,5.532598662272703,-2.7646219370690717
VASH1,0,1.308332819650179,3.2743624116353063
VASH2,0,0.5306282510621704,0.30485458152842093
VASN,0,0.0,4.930737337562887
VASP,0,4.489759334476764,-1.2954558835261714
VAV3,0,1.7578579175523736,-1.2141248053528473
VCL,0,3.6189933266497696,1.7845208238260029
VCP,0,4.9684234452869465,-0.3261982844234729
VDAC1,0,4.954417614098027,1.46035624536951
VDR,0,2.0412203288596382,-1.807354922057604
VEGFA,0,0.26236426446749106,7.282553856553218
VEGFC,0,0.09531017980432487,3.595850816863892
VENTX,0,1.4350845252893227,-0.8073549220576042
VEZT,0,1.2237754316221157,1.3388019134517584
VGLL2,0,0.0,2.655351828612554
VGLL3,0,0.33647223662121295,1.8930847960834882
VGLL4,0,3.054001181677967,0.5528503155674034
VHL,1,1.8562979903656263,0.44294349584872805
VHLL,0,0.0,0.0
VIM,0,6.766652438004137,0.6044341465005578
VMA21,0,2.72785282839839,-0.8823484113457268
VMP1,0,8.012183952971686,-7.08665028417964
VPS13C,0,1.9315214116032138,0.12029423371771175
VPS13D,0,1.4350845252893227,2.4020984435713455
VPS33A,0,3.3877743613300146,-2.402098443571346
VPS37D,0,0.0,1.6780719051126378
VPS41,0,3.370738174177447,-0.1848753429082839
VPS4B,0,5.23750522715128,-3.4943466202544844
VPS51,0,3.459466289786131,0.4976886794567916
VPS53,0,2.1972245773362196,-0.7914133781885824
VPS8,0,3.242592351485517,-0.3561438102252753
VSIG1,0,2.6390573296152584,-3.807354922057604
VSTM5,0,0.0,0.13750352374993502
VWA7,0,0.4054651081081644,2.0238467419543675
VWC2,0,0.0,2.5360529002402097
WAPL,0,2.7788192719904172,-0.5627325533376908
WASF1,0,2.2407096892759584,-1.0627357553479628
WASF2,0,4.738826570800765,-1.8010576835963947
WASF3,0,0.09531017980432487,3.09515723304034
WASHC2C,0,3.1780538303479458,-0.29218075149331013
WBP11,0,3.104586678466073,0.47987087021029784
WBP2,0,5.740114403903592,-0.80388105801246
WDCP,0,1.8562979903656263,-0.5737352452979023
WDFY1,0,3.40452517175483,-1.2911051714204622
WDFY2,0,2.6390573296152584,-1.574694165267329
WDR1,0,5.425390449111513,-0.9119020299518664
WDR11,0,3.349904087274605,-1.7454271729144024
WDR13,0,4.33990170837321,0.9345866206308783
WDR17,0,0.26236426446749106,0.4694852833012202
WDR18,0,4.778282803696737,-2.501287482079533
WDR3,0,2.6741486494265287,-1.4519886354517353
WDR31,0,0.9162907318741551,1.3785116232537298
WDR33,0,3.6027767550605247,-0.8472109108717175
WDR44,0,2.1972245773362196,0.0
WDR47,0,3.139832617527748,-1.3923174227787602
WDR5,0,2.3978952727983707,0.855264907018989
WDR62,0,1.308332819650179,2.597901556428654
WDR72,0,0.0,0.13750352374993502
WDR76,1,2.0412203288596382,-1.8744691179161412
WDR82,1,2.970414465569701,1.2783660595897843
WEE1,0,2.1972245773362196,2.2394659346953896
WFDC6,0,0.0,0.0
WIPF2,0,2.0918640616783932,-0.16992500144231226
WLS,0,4.144720769547168,-0.013783815433099705
WNK1,0,1.8870696490323797,3.2433182601909962
WNK3,0,0.18232155679395465,0.5025003405291834
WNT1,0,1.8082887711792655,-2.6088092426755236
WNT10A,0,1.9740810260220096,-2.710493382805015
WNT16,0,2.8094026953624973,-3.915607812709627
WNT3,0,0.26236426446749106,0.5474877953024933
WSB1,0,4.429625613473161,-1.3682310925240064
WT1,0,0.0,2.4059923596758366
WTAP,0,3.8628327612373745,0.16857731798056577
WWC1,0,0.09531017980432487,1.2410080995037946
WWC2,0,0.33647223662121295,3.1813297647145617
WWC3,0,2.4595888418037104,0.6994908887475433
WWTR1,0,0.5877866649021191,4.329920885640893
XIAP,0,2.2192034840549946,-0.09729720135491486
XK,0,2.4159137783010487,-1.1069152039165118
XKR4,0,0.33647223662121295,0.2801079191927355
XKR6,0,0.09531017980432487,0.2410080995037947
XKR9,0,0.5877866649021191,-0.5849625007211563
XPA,0,3.730501128804756,-1.989658055778541
XPNPEP3,0,2.0794415416798357,-0.3677317845004871
XPO1,0,1.4816045409242156,3.0203486453918025
XPO5,0,2.4765384001174837,-0.6280312226130421
XPO6,0,5.320078858329549,-2.5013244540504505
XPOT,0,2.667228206581955,-0.32443495049793725
XPR1,0,2.6741486494265287,1.0584956493101445
XRCC2,0,0.26236426446749106,0.8231222379159204
XRCC3,0,0.832909122935104,1.968291140272662
XRRA1,0,1.6863989535702288,-0.08246216019197317
YAF2,0,4.069026754237811,-0.6884670764750164
YAP1,0,0.0,5.5668151540108965
YEATS4,0,3.5751506887855933,-1.6094155444456955
YES1,0,3.0492730404820207,-0.6336363474568457
YIPF4,0,2.760009940032921,-0.9639307452924784
YIPF6,0,2.4423470353692043,0.08524728661851089
YKT6,0,2.9601050959108397,0.962131814409557
YME1L1,0,5.413430173648541,-1.9321846157724285
YOD1,0,0.6931471805599453,1.3785116232537298
YTHDC1,0,4.673762977453703,-1.655351828612554
YTHDC2,0,2.1162555148025524,0.0
YTHDF1,0,1.547562508716013,2.166510337029548
YTHDF2,0,4.705015520957808,-2.027681612924922
YWHAB,0,5.056882545261575,-0.6188770355488675
YWHAE,0,5.198497031265826,0.37667105948179425
YWHAQ,0,5.844703165712578,-0.7048844951567546
YWHAZ,0,7.20533817611118,-2.8896910452567752
YY1AP1,0,3.9415818076696905,-0.1136108587626372
ZBED1,0,2.6602595372658615,1.1844245711374273
ZBED3,0,0.18232155679395465,2.1699250014423126
ZBTB10,0,0.6418538861723948,2.1271119179033393
ZBTB14,1,2.7212954278522306,-0.7087687023355539
ZBTB18,0,1.4816045409242156,1.7004397181410922
ZBTB20,0,2.856470206220483,-1.9193815397917153
ZBTB25,0,2.468099531471619,-0.024662054234269235
ZBTB33,1,2.533696813957432,-1.1443899093351748
ZBTB34,0,0.8754687373538999,0.45943161863729726
ZBTB37,0,1.1939224684724346,-0.13750352374993477
ZBTB39,0,0.5306282510621704,0.8667334691365359
ZBTB4,0,0.9932517730102833,3.833827133418795
ZBTB41,0,0.33647223662121295,1.5501970825604794
ZBTB44,0,1.0986122886681098,1.987927167699425
ZBTB6,0,2.4595888418037104,-0.8930847960834881
ZBTB7A,0,0.9162907318741551,2.5360529002402097
ZBTB8A,0,0.7884573603642702,0.584962500721156
ZBTB8B,0,0.5877866649021191,-0.84799690655495
ZBTB9,0,1.824549292051046,-0.6687940915246269
ZC3H11A,0,2.8094026953624973,-0.29822383429609406
ZC3H12B,0,0.26236426446749106,0.29956028185890793
ZC3H12C,1,1.9315214116032138,-0.40808473863707684
ZC3H14,0,3.427514689979529,-0.3125902303080261
ZC3H15,1,4.335982696172475,-1.0577925751925359
ZC3HAV1,0,4.385769620952716,-3.479331176075002
ZC3HAV1L,0,2.4159137783010487,-1.6780719051126376
ZCCHC14,0,0.4054651081081644,2.8875252707415875
ZCCHC2,0,0.9162907318741551,1.879705766282288
ZCCHC24,0,0.6418538861723948,4.223747700948459
ZCCHC3,0,1.252762968495368,1.5711567011961258
ZCCHC9,0,2.917770732084279,-0.6487384111544708
ZCRB1,0,4.429625613473161,-0.46697429418414116
ZDHHC11,0,0.0,3.263034405833794
ZDHHC15,0,0.09531017980432487,1.2410080995037946
ZDHHC2,0,1.4586150226995167,1.2602357724811206
ZDHHC20,0,2.8390784635086144,-1.0255350921071376
ZDHHC23,0,0.4054651081081644,0.3410369178350669
ZDHHC5,0,2.5416019934645457,1.1354366250570218
ZDHHC6,0,3.091042453358316,-0.33841621767593133
ZDHHC8,0,0.832909122935104,3.7802187921200905
ZDHHC9,0,1.824549292051046,1.367731784500487
ZEB2,0,3.8877303128591016,-0.1169561463458491
ZER1,0,2.681021528714291,1.5816649106205811
ZFAND1,0,3.8649313978942956,-1.0904905339479076
ZFAND3,0,1.9740810260220096,2.807354922057604
ZFAND4,0,0.5306282510621704,1.0
ZFAND5,0,4.417635062141249,0.4671630372611544
ZFHX2,0,0.26236426446749106,0.0
ZFP1,1,1.0647107369924282,0.6338721012021026
ZFP14,0,2.2082744135228043,-1.7529071380352275
ZFP30,0,1.3862943611198906,0.2326607567902751
ZFP36L1,0,7.980365765111246,-4.1823172356914355
ZFP36L2,0,4.421247347827163,0.19740573786441942
ZFP37,0,1.2237754316221157,-0.4436066514756146
ZFP91,0,1.0986122886681098,3.3074285251922473
ZFYVE1,0,2.4765384001174837,-0.2366062805561488
ZFYVE28,0,1.0647107369924282,0.726981505593584
ZFYVE9,1,0.832909122935104,1.7983661388303496
ZHX3,0,0.4700036292457355,2.9068905956085187
ZIC5,0,0.0,0.0
ZKSCAN4,0,1.6486586255873816,-0.7462434077542169
ZMAT2,0,4.58700621536042,-1.2636221813729445
ZMAT3,0,1.1314021114911006,1.154328146391294
ZMIZ1,0,1.0647107369924282,3.1135625588232
ZMPSTE24,0,3.4242626545931514,-0.5547357132892967
ZMYM1,0,1.8870696490323797,-1.5208321633014408
ZMYM6,0,2.1400661634962708,-0.18057224564182092
ZMYND11,0,2.9856819377004897,1.5050697001413165
ZMYND19,0,0.9555114450274363,2.4992326266952722
ZMYND8,0,3.58351893845611,-1.4584300947922244
ZNF100,0,1.7227665977411035,-1.1069152039165118
ZNF106,0,5.091908014224992,0.06586418400601488
ZNF114,0,1.1314021114911006,-0.8667334691365359
ZNF117,0,1.0296194171811583,1.5324950808270206
ZNF134,0,2.5649493574615367,-0.934904971778115
ZNF146,0,3.190476350346503,-0.0239456956250324
ZNF148,0,3.929862923556477,-1.6877410978985923
ZNF154,0,1.1314021114911006,0.29373120305671
ZNF160,0,2.917770732084279,-0.1915314576316875
ZNF165,0,2.4932054526026954,-2.831400396024255
ZNF175,0,0.8754687373538999,1.1429579538420431
ZNF177,0,0.5877866649021191,1.5579954531208866
ZNF184,1,2.4765384001174837,-1.7248927618656313
ZNF185,0,3.910021002757473,-4.208008503173792
ZNF195,0,3.380994674344636,-1.7902814086986627
ZNF200,0,3.5085558999826545,-2.9913868696952917
ZNF207,0,4.713127327493184,-0.9023649968778701
ZNF212,0,2.2300144001592104,-0.47306962065025915
ZNF215,0,0.9162907318741551,-0.8365012677171207
ZNF226,0,4.00369019395397,-1.6886411468228248
ZNF230,0,2.533696813957432,-2.1699250014423126
ZNF233,0,0.8754687373538999,0.7369655941662062
ZNF248,0,1.9600947840472698,0.2765176351974158
ZNF25,0,1.840549633397487,0.7641870629012304
ZNF263,0,1.547562508716013,1.3761484858852489
ZNF264,0,1.667706820558076,-0.3356030317844388
ZNF267,0,4.341204640153626,-3.857042046157957
ZNF268,0,2.7212954278522306,-1.5474877953024933
ZNF273,1,1.1939224684724346,-1.4594316186372973
ZNF277,0,2.3608540011180215,-0.284976958714471
ZNF280B,1,2.509599262378372,-3.035623909730721
ZNF280C,0,1.0296194171811583,-0.5594274086140185
ZNF281,1,3.6686767467964168,-2.9422845021437127
ZNF284,0,1.547562508716013,-1.0310268956206248
ZNF292,0,2.9014215940827497,-1.3785116232537298
ZNF320,0,2.151762203259462,-0.1408625358398495
ZNF324B,0,1.62924053973028,-0.9175378398080267
ZNF326,0,1.0986122886681098,1.8875252707415873
ZNF331,0,2.8154087194227095,1.2420045505904131
ZNF333,0,2.6878474937846906,-1.740240726199067
ZNF346,0,2.970414465569701,-1.3405437730547094
ZNF347,0,1.9459101490553132,-0.45685767497347096
ZNF354B,0,1.589235205116581,0.4076579689132462
ZNF383,0,2.4765384001174837,-1.0619277491432018
ZNF384,0,2.8678989020441064,0.517848304862619
ZNF385A,0,3.5234150143864045,-1.2452701263579542
ZNF385B,0,0.0,4.602884408718419
ZNF394,0,4.050044303325521,-2.1649069266756875
ZNF395,1,2.6946271807700692,0.8833037752909026
ZNF404,0,0.4054651081081644,2.722466024471091
ZNF410,0,4.334672938290411,-1.8476187922713312
ZNF415,0,1.62924053973028,1.7454271729144024
ZNF417,1,1.9315214116032138,0.7741185925836722
ZNF426,0,2.3978952727983707,-0.8271634031377845
ZNF431,0,2.272125885509337,-0.22487341084020263
ZNF440,0,2.6026896854443837,-1.6844981742720706
ZNF443,0,1.547562508716013,-0.7997013495141687
ZNF445,0,0.6931471805599453,1.1699250014423124
ZNF449,1,1.4586150226995167,0.5044725828607884
ZNF45,0,2.2407096892759584,-0.7997013495141687
ZNF451,1,3.5409593240373143,-1.8010959315859216
ZNF460,0,1.1631508098056809,-0.41503749927884404
ZNF468,0,2.8678989020441064,-2.5052353082504224
ZNF470,0,0.832909122935104,0.968291140272662
ZNF48,0,0.6418538861723948,1.4525122046975067
ZNF483,0,1.5040773967762742,-0.5849625007211563
ZNF485,0,2.6946271807700692,-2.685891409571937
ZNF486,0,2.3608540011180215,-1.3356030317844387
ZNF490,0,1.7749523509116738,-1.712718047919529
ZNF506,0,2.747270914255491,-0.5040425053375887
ZNF507,1,0.7419373447293773,1.6076825772212395
ZNF519,0,0.26236426446749106,0.4694852833012202
ZNF525,1,1.5040773967762742,-0.4474589769712214
ZNF529,0,1.7404661748405046,0.4890380807226206
ZNF540,0,1.7749523509116738,0.048094288201044895
ZNF543,0,1.410986973710262,-0.7725895038969274
ZNF544,0,2.8735646395797834,0.03224033700020794
ZNF549,0,2.509599262378372,-1.4830828867019425
ZNF551,0,1.667706820558076,-0.7737241441763241
ZNF554,0,0.6418538861723948,1.144389909335175
ZNF561,0,1.9740810260220096,0.5443205162238102
ZNF562,0,1.7047480922384253,0.2186402864753406
ZNF566,0,1.791759469228055,-0.12553088208385899
ZNF568,0,2.5649493574615367,-1.7004397181410922
ZNF571,0,2.174751721484161,-0.8155754288625727
ZNF573,1,1.33500106673234,-1.0
ZNF579,0,0.26236426446749106,3.5090136474878575
ZNF583,0,2.3702437414678603,-1.8345763907926282
ZNF584,0,1.7404661748405046,0.7520724865564145
ZNF592,0,1.2809338454620642,1.5165755257409061
ZNF611,0,2.3702437414678603,-1.4935394729575615
ZNF614,0,1.9740810260220096,-0.4150374992788438
ZNF618,0,0.6931471805599453,0.48542682717024166
ZNF622,0,4.5031374604229395,-0.6892991605358918
ZNF625,0,0.4054651081081644,0.9004643264490855
ZNF638,0,4.182050142641207,-0.6829257544533173
ZNF639,0,1.2809338454620642,2.928107081518214
ZNF641,0,2.1162555148025524,0.2396704127682835
ZNF644,0,2.388762789235098,-0.053938807110803726
ZNF652,0,2.1633230256605382,-1.7990873060740034
ZNF655,0,5.003946305945459,-4.0333019751508274
ZNF658,1,3.370738174177447,-2.429987840744815
ZNF660,0,0.6418538861723948,0.07400058144377678
ZNF665,0,1.1314021114911006,-1.0473057147783569
ZNF668,0,2.4932054526026954,-0.89649542424614
ZNF669,0,2.451005098112319,-1.7705181538772328
ZNF678,0,1.8562979903656263,-1.192645077942396
ZNF680,0,1.7227665977411035,1.0874628412503393
ZNF681,0,1.5260563034950494,-1.7162070339994087
ZNF687,0,2.6741486494265287,-0.5949465892937783
ZNF699,0,1.0647107369924282,-0.27301849440641596
ZNF701,0,3.109060958860994,-2.597901556428654
ZNF704,1,0.0,3.2479275134435857
ZNF714,0,2.174751721484161,-1.8744691179161412
ZNF724,0,1.2237754316221157,-1.628031222613042
ZNF74,0,1.5686159179138452,-0.5849625007211561
ZNF747,0,2.1972245773362196,0.07800251200127316
ZNF772,0,1.547562508716013,0.712197689017264
ZNF774,0,0.832909122935104,0.6858914095719372
ZNF776,1,2.2925347571405443,-0.32557587190250664
ZNF780A,0,1.667706820558076,-0.727920454563199
ZNF780B,0,1.252762968495368,0.777607578663552
ZNF785,0,1.308332819650179,0.7905466343710503
ZNF786,0,2.4336133554004498,-1.9259994185562233
ZNF79,0,2.151762203259462,-1.0687127500840143
ZNF791,0,2.388762789235098,-0.6184372052722443
ZNF799,0,1.9021075263969205,-1.1591985948492538
ZNF816,0,3.095577608523707,-2.0599821048282325
ZNF823,0,2.424802725718295,-1.6502539609728755
ZNF829,0,0.9162907318741551,-0.2515387669959643
ZNF831,0,1.1631508098056809,-1.6780719051126376
ZNF841,0,1.0296194171811583,1.618909832644494
ZNF844,0,1.410986973710262,0.549338590990435
ZNF846,0,2.066862759472976,0.17195268278929485
ZNF85,0,1.8562979903656263,-1.2451124978365316
ZNF850,0,1.308332819650179,-0.5090136474878575
ZNF860,0,2.0794415416798357,-2.736965594166206
ZNF99,0,0.4054651081081644,-0.5849625007211563
ZNHIT3,0,3.55820113047182,-0.36786437905422137
ZNRF1,0,1.252762968495368,2.6121839694561806
ZNRF3,0,0.26236426446749106,1.4694852833012202
ZSCAN29,0,1.3862943611198906,0.43295940727610627
ZSCAN4,0,0.09531017980432487,0.0
ZSWIM1,0,1.5260563034950494,0.309328058107729
ZSWIM3,0,1.7578579175523736,-1.0
ZSWIM6,0,0.9555114450274363,1.1069152039165118
ZXDB,1,0.4054651081081644,1.584962500721156
ZXDC,0,1.6863989535702288,0.24511249783653138
ZYG11B,1,0.9932517730102833,2.6963236096688603
ZZEF1,0,0.6931471805599453,2.5360529002402097
