library,term,overlap,set_size,odds,p,fdr
GO_Biological_Process_2025,Regulation of Organelle Organization (GO:0033043),3,5,0.7693409742120344,0.7816865987178137,0.9998667435710931
GO_Biological_Process_2025,Protein Metabolic Process (GO:0019538),14,22,0.8957100591715976,0.6878096667973222,0.9998667435710931
GO_Biological_Process_2025,Potassium Ion Transport (GO:0006813),5,6,2.5936599423631126,0.3376524140216461,0.9998667435710931
GO_Biological_Process_2025,Negative Regulation of Translation (GO:0017148),2,5,0.33904761904761904,0.952369095368568,0.9998667435710931
GO_Biological_Process_2025,Phospholipase C-activating G Protein-Coupled Receptor Signaling Pathway (GO:0007200),2,5,0.33904761904761904,0.952369095368568,0.9998667435710931
GO_Biological_Process_2025,Protein Localization (GO:0008104),13,14,6.902654867256637,0.02325925068183205,0.9998667435710931
GO_Biological_Process_2025,Gene Expression (GO:0010467),11,14,1.913978494623656,0.24208290026017681,0.9998667435710931
GO_Biological_Process_2025,Nitrogen Compound Transport (GO:0071705),6,7,3.121387283236994,0.2502516188679017,0.9998667435710931
GO_Biological_Process_2025,Protein Complex Oligomerization (GO:0051259),2,6,0.25285714285714284,0.9811394404479564,0.9998667435710931
GO_Biological_Process_2025,Establishment of Protein Localization to Organelle (GO:0072594),3,5,0.7693409742120344,0.7816865987178137,0.9998667435710931
GO_Biological_Process_2025,Axonogenesis (GO:0007409),6,9,1.0289017341040463,0.6355347801964881,0.9998667435710931
GO_Biological_Process_2025,Cytoskeleton Organization (GO:0007010),4,6,1.028735632183908,0.6685447922258365,0.9998667435710931
GO_Biological_Process_2025,Mitotic Sister Chromatid Segregation (GO:0000070),4,6,1.028735632183908,0.6685447922258365,0.9998667435710931
GO_Biological_Process_2025,Regulation of Immune Response (GO:0050776),4,5,2.0689655172413794,0.4479498734230429,0.9998667435710931
GO_Biological_Process_2025,Protein Localization to Organelle (GO:0033365),5,7,1.2896253602305476,0.5561544019060072,0.9998667435710931
GO_Biological_Process_2025,Muscle Contraction (GO:0006936),5,5,inf,0.12441065917894568,0.9998667435710931
GO_Biological_Process_2025,Cytoskeleton-Dependent Cytokinesis (GO:0061640),5,5,inf,0.12441065917894568,0.9998667435710931
GO_Biological_Process_2025,Epidermis Development (GO:0008544),2,5,0.33904761904761904,0.952369095368568,0.9998667435710931
GO_Biological_Process_2025,Protein Ubiquitination (GO:0016567),9,15,0.7653061224489796,0.784581602366496,0.9998667435710931
GO_Biological_Process_2025,T Cell Receptor Signaling Pathway (GO:0050852),4,5,2.0689655172413794,0.4479498734230429,0.9998667435710931
GO_Biological_Process_2025,Regulation of Type II Interferon Production (GO:0032649),3,5,0.7693409742120344,0.7816865987178137,0.9998667435710931
GO_Biological_Process_2025,Antigen Receptor-Mediated Signaling Pathway (GO:0050851),5,6,2.5936599423631126,0.3376524140216461,0.9998667435710931
GO_Biological_Process_2025,Protein Homooligomerization (GO:0051260),3,7,0.38037249283667623,0.9521507246279274,0.9998667435710931
GO_Biological_Process_2025,Organelle Organization (GO:0006996),11,17,0.9408602150537635,0.6552969998755516,0.9998667435710931
GO_Biological_Process_2025,Negative Regulation of Cellular Component Organization (GO:0051129),3,5,0.7693409742120344,0.7816865987178137,0.9998667435710931
GO_Biological_Process_2025,Protein Import Into Nucleus (GO:0006606),3,5,0.7693409742120344,0.7816865987178137,0.9998667435710931
GO_Biological_Process_2025,Intracellular Protein Transport (GO:0006886),10,14,1.293859649122807,0.4542406410567528,0.9998667435710931
GO_Biological_Process_2025,Neuron Projection Guidance (GO:0097485),6,7,3.121387283236994,0.2502516188679017,0.9998667435710931
GO_Biological_Process_2025,Protein Catabolic Process (GO:0030163),4,6,1.028735632183908,0.6685447922258365,0.9998667435710931
GO_Biological_Process_2025,Potassium Ion Transmembrane Transport (GO:0071805),6,7,3.121387283236994,0.2502516188679017,0.9998667435710931
GO_Biological_Process_2025,Negative Regulation of Protein Phosphorylation (GO:0001933),3,5,0.7693409742120344,0.7816865987178137,0.9998667435710931
GO_Biological_Process_2025,Regulation of T Cell Proliferation (GO:0042129),4,5,2.0689655172413794,0.4479498734230429,0.9998667435710931
KEGG_2021_Human,Non-small cell lung cancer,18,28,0.921556886227545,0.663546532154228,0.9998667435710931
KEGG_2021_Human,Hepatitis C,23,38,0.7736575481256333,0.8225557186411936,0.9998667435710931
KEGG_2021_Human,Endometrial cancer,14,25,0.6401291016675632,0.9017611997742814,0.9998667435710931
KEGG_2021_Human,Epstein-Barr virus infection,28,41,1.1168091168091168,0.4484765308808101,0.9998667435710931
KEGG_2021_Human,PD-L1 expression and PD-1 checkpoint pathway in cancer,15,29,0.5309453158117846,0.9672862113561137,0.9998667435710931
KEGG_2021_Human,Central carbon metabolism in cancer,12,26,0.42100840336134454,0.9905593915438682,0.9998667435710931
KEGG_2021_Human,Small cell lung cancer,20,28,1.302710843373494,0.34618006033156473,0.9998667435710931
KEGG_2021_Human,MAPK signaling pathway,28,46,0.7825788751714677,0.8262809741870553,0.9998667435710931
KEGG_2021_Human,HIF-1 signaling pathway,20,35,0.6666666666666666,0.9073206762953017,0.9998667435710931
KEGG_2021_Human,Hepatitis B,26,41,0.8826175869120655,0.7094193337520509,0.9998667435710931
KEGG_2021_Human,Kaposi sarcoma-associated herpesvirus infection,28,44,0.8912037037037037,0.701318493823901,0.9998667435710931
KEGG_2021_Human,Prostate cancer,19,33,0.6806091806091806,0.8929650678101198,0.9998667435710931
KEGG_2021_Human,Chronic myeloid leukemia,21,30,1.2124874118831823,0.3996141228886366,0.9998667435710931
KEGG_2021_Human,Focal adhesion,30,43,1.2040133779264215,0.3607845824401217,0.9998667435710931
KEGG_2021_Human,Bladder cancer,15,23,0.9625370919881305,0.6291384602309575,0.9998667435710931
KEGG_2021_Human,Signaling pathways regulating pluripotency of stem cells,21,37,0.6542673716012085,0.9197501680543501,0.9998667435710931
KEGG_2021_Human,Human papillomavirus infection,39,63,0.8150958466453674,0.8112500629158094,0.9998667435710931
KEGG_2021_Human,Gastric cancer,26,44,0.7222222222222222,0.8805965146495789,0.9998667435710931
KEGG_2021_Human,Cellular senescence,30,44,1.111357586512866,0.44754516667333494,0.9998667435710931
KEGG_2021_Human,Hepatocellular carcinoma,27,45,0.7523076923076923,0.8548958193563873,0.9998667435710931
KEGG_2021_Human,Colorectal cancer,22,34,0.9388888888888889,0.6449670875401787,0.9998667435710931
KEGG_2021_Human,Glioma,21,31,1.0848942598187312,0.5032589419626201,0.9998667435710931
KEGG_2021_Human,FoxO signaling pathway,25,38,0.9880028228652082,0.589812442810999,0.9998667435710931
KEGG_2021_Human,Melanoma,19,30,0.8817908817908818,0.7032533115112807,0.9998667435710931
GO_Biological_Process_2025,Regulation of Primary Metabolic Process (GO:0080090),3,5,0.7693409742120344,0.7816865987178137,0.9998667435710931
KEGG_2021_Human,Proteoglycans in cancer,42,64,0.9791788856304985,0.5895565549162696,0.9998667435710931
KEGG_2021_Human,MicroRNAs in cancer,50,70,1.3327814569536425,0.18853438071460502,0.9998667435710931
KEGG_2021_Human,PI3K-Akt signaling pathway,43,68,0.8683495145631068,0.7473107981744185,0.9998667435710931
KEGG_2021_Human,Pancreatic cancer,24,37,0.9455909943714822,0.6371303478090515,0.9998667435710931
KEGG_2021_Human,Human cytomegalovirus infection,36,55,0.9713524317121919,0.6022279241470353,0.9998667435710931
KEGG_2021_Human,Breast cancer,26,46,0.6420245398773006,0.9420348139564804,0.9998667435710931
KEGG_2021_Human,AGE-RAGE signaling pathway in diabetic complications,29,39,1.535294117647059,0.16788964219249713,0.9998667435710931
KEGG_2021_Human,Chagas disease,11,19,0.6975806451612904,0.8439106224839735,0.9998667435710931
KEGG_2021_Human,Thyroid cancer,9,12,1.5568513119533527,0.3733891904824641,0.9998667435710931
KEGG_2021_Human,Choline metabolism in cancer,9,18,0.5014577259475219,0.9538591577246169,0.9998667435710931
KEGG_2021_Human,Wnt signaling pathway,13,23,0.6557522123893805,0.8855802852211578,0.9998667435710931
KEGG_2021_Human,Natural killer cell mediated cytotoxicity,10,20,0.5,0.9600097884037191,0.9998667435710931
KEGG_2021_Human,Th17 cell differentiation,8,18,0.39767441860465114,0.9847934457445503,0.9998667435710931
KEGG_2021_Human,Pathways of neurodegeneration,21,39,0.5745216515609265,0.9654478922404534,0.9998667435710931
KEGG_2021_Human,Melanogenesis,8,17,0.4444444444444444,0.9710448732912466,0.9998667435710931
KEGG_2021_Human,Salmonella infection,19,31,0.8035535535535535,0.7817081942679877,0.9998667435710931
KEGG_2021_Human,TGF-beta signaling pathway,13,19,1.1184857423795478,0.519381321667377,0.9998667435710931
KEGG_2021_Human,Influenza A,15,25,0.7611275964391692,0.8090983803558085,0.9998667435710931
KEGG_2021_Human,Type II diabetes mellitus,8,14,0.6782945736434108,0.8412425976904965,0.9998667435710931
KEGG_2021_Human,Diabetic cardiomyopathy,18,27,1.029940119760479,0.5626473767014422,0.9998667435710931
KEGG_2021_Human,Chemokine signaling pathway,16,26,0.8142857142857143,0.7638857343455879,0.9998667435710931
KEGG_2021_Human,Fc epsilon RI signaling pathway,8,16,0.502906976744186,0.9467826866089459,0.9998667435710931
KEGG_2021_Human,cGMP-PKG signaling pathway,18,24,1.5718562874251496,0.23699003389925055,0.9998667435710931
KEGG_2021_Human,"Parathyroid hormone synthesis, secretion and action",12,22,0.6035294117647059,0.915856378884802,0.9998667435710931
KEGG_2021_Human,Alzheimer disease,22,40,0.6037037037037037,0.9539227911692332,0.9998667435710931
KEGG_2021_Human,VEGF signaling pathway,11,17,0.9408602150537635,0.6552969998755516,0.9998667435710931
KEGG_2021_Human,Autophagy,15,24,0.8506429277942631,0.7285088218533801,0.9998667435710931
KEGG_2021_Human,Hippo signaling pathway,16,26,0.8142857142857143,0.7638857343455879,0.9998667435710931
KEGG_2021_Human,Relaxin signaling pathway,14,23,0.7915844838921762,0.7790759881227787,0.9998667435710931
KEGG_2021_Human,Axon guidance,17,27,0.8677611940298507,0.7150502801614713,0.9998667435710931
KEGG_2021_Human,Cushing syndrome,14,25,0.6401291016675632,0.9017611997742814,0.9998667435710931
KEGG_2021_Human,Chemical carcinogenesis,19,34,0.6314314314314314,0.9284369270876828,0.9998667435710931
KEGG_2021_Human,p53 signaling pathway,13,20,0.9532237673830595,0.6409796486987903,0.9998667435710931
KEGG_2021_Human,C-type lectin receptor signaling pathway,14,23,0.7915844838921762,0.7790759881227787,0.9998667435710931
KEGG_2021_Human,Regulation of actin cytoskeleton,20,32,0.8483935742971888,0.738614764747922,0.9998667435710931
KEGG_2021_Human,Apoptosis,16,26,0.8142857142857143,0.7638857343455879,0.9998667435710931
KEGG_2021_Human,Adherens junction,13,19,1.1184857423795478,0.519381321667377,0.9998667435710931
KEGG_2021_Human,cAMP signaling pathway,20,31,0.9309967141292442,0.6537028592438869,0.9998667435710931
KEGG_2021_Human,Yersinia infection,17,25,1.0973880597014924,0.510304002235734,0.9998667435710931
KEGG_2021_Human,Hypertrophic cardiomyopathy,11,13,2.8870967741935485,0.1256174952000982,0.9998667435710931
KEGG_2021_Human,Glucagon signaling pathway,10,14,1.293859649122807,0.4542406410567528,0.9998667435710931
KEGG_2021_Human,Inflammatory bowel disease,8,11,1.37984496124031,0.4536858083802994,0.9998667435710931
KEGG_2021_Human,IL-17 signaling pathway,4,13,0.21966794380587484,0.998284708753581,0.9998667435710931
KEGG_2021_Human,Long-term potentiation,6,11,0.6104046242774567,0.8706922379930575,0.9998667435710931
KEGG_2021_Human,Necroptosis,8,17,0.4444444444444444,0.9710448732912466,0.9998667435710931
KEGG_2021_Human,Amphetamine addiction,7,11,0.8978260869565218,0.696670356453749,0.9998667435710931
KEGG_2021_Human,Oocyte meiosis,10,15,1.0292397660818713,0.5989493891145332,0.9998667435710931
KEGG_2021_Human,Th1 and Th2 cell differentiation,8,14,0.6782945736434108,0.8412425976904965,0.9998667435710931
KEGG_2021_Human,B cell receptor signaling pathway,8,13,0.8186046511627907,0.745219555818966,0.9998667435710931
KEGG_2021_Human,Platelet activation,9,16,0.6522282382340692,0.8652133552269046,0.9998667435710931
KEGG_2021_Human,Adipocytokine signaling pathway,7,12,0.7142028985507246,0.8120181936426393,0.9998667435710931
KEGG_2021_Human,Notch signaling pathway,8,11,1.37984496124031,0.4536858083802994,0.9998667435710931
KEGG_2021_Human,Pathogenic Escherichia coli infection,14,20,1.208086785009862,0.45390529941969254,0.9998667435710931
KEGG_2021_Human,Dopaminergic synapse,10,16,0.8528265107212476,0.7218680168084004,0.9998667435710931
KEGG_2021_Human,Pertussis,8,12,1.0290697674418605,0.6142790441759702,0.9998667435710931
KEGG_2021_Human,Progesterone-mediated oocyte maturation,9,16,0.6522282382340692,0.8652133552269046,0.9998667435710931
KEGG_2021_Human,Leukocyte transendothelial migration,11,17,0.9408602150537635,0.6552969998755516,0.9998667435710931
KEGG_2021_Human,Aldosterone-regulated sodium reabsorption,6,10,0.7673410404624278,0.7757712116988893,0.9998667435710931
KEGG_2021_Human,Prion disease,15,26,0.6878877798759104,0.870751988551564,0.9998667435710931
KEGG_2021_Human,Epithelial cell signaling in Helicobacter pylori infection,12,13,6.352941176470588,0.03334424385742545,0.9998667435710931
KEGG_2021_Human,Oxytocin signaling pathway,14,19,1.4579881656804734,0.3270688906084643,0.9998667435710931
KEGG_2021_Human,Bacterial invasion of epithelial cells,10,13,1.7348927875243665,0.3026993976306272,0.9998667435710931
KEGG_2021_Human,Leishmaniasis,7,13,0.5917874396135265,0.8899499377702581,0.9998667435710931
KEGG_2021_Human,Toll-like receptor signaling pathway,10,17,0.7268170426065163,0.8169694695696132,0.9998667435710931
KEGG_2021_Human,GnRH signaling pathway,10,16,0.8528265107212476,0.7218680168084004,0.9998667435710931
KEGG_2021_Human,Phospholipase D signaling pathway,8,20,0.32751937984496127,0.9961754143566823,0.9998667435710931
KEGG_2021_Human,Adrenergic signaling in cardiomyocytes,14,20,1.208086785009862,0.45390529941969254,0.9998667435710931
KEGG_2021_Human,Estrogen signaling pathway,12,19,0.8773109243697479,0.7032093807678079,0.9998667435710931
KEGG_2021_Human,Fc gamma R-mediated phagocytosis,9,16,0.6522282382340692,0.8652133552269046,0.9998667435710931
KEGG_2021_Human,Cholinergic synapse,9,17,0.5674198250728864,0.9194877265913577,0.9998667435710931
KEGG_2021_Human,Basal cell carcinoma,5,13,0.3115994236311239,0.9906814976460293,0.9998667435710931
KEGG_2021_Human,Allograft rejection,3,6,0.5100286532951289,0.894828405209791,0.9998667435710931
KEGG_2021_Human,Amyotrophic lateral sclerosis,14,22,0.8957100591715976,0.6878096667973222,0.9998667435710931
KEGG_2021_Human,Endocrine and other factor-regulated calcium reabsorption,4,7,0.6819923371647509,0.818398645985609,0.9998667435710931
KEGG_2021_Human,Type I diabetes mellitus,3,6,0.5100286532951289,0.894828405209791,0.9998667435710931
KEGG_2021_Human,Long-term depression,5,7,1.2896253602305476,0.5561544019060072,0.9998667435710931
KEGG_2021_Human,Herpes simplex virus 1 infection,14,26,0.5833333333333334,0.9379386128674515,0.9998667435710931
KEGG_2021_Human,Cocaine addiction,4,6,1.028735632183908,0.6685447922258365,0.9998667435710931
KEGG_2021_Human,Gap junction,4,8,0.5086206896551724,0.9071428958832689,0.9998667435710931
KEGG_2021_Human,Thermogenesis,11,18,0.8018433179723502,0.7624520088588249,0.9998667435710931
KEGG_2021_Human,Hematopoietic cell lineage,4,11,0.2857142857142857,0.9906612134011892,0.9998667435710931
KEGG_2021_Human,Regulation of lipolysis in adipocytes,5,8,0.8549471661863592,0.729654396087949,0.9998667435710931
KEGG_2021_Human,NF-kappa B signaling pathway,6,11,0.6104046242774567,0.8706922379930575,0.9998667435710931
KEGG_2021_Human,Cytokine-cytokine receptor interaction,12,20,0.763235294117647,0.7965539788713341,0.9998667435710931
KEGG_2021_Human,Viral myocarditis,6,8,1.5520231213872833,0.4520544053968419,0.9998667435710931
KEGG_2021_Human,Aldosterone synthesis and secretion,7,10,1.203864734299517,0.542043825861554,0.9998667435710931
KEGG_2021_Human,Amoebiasis,5,10,0.5072046109510087,0.9188366202056616,0.9998667435710931
KEGG_2021_Human,Alcoholism,11,17,0.9408602150537635,0.6552969998755516,0.9998667435710931
KEGG_2021_Human,Tight junction,13,16,2.2753195673549658,0.1494122585821232,0.9998667435710931
KEGG_2021_Human,Coronavirus disease,11,19,0.6975806451612904,0.8439106224839735,0.9998667435710931
KEGG_2021_Human,ECM-receptor interaction,8,11,1.37984496124031,0.4536858083802994,0.9998667435710931
KEGG_2021_Human,NOD-like receptor signaling pathway,10,16,0.8528265107212476,0.7218680168084004,0.9998667435710931
KEGG_2021_Human,Arrhythmogenic right ventricular cardiomyopathy,8,10,2.0813953488372094,0.28243010034078964,0.9998667435710931
KEGG_2021_Human,Malaria,5,8,0.8549471661863592,0.729654396087949,0.9998667435710931
KEGG_2021_Human,Neutrophil extracellular trap formation,9,16,0.6522282382340692,0.8652133552269046,0.9998667435710931
KEGG_2021_Human,Inflammatory mediator regulation of TRP channels,8,13,0.8186046511627907,0.745219555818966,0.9998667435710931
KEGG_2021_Human,Carbohydrate digestion and absorption,6,9,1.0289017341040463,0.6355347801964881,0.9998667435710931
KEGG_2021_Human,GnRH secretion,6,10,0.7673410404624278,0.7757712116988893,0.9998667435710931
KEGG_2021_Human,Rheumatoid arthritis,10,12,2.6169590643274856,0.16648254960714334,0.9998667435710931
KEGG_2021_Human,Calcium signaling pathway,11,20,0.6164874551971327,0.9017909646771994,0.9998667435710931
KEGG_2021_Human,Dilated cardiomyopathy,9,12,1.5568513119533527,0.3733891904824641,0.9998667435710931
KEGG_2021_Human,Cell adhesion molecules,10,15,1.0292397660818713,0.5989493891145332,0.9998667435710931
KEGG_2021_Human,Mitophagy,7,10,1.203864734299517,0.542043825861554,0.9998667435710931
KEGG_2021_Human,Viral protein interaction with cytokine and cytokine receptor,3,5,0.7693409742120344,0.7816865987178137,0.9998667435710931
KEGG_2021_Human,Systemic lupus erythematosus,3,6,0.5100286532951289,0.894828405209791,0.9998667435710931
KEGG_2021_Human,Protein processing in endoplasmic reticulum,4,7,0.6819923371647509,0.818398645985609,0.9998667435710931
KEGG_2021_Human,Retrograde endocannabinoid signaling,3,6,0.5100286532951289,0.894828405209791,0.9998667435710931
KEGG_2021_Human,Phagosome,5,6,2.5936599423631126,0.3376524140216461,0.9998667435710931
KEGG_2021_Human,Lysosome,3,5,0.7693409742120344,0.7816865987178137,0.9998667435710931
KEGG_2021_Human,Purine metabolism,4,5,2.0689655172413794,0.4479498734230429,0.9998667435710931
KEGG_2021_Human,Oxidative phosphorylation,4,5,2.0689655172413794,0.4479498734230429,0.9998667435710931
KEGG_2021_Human,Legionellosis,4,5,2.0689655172413794,0.4479498734230429,0.9998667435710931
KEGG_2021_Human,Mineral absorption,4,5,2.0689655172413794,0.4479498734230429,0.9998667435710931
KEGG_2021_Human,Insulin secretion,4,6,1.028735632183908,0.6685447922258365,0.9998667435710931
KEGG_2021_Human,Bile secretion,5,6,2.5936599423631126,0.3376524140216461,0.9998667435710931
KEGG_2021_Human,Parkinson disease,10,12,2.6169590643274856,0.16648254960714334,0.9998667435710931
KEGG_2021_Human,Phosphatidylinositol signaling system,3,6,0.5100286532951289,0.894828405209791,0.9998667435710931
KEGG_2021_Human,Thyroid hormone synthesis,3,5,0.7693409742120344,0.7816865987178137,0.9998667435710931
KEGG_2021_Human,Pancreatic secretion,5,6,2.5936599423631126,0.3376524140216461,0.9998667435710931
KEGG_2021_Human,Cardiac muscle contraction,6,7,3.121387283236994,0.2502516188679017,0.9998667435710931
KEGG_2021_Human,Glycolysis / Gluconeogenesis,4,6,1.028735632183908,0.6685447922258365,0.9998667435710931
KEGG_2021_Human,Renin secretion,5,6,2.5936599423631126,0.3376524140216461,0.9998667435710931
KEGG_2021_Human,RIG-I-like receptor signaling pathway,2,6,0.25285714285714284,0.9811394404479564,0.9998667435710931
KEGG_2021_Human,Serotonergic synapse,5,8,0.8549471661863592,0.729654396087949,0.9998667435710931
KEGG_2021_Human,Inositol phosphate metabolism,2,6,0.25285714285714284,0.9811394404479564,0.9998667435710931
KEGG_2021_Human,Circadian entrainment,3,7,0.38037249283667623,0.9521507246279274,0.9998667435710931
KEGG_2021_Human,Spinocerebellar ataxia,5,9,0.6376080691642652,0.8473039159522754,0.9998667435710931
KEGG_2021_Human,Vascular smooth muscle contraction,6,10,0.7673410404624278,0.7757712116988893,0.9998667435710931
KEGG_2021_Human,Hedgehog signaling pathway,3,6,0.5100286532951289,0.894828405209791,0.9998667435710931
KEGG_2021_Human,Endocytosis,11,15,1.4274193548387097,0.3818862670278629,0.9998667435710931
KEGG_2021_Human,Gastric acid secretion,6,7,3.121387283236994,0.2502516188679017,0.9998667435710931
KEGG_2021_Human,Huntington disease,11,17,0.9408602150537635,0.6552969998755516,0.9998667435710931
KEGG_2021_Human,Ubiquitin mediated proteolysis,7,10,1.203864734299517,0.542043825861554,0.9998667435710931
KEGG_2021_Human,Graft-versus-host disease,2,5,0.33904761904761904,0.952369095368568,0.9998667435710931
KEGG_2021_Human,Intestinal immune network for IgA production,5,5,inf,0.12441065917894568,0.9998667435710931
WikiPathways_2024_Human,TROP2 Regulatory Signaling WP5300,17,23,1.4800995024875623,0.28316441366136014,0.9998667435710931
WikiPathways_2024_Human,Endometrial Cancer WP4155,14,26,0.5833333333333334,0.9379386128674515,0.9998667435710931
WikiPathways_2024_Human,MicroRNAs In Cardiomyocyte Hypertrophy WP1544,13,28,0.42438544739429696,0.9917013861497024,0.9998667435710931
WikiPathways_2024_Human,EGF EGFR Signaling WP437,20,36,0.6212349397590361,0.938207963316537,0.9998667435710931
WikiPathways_2024_Human,Adipogenesis WP236,24,33,1.3983739837398375,0.26238065011166106,0.9998667435710931
WikiPathways_2024_Human,Chromosomal And Microsatellite Instability In Colorectal Cancer WP4216,18,26,1.1654191616766467,0.4527098817421178,0.9998667435710931
WikiPathways_2024_Human,Brain Derived Neurotrophic Factor BDNF Signaling WP2380,18,33,0.5964071856287425,0.9460666535549747,0.9998667435710931
WikiPathways_2024_Human,Integrated Cancer Pathway WP1971,16,21,1.6761904761904762,0.22495692795926892,0.9998667435710931
WikiPathways_2024_Human,DNA Damage Response Only ATM Dependent WP710,21,34,0.8198930978387172,0.7700321019904782,0.9998667435710931
WikiPathways_2024_Human,Focal Adhesion WP306,30,43,1.2040133779264215,0.3607845824401217,0.9998667435710931
WikiPathways_2024_Human,Hepatitis B Infection WP4666,24,38,0.872822299651568,0.7182467563771413,0.9998667435710931
WikiPathways_2024_Human,Macrophage Stimulating Protein MSP Signaling WP5353,19,33,0.6806091806091806,0.8929650678101198,0.9998667435710931
WikiPathways_2024_Human,Androgen Receptor Network In Prostate Cancer WP2263,21,33,0.8935045317220544,0.6927860636535288,0.9998667435710931
WikiPathways_2024_Human,Head And Neck Squamous Cell Carcinoma WP4674,18,28,0.921556886227545,0.663546532154228,0.9998667435710931
WikiPathways_2024_Human,TGF Beta Signaling Pathway WP366,28,35,2.1481481481481484,0.04874858397659563,0.9998667435710931
WikiPathways_2024_Human,ErbB Signaling WP673,18,30,0.7589820359281437,0.8214054253634472,0.9998667435710931
WikiPathways_2024_Human,Breast Cancer Pathway WP4262,26,45,0.6800129157248951,0.9157658871560516,0.9998667435710931
WikiPathways_2024_Human,EGFR Tyrosine Kinase Inhibitor Resistance WP4806,20,35,0.6666666666666666,0.9073206762953017,0.9998667435710931
WikiPathways_2024_Human,Melanoma WP4685,20,31,0.9309967141292442,0.6537028592438869,0.9998667435710931
WikiPathways_2024_Human,Glioblastoma Signaling WP2261,22,33,1.0303030303030303,0.5513098029631445,0.9998667435710931
WikiPathways_2024_Human,Prolactin Signaling WP2037,18,31,0.696453247351451,0.8763708222648525,0.9998667435710931
WikiPathways_2024_Human,Non Small Cell Lung Cancer WP4255,18,30,0.7589820359281437,0.8214054253634472,0.9998667435710931
WikiPathways_2024_Human,Epithelial To Mesenchymal Transition In Colorectal Cancer WP4239,24,40,0.7545731707317073,0.8443609221628595,0.9998667435710931
WikiPathways_2024_Human,Leptin Signaling WP2034,17,29,0.7146766169154228,0.8571684831085506,0.9998667435710931
KEGG_2021_Human,Neuroactive ligand-receptor interaction,2,5,0.33904761904761904,0.952369095368568,0.9998667435710931
WikiPathways_2024_Human,Cancer Pathways WP5434,62,105,0.6861267040898156,0.9632534804602366,0.9998667435710931
WikiPathways_2024_Human,Pleural Mesothelioma WP5087,52,92,0.611,0.9865805305562521,0.9998667435710931
WikiPathways_2024_Human,Pancreatic Adenocarcinoma Pathway WP4263,27,42,0.9193846153846154,0.6671829337777617,0.9998667435710931
WikiPathways_2024_Human,Gastrin Signaling WP4659,29,44,0.9936016511867906,0.5791275759500439,0.9998667435710931
WikiPathways_2024_Human,PI3K Akt Signaling WP4172,42,65,0.9307152875175315,0.6583698072681258,0.9998667435710931
WikiPathways_2024_Human,VEGFA VEGFR2 Signaling WP3888,53,71,1.6051653660349312,0.06342271793359065,0.9998667435710931
WikiPathways_2024_Human,Focal Adhesion PI3K Akt mTOR Signaling WP3932,34,60,0.6373971940009676,0.9601293342590962,0.9998667435710931
WikiPathways_2024_Human,Hippo Merlin Signaling Dysregulation WP4541,18,26,1.1654191616766467,0.4527098817421178,0.9998667435710931
WikiPathways_2024_Human,Nonalcoholic Fatty Liver Disease WP4396,17,29,0.7146766169154228,0.8571684831085506,0.9998667435710931
WikiPathways_2024_Human,Neural Crest Differentiation WP2064,18,24,1.5718562874251496,0.23699003389925055,0.9998667435710931
WikiPathways_2024_Human,HDAC6 Interactions In The Central Nervous System WP5426,18,25,1.339606501283148,0.34118369465910464,0.9998667435710931
WikiPathways_2024_Human,Genes Targeted By miRNAs In Adipocytes WP1992,11,11,inf,0.009875028718915166,0.9998667435710931
WikiPathways_2024_Human,IL4 Signaling WP395,11,18,0.8018433179723502,0.7624520088588249,0.9998667435710931
WikiPathways_2024_Human,Measles Virus Infection WP4630,17,27,0.8677611940298507,0.7150502801614713,0.9998667435710931
WikiPathways_2024_Human,Polycystic Kidney Disease Pathway WP2571,11,22,0.49853372434017595,0.965350648771623,0.9998667435710931
WikiPathways_2024_Human,Thyroid Stimulating Hormone TSH Signaling WP2032,12,20,0.763235294117647,0.7965539788713341,0.9998667435710931
WikiPathways_2024_Human,IL11 Signaling WP2332,10,18,0.6323099415204678,0.8851162954580983,0.9998667435710931
WikiPathways_2024_Human,Acute Viral Myocarditis WP4298,15,23,0.9625370919881305,0.6291384602309575,0.9998667435710931
WikiPathways_2024_Human,Acute Myeloid Leukemia WP5293,11,21,0.5516129032258065,0.9406035138282125,0.9998667435710931
WikiPathways_2024_Human,NRP1 Triggered Signaling In Pancreatic Cancer WP5144,14,19,1.4579881656804734,0.3270688906084643,0.9998667435710931
WikiPathways_2024_Human,Interferon Type I Signaling WP585,11,19,0.6975806451612904,0.8439106224839735,0.9998667435710931
WikiPathways_2024_Human,Extracellular Vesicle Mediated Signaling In Recipient Cells WP2870,9,15,0.7653061224489796,0.784581602366496,0.9998667435710931
WikiPathways_2024_Human,Effect Of Omega 3 PUFA On Huntington 39 S Disease Pathways WP5470,15,26,0.6878877798759104,0.870751988551564,0.9998667435710931
WikiPathways_2024_Human,Hepatitis C And Hepatocellular Carcinoma WP3646,13,20,0.9532237673830595,0.6409796486987903,0.9998667435710931
WikiPathways_2024_Human,Oncostatin M Signaling WP2374,12,21,0.6745098039215687,0.8665068290853694,0.9998667435710931
WikiPathways_2024_Human,Embryonic Stem Cell Pluripotency Pathways WP3931,11,28,0.3111954459203036,0.9992590161742126,0.9998667435710931
WikiPathways_2024_Human,Urotensin II Mediated Signaling WP5158,11,22,0.49853372434017595,0.965350648771623,0.9998667435710931
WikiPathways_2024_Human,Androgen Receptor Signaling WP138,16,24,1.0297619047619047,0.5695162432575037,0.9998667435710931
WikiPathways_2024_Human,Osteoblast Differentiation And Related Diseases WP4787,12,27,0.3905882352941176,0.9949205181140724,0.9998667435710931
WikiPathways_2024_Human,Spinal Cord Injury WP2431,23,27,3.0934650455927053,0.021033649238387218,0.9998667435710931
WikiPathways_2024_Human,Angiopoietin Like Protein 8 Regulatory Pathway WP3915,14,28,0.4940828402366864,0.9775002108481251,0.9998667435710931
WikiPathways_2024_Human,Photodynamic Therapy Induced AP 1 Survival Signaling WP3611,11,22,0.49853372434017595,0.965350648771623,0.9998667435710931
WikiPathways_2024_Human,Small Cell Lung Cancer WP4658,19,28,1.0904237570904238,0.5065922903387827,0.9998667435710931
WikiPathways_2024_Human,Bladder Cancer WP2828,14,20,1.208086785009862,0.45390529941969254,0.9998667435710931
WikiPathways_2024_Human,Factors And Pathways Affecting IGF1 Akt Signaling WP3850,12,19,0.8773109243697479,0.7032093807678079,0.9998667435710931
WikiPathways_2024_Human,RAC1 PAK1 P38 MMP2 Pathway WP3303,15,24,0.8506429277942631,0.7285088218533801,0.9998667435710931
WikiPathways_2024_Human,JAK STAT Signaling In The Regulation Of Beta Cells WP5358,11,18,0.8018433179723502,0.7624520088588249,0.9998667435710931
WikiPathways_2024_Human,AGE RAGE Pathway WP2324,14,23,0.7915844838921762,0.7790759881227787,0.9998667435710931
WikiPathways_2024_Human,Insulin Signaling WP481,17,33,0.523320895522388,0.9756688062052781,0.9998667435710931
WikiPathways_2024_Human,IL26 Signaling WP5347,11,16,1.135483870967742,0.5251982124982129,0.9998667435710931
WikiPathways_2024_Human,Burn Wound Healing WP5055,14,19,1.4579881656804734,0.3270688906084643,0.9998667435710931
WikiPathways_2024_Human,Non Genomic Actions Of 1 25 Dihydroxyvitamin D3 WP4341,13,19,1.1184857423795478,0.519381321667377,0.9998667435710931
WikiPathways_2024_Human,Synaptic Signaling Associated With Autism Spectrum Disorder WP4539,8,16,0.502906976744186,0.9467826866089459,0.9998667435710931
WikiPathways_2024_Human,Sudden Infant Death Syndrome SIDS Susceptibility Pathways WP706,20,26,1.7570281124497993,0.16141640513496294,0.9998667435710931
WikiPathways_2024_Human,Ras Signaling WP4223,17,28,0.7842605156037992,0.7946469816272107,0.9998667435710931
WikiPathways_2024_Human,Neural Crest Cell Migration In Cancer WP4565,9,15,0.7653061224489796,0.784581602366496,0.9998667435710931
WikiPathways_2024_Human,T Cell Activation SARS CoV 2 WP5098,9,20,0.40551285449244634,0.9863957381976095,0.9998667435710931
WikiPathways_2024_Human,miRNA Regulation Of DNA Damage Response WP1530,14,19,1.4579881656804734,0.3270688906084643,0.9998667435710931
WikiPathways_2024_Human,DNA Damage Response WP707,14,19,1.4579881656804734,0.3270688906084643,0.9998667435710931
WikiPathways_2024_Human,Relevant Molecular Pathways And Targeted Agents In TNBC WP5215,8,15,0.5780730897009967,0.9059980209179253,0.9998667435710931
WikiPathways_2024_Human,EPO Receptor Signaling WP581,5,13,0.3115994236311239,0.9906814976460293,0.9998667435710931
WikiPathways_2024_Human,Cardiac Hypertrophic Response WP2795,8,17,0.4444444444444444,0.9710448732912466,0.9998667435710931
WikiPathways_2024_Human,TGF Beta In Thyroid Cells For Epithelial Mesenchymal Transition WP3859,9,11,2.348396501457726,0.21820920982597353,0.9998667435710931
WikiPathways_2024_Human,Neural Crest Cell Migration During Development WP4564,9,15,0.7653061224489796,0.784581602366496,0.9998667435710931
WikiPathways_2024_Human,Catabolism Of Skeletal Muscle In Cachexia WP5474,9,15,0.7653061224489796,0.784581602366496,0.9998667435710931
WikiPathways_2024_Human,TGF Beta Receptor Signaling WP560,9,18,0.5014577259475219,0.9538591577246169,0.9998667435710931
WikiPathways_2024_Human,Physico Chemical Features And Toxicity Associated Pathways WP3680,10,19,0.5588044184535412,0.9309003765404593,0.9998667435710931
WikiPathways_2024_Human,TGF Beta Receptor Signaling In Skeletal Dysplasias WP4816,9,18,0.5014577259475219,0.9538591577246169,0.9998667435710931
WikiPathways_2024_Human,Ebola Virus Infection In Host WP4217,18,25,1.339606501283148,0.34118369465910464,0.9998667435710931
WikiPathways_2024_Human,MET In Type 1 Papillary Renal Cell Carcinoma WP4205,13,18,1.3498525073746312,0.38779913199548927,0.9998667435710931
WikiPathways_2024_Human,Relationship Between Inflammation COX 2 And EGFR WP4483,9,13,1.1610787172011663,0.5324412243990977,0.9998667435710931
WikiPathways_2024_Human,miRNA Regulation Of Prostate Cancer Signaling WP3981,9,14,0.9236151603498542,0.6732022744153183,0.9998667435710931
WikiPathways_2024_Human,Netrin UNC5B Signaling WP4747,9,17,0.5674198250728864,0.9194877265913577,0.9998667435710931
WikiPathways_2024_Human,Apoptosis WP254,13,22,0.7328744673877418,0.8253822042525087,0.9998667435710931
WikiPathways_2024_Human,PI3K AKT mTOR Signaling And Therapeutic In Prostate Cancer WP3844,6,15,0.33140655105973027,0.9910481691785883,0.9998667435710931
WikiPathways_2024_Human,MAPK Signaling WP382,22,35,0.8615384615384616,0.7279260450212393,0.9998667435710931
WikiPathways_2024_Human,Alzheimer 39 S Disease And miRNA Effects WP2059,19,36,0.5504327857269034,0.9706175172656868,0.9998667435710931
WikiPathways_2024_Human,Alzheimer 39 S Disease WP5124,19,36,0.5504327857269034,0.9706175172656868,0.9998667435710931
WikiPathways_2024_Human,Translation Inhibitors In Chronically Activated PDGFRA Cells WP4566,7,17,0.34695652173913044,0.9916079555692313,0.9998667435710931
WikiPathways_2024_Human,Cell Cycle WP179,19,25,1.6641641641641642,0.196470276937085,0.9998667435710931
WikiPathways_2024_Human,DYRK1A Involvement Regarding Cell Prolif In Brain Development WP5180,12,19,0.8773109243697479,0.7032093807678079,0.9998667435710931
WikiPathways_2024_Human,Chemokine Signaling WP3929,14,24,0.7082840236686391,0.8498700208999366,0.9998667435710931
WikiPathways_2024_Human,Growth Factors And Hormones In Beta Cell Proliferation WP5385,9,11,2.348396501457726,0.21820920982597353,0.9998667435710931
WikiPathways_2024_Human,Wnt Signaling WP428,11,20,0.6164874551971327,0.9017909646771994,0.9998667435710931
WikiPathways_2024_Human,Mammary Gland Development Pregnancy And Lactation Stage 3 Of 4 WP2817,9,12,1.5568513119533527,0.3733891904824641,0.9998667435710931
WikiPathways_2024_Human,BDNF TrkB Signaling WP3676,7,12,0.7142028985507246,0.8120181936426393,0.9998667435710931
WikiPathways_2024_Human,Integrin Mediated Cell Adhesion WP185,17,19,4.54179104477612,0.019437847722405276,0.9998667435710931
WikiPathways_2024_Human,Host Pathogen Interaction Of Human CoVs Apoptosis WP4864,6,10,0.7673410404624278,0.7757712116988893,0.9998667435710931
WikiPathways_2024_Human,GNAQ Pathways In Port Wine Stain WP5437,5,10,0.5072046109510087,0.9188366202056616,0.9998667435710931
WikiPathways_2024_Human,Photodynamic Therapy Induced HIF 1 Survival Signaling WP3614,9,13,1.1610787172011663,0.5324412243990977,0.9998667435710931
WikiPathways_2024_Human,Neovascularization Processes WP4331,9,13,1.1610787172011663,0.5324412243990977,0.9998667435710931
WikiPathways_2024_Human,Physiological And Pathological Hypertrophy Of The Heart WP1528,8,11,1.37984496124031,0.4536858083802994,0.9998667435710931
WikiPathways_2024_Human,ncRNAs In Wnt Signaling In Hepatocellular Carcinoma WP4336,8,18,0.39767441860465114,0.9847934457445503,0.9998667435710931
WikiPathways_2024_Human,Overlap Between Signal Transduction Pathways LMNA Laminopathies WP4879,11,15,1.4274193548387097,0.3818862670278629,0.9998667435710931
WikiPathways_2024_Human,IL18 Signaling WP4754,6,15,0.33140655105973027,0.9910481691785883,0.9998667435710931
WikiPathways_2024_Human,4 Hydroxytamoxifen DEX And Retinoic Acids Regulation Of P27 WP3879,4,11,0.2857142857142857,0.9906612134011892,0.9998667435710931
WikiPathways_2024_Human,Hair Follicle Development Organogenesis Part 2 Of 3 WP2839,7,12,0.7142028985507246,0.8120181936426393,0.9998667435710931
WikiPathways_2024_Human,G1 To S Cell Cycle Control WP45,14,17,2.4575936883629192,0.11555244419911902,0.9998667435710931
WikiPathways_2024_Human,Mesodermal Commitment Pathway WP2857,16,24,1.0297619047619047,0.5695162432575037,0.9998667435710931
WikiPathways_2024_Human,Retinoblastoma Gene In Cancer WP2446,15,19,1.9695845697329377,0.16831747633337185,0.9998667435710931
WikiPathways_2024_Human,Orexin Receptor Pathway WP5094,8,19,0.3594080338266385,0.9922635438930532,0.9998667435710931
WikiPathways_2024_Human,Nuclear Receptors Meta Pathway WP2882,25,35,1.3073394495412844,0.3093310925407598,0.9998667435710931
WikiPathways_2024_Human,Regulation Of Actin Cytoskeleton WP51,14,24,0.7082840236686391,0.8498700208999366,0.9998667435710931
WikiPathways_2024_Human,Copper Homeostasis WP3286,11,15,1.4274193548387097,0.3818862670278629,0.9998667435710931
WikiPathways_2024_Human,Kit Receptor Signaling WP304,5,15,0.24639769452449567,0.998130616106946,0.9998667435710931
WikiPathways_2024_Human,Apoptosis Modulation And Signaling WP1772,11,20,0.6164874551971327,0.9017909646771994,0.9998667435710931
WikiPathways_2024_Human,Regulation Of Apoptosis By Parathyroid Hormone Related Protein WP3872,7,12,0.7142028985507246,0.8120181936426393,0.9998667435710931
WikiPathways_2024_Human,IL5 Signaling WP127,7,14,0.5043478260869565,0.9386572778500198,0.9998667435710931
WikiPathways_2024_Human,Wnt Signaling And Pluripotency WP399,14,21,1.029585798816568,0.5775275302298568,0.9998667435710931
WikiPathways_2024_Human,P53 Transcriptional Gene Network WP4963,10,20,0.5,0.9600097884037191,0.9998667435710931
WikiPathways_2024_Human,Cardiac Progenitor Differentiation WP2406,10,16,0.8528265107212476,0.7218680168084004,0.9998667435710931
WikiPathways_2024_Human,Notch Signaling WP61,9,16,0.6522282382340692,0.8652133552269046,0.9998667435710931
WikiPathways_2024_Human,Neuroinflammation And Glutamatergic Signaling WP5083,16,24,1.0297619047619047,0.5695162432575037,0.9998667435710931
WikiPathways_2024_Human,Pathways Affected In Adenoid Cystic Carcinoma WP3651,7,14,0.5043478260869565,0.9386572778500198,0.9998667435710931
WikiPathways_2024_Human,Network Map Of SARS CoV 2 Signaling WP5115,16,27,0.7359307359307359,0.8349191222497575,0.9998667435710931
WikiPathways_2024_Human,Thymic Stromal Lymphopoietin TSLP Signaling WP2203,4,11,0.2857142857142857,0.9906612134011892,0.9998667435710931
WikiPathways_2024_Human,Regulatory Circuits Of STAT3 Signaling WP4538,6,15,0.33140655105973027,0.9910481691785883,0.9998667435710931
WikiPathways_2024_Human,Wnt Signaling WP363,6,12,0.5057803468208093,0.9293662823434757,0.9998667435710931
WikiPathways_2024_Human,Microtubule Cytoskeleton Regulation WP2038,6,12,0.5057803468208093,0.9293662823434757,0.9998667435710931
WikiPathways_2024_Human,lncRNA In Canonical Wnt Signaling And Colorectal Cancer WP4258,7,16,0.38776167471819645,0.9831408040430023,0.9998667435710931
WikiPathways_2024_Human,Kisspeptin Kisspeptin Receptor System In The Ovary WP4871,5,11,0.420268972142171,0.9589569387161649,0.9998667435710931
WikiPathways_2024_Human,Development Of Ureteric Derived Collecting System WP5053,8,14,0.6782945736434108,0.8412425976904965,0.9998667435710931
WikiPathways_2024_Human,Wnt Beta Catenin Signaling In Leukemia WP3658,5,10,0.5072046109510087,0.9188366202056616,0.9998667435710931
WikiPathways_2024_Human,Fragile X Syndrome WP4549,10,19,0.5588044184535412,0.9309003765404593,0.9998667435710931
WikiPathways_2024_Human,FGFR3 Signal Chondrocyte Proliferation Terminal Differentiation WP4767,5,10,0.5072046109510087,0.9188366202056616,0.9998667435710931
WikiPathways_2024_Human,Apoptosis Related Network Due To Altered Notch3 Ovarian Cancer WP2864,9,13,1.1610787172011663,0.5324412243990977,0.9998667435710931
WikiPathways_2024_Human,Hippo Signaling Regulation WP4540,11,17,0.9408602150537635,0.6552969998755516,0.9998667435710931
WikiPathways_2024_Human,RIOK1 And RIOK2 In EGFR And PI3K Mediated Tumorigenesis WP3873,6,8,1.5520231213872833,0.4520544053968419,0.9998667435710931
WikiPathways_2024_Human,IL19 Signaling WP5422,6,10,0.7673410404624278,0.7757712116988893,0.9998667435710931
WikiPathways_2024_Human,Endoderm Differentiation WP2853,13,21,0.8292772861356932,0.7440893412108076,0.9998667435710931
WikiPathways_2024_Human,AMP Activated Protein Kinase Signaling WP1403,8,15,0.5780730897009967,0.9059980209179253,0.9998667435710931
WikiPathways_2024_Human,Vitamin D Receptor Pathway WP2877,12,24,0.4970588235294118,0.9699863645258627,0.9998667435710931
WikiPathways_2024_Human,Somatroph Axis GH Relationship To Dietary Restriction And Aging WP4186,2,6,0.25285714285714284,0.9811394404479564,0.9998667435710931
WikiPathways_2024_Human,Clock Controlled Autophagy In Bone Metabolism WP5205,9,16,0.6522282382340692,0.8652133552269046,0.9998667435710931
WikiPathways_2024_Human,Th17 Cell Differentiation Pathway WP5130,6,15,0.33140655105973027,0.9910481691785883,0.9998667435710931
WikiPathways_2024_Human,TP53 Network WP1742,6,9,1.0289017341040463,0.6355347801964881,0.9998667435710931
WikiPathways_2024_Human,Osteoarthritic Chondrocyte Hypertrophy WP5373,7,13,0.5917874396135265,0.8899499377702581,0.9998667435710931
WikiPathways_2024_Human,IL6 Signaling WP364,6,13,0.4310487200660611,0.9631517205490908,0.9998667435710931
WikiPathways_2024_Human,Nanoparticle Mediated Activation Of Receptor Signaling WP2643,8,11,1.37984496124031,0.4536858083802994,0.9998667435710931
WikiPathways_2024_Human,Primary Focal Segmental Glomerulosclerosis FSGS WP2572,12,16,1.561764705882353,0.31674447363224917,0.9998667435710931
WikiPathways_2024_Human,Endochondral Ossification With Skeletal Dysplasias WP4808,11,15,1.4274193548387097,0.3818862670278629,0.9998667435710931
WikiPathways_2024_Human,Endochondral Ossification WP474,11,15,1.4274193548387097,0.3818862670278629,0.9998667435710931
WikiPathways_2024_Human,Clear Cell Renal Cell Carcinoma Pathways WP4018,8,17,0.4444444444444444,0.9710448732912466,0.9998667435710931
WikiPathways_2024_Human,Leptin Insulin Signaling Overlap WP3935,6,9,1.0289017341040463,0.6355347801964881,0.9998667435710931
WikiPathways_2024_Human,Aryl Hydrocarbon Receptor Pathway WP2586,10,13,1.7348927875243665,0.3026993976306272,0.9998667435710931
WikiPathways_2024_Human,Envelope Proteins And Potential Roles In EDMD Physiopathology WP4535,7,11,0.8978260869565218,0.696670356453749,0.9998667435710931
WikiPathways_2024_Human,Thyroid Hormones And Peripheral Downstream Signaling Effects WP4746,9,15,0.7653061224489796,0.784581602366496,0.9998667435710931
WikiPathways_2024_Human,Neurogenesis Regulation In The Olfactory Epithelium WP5265,7,12,0.7142028985507246,0.8120181936426393,0.9998667435710931
WikiPathways_2024_Human,Serotonin HTR1 Group And FOS Pathway WP722,6,10,0.7673410404624278,0.7757712116988893,0.9998667435710931
WikiPathways_2024_Human,IL2 Signaling WP49,6,10,0.7673410404624278,0.7757712116988893,0.9998667435710931
WikiPathways_2024_Human,Ectoderm Differentiation WP2858,12,18,1.0294117647058822,0.5871074487043777,0.9998667435710931
WikiPathways_2024_Human,mBDNF And proBDNF Regulation Of GABA Neurotransmission WP4829,5,10,0.5072046109510087,0.9188366202056616,0.9998667435710931
WikiPathways_2024_Human,Amyotrophic Lateral Sclerosis ALS WP2447,7,10,1.203864734299517,0.542043825861554,0.9998667435710931
WikiPathways_2024_Human,Heart Development WP1591,8,11,1.37984496124031,0.4536858083802994,0.9998667435710931
WikiPathways_2024_Human,Notch Signaling WP268,8,11,1.37984496124031,0.4536858083802994,0.9998667435710931
WikiPathways_2024_Human,Influence Of Laminopathies On Wnt Signaling WP4844,6,10,0.7673410404624278,0.7757712116988893,0.9998667435710931
WikiPathways_2024_Human,Cell Lineage Map For Neuronal Differentiation WP5417,15,18,2.6409495548961424,0.0885405241701526,0.9998667435710931
WikiPathways_2024_Human,DNA IR Double Strand Breaks And Cellular Response Via ATM WP3959,4,12,0.24856321839080459,0.9959452591820266,0.9998667435710931
WikiPathways_2024_Human,Cell Differentiation Expanded Index WP2023,6,8,1.5520231213872833,0.4520544053968419,0.9998667435710931
WikiPathways_2024_Human,Hypertrophy Model WP516,5,8,0.8549471661863592,0.729654396087949,0.9998667435710931
WikiPathways_2024_Human,B Cell Receptor Signaling WP23,8,15,0.5780730897009967,0.9059980209179253,0.9998667435710931
WikiPathways_2024_Human,CAMKK2 Pathway WP4874,9,17,0.5674198250728864,0.9194877265913577,0.9998667435710931
WikiPathways_2024_Human,Primary Ovarian Insufficiency WP5316,12,21,0.6745098039215687,0.8665068290853694,0.9998667435710931
WikiPathways_2024_Human,T Cell Antigen Receptor TCR Pathway During Staph A. Infection WP3863,6,13,0.4310487200660611,0.9631517205490908,0.9998667435710931
WikiPathways_2024_Human,Hypothesized Pathways In Pathogenesis Of Cardiovascular Disease WP3668,6,9,1.0289017341040463,0.6355347801964881,0.9998667435710931
WikiPathways_2024_Human,Alpha 6 Beta 4 Signaling WP244,5,10,0.5072046109510087,0.9188366202056616,0.9998667435710931
WikiPathways_2024_Human,Hair Follicle Development Cytodifferentiation Stage 3 Of 3 WP2840,8,15,0.5780730897009967,0.9059980209179253,0.9998667435710931
WikiPathways_2024_Human,Mammary Gland Development Pathway Puberty Stage 2 Of 4 WP2814,5,7,1.2896253602305476,0.5561544019060072,0.9998667435710931
WikiPathways_2024_Human,Warburg Effect Mod By Deubiquitinating Enzymes And Substrates WP5216,4,9,0.4045977011494253,0.9550140798280637,0.9998667435710931
WikiPathways_2024_Human,MAP3K1 Role In Promoting And Blocking Gonadal Determination WP4872,4,8,0.5086206896551724,0.9071428958832689,0.9998667435710931
WikiPathways_2024_Human,PDGF Pathway WP2526,7,11,0.8978260869565218,0.696670356453749,0.9998667435710931
WikiPathways_2024_Human,miRNA Regulation Of P53 Pathway In Prostate Cancer WP3982,5,9,0.6376080691642652,0.8473039159522754,0.9998667435710931
WikiPathways_2024_Human,Follicle Stimulating Hormone FSH Signaling WP2035,3,9,0.2507163323782235,0.9912260928980519,0.9998667435710931
WikiPathways_2024_Human,SRF And miRs In Smooth Muscle Differentiation And Proliferation WP1991,7,7,inf,0.05368075643415622,0.9998667435710931
WikiPathways_2024_Human,Resolvin E1 And Resolvin D1 Signaling Decrease Inflammation WP5191,2,7,0.20114285714285715,0.9927349267759681,0.9998667435710931
WikiPathways_2024_Human,RANKL RANK Signaling WP2018,6,12,0.5057803468208093,0.9293662823434757,0.9998667435710931
WikiPathways_2024_Human,Regucalcin In Proximal Tubule Epithelial Kidney Cells WP4838,6,10,0.7673410404624278,0.7757712116988893,0.9998667435710931
WikiPathways_2024_Human,Axon Guidance WP5289,8,12,1.0290697674418605,0.6142790441759702,0.9998667435710931
WikiPathways_2024_Human,Interactions Of Natural Killer Cells In Pancreatic Cancer WP5092,5,8,0.8549471661863592,0.729654396087949,0.9998667435710931
WikiPathways_2024_Human,Angiotensin II Receptor Type 1 Pathway WP5036,5,8,0.8549471661863592,0.729654396087949,0.9998667435710931
WikiPathways_2024_Human,Hematopoietic SC Gene Regulation By GABP Alpha Beta Complex WP3657,5,7,1.2896253602305476,0.5561544019060072,0.9998667435710931
WikiPathways_2024_Human,Imatinib And Chronic Myeloid Leukemia WP3640,5,7,1.2896253602305476,0.5561544019060072,0.9998667435710931
WikiPathways_2024_Human,TNF Related Weak Inducer Of Apoptosis TWEAK Signaling WP2036,3,9,0.2507163323782235,0.9912260928980519,0.9998667435710931
WikiPathways_2024_Human,Modulators Of TCR Signaling And T Cell Activation WP5072,8,11,1.37984496124031,0.4536858083802994,0.9998667435710931
WikiPathways_2024_Human,Caloric Restriction And Aging WP4191,3,5,0.7693409742120344,0.7816865987178137,0.9998667435710931
WikiPathways_2024_Human,SARS CoV 2 Innate Immunity Evasion And Cell Immune Response WP5039,9,12,1.5568513119533527,0.3733891904824641,0.9998667435710931
WikiPathways_2024_Human,Corticotropin Releasing Hormone Signaling WP2355,9,14,0.9236151603498542,0.6732022744153183,0.9998667435710931
WikiPathways_2024_Human,Hepatocyte Growth Factor Receptor Signaling WP313,5,9,0.6376080691642652,0.8473039159522754,0.9998667435710931
WikiPathways_2024_Human,P38 MAPK Signaling WP400,8,9,4.186046511627907,0.13231825346146522,0.9998667435710931
WikiPathways_2024_Human,IL10 Anti Inflammatory Signaling WP4495,5,6,2.5936599423631126,0.3376524140216461,0.9998667435710931
WikiPathways_2024_Human,Toll Like Receptor Signaling WP75,9,14,0.9236151603498542,0.6732022744153183,0.9998667435710931
WikiPathways_2024_Human,Host Pathogen Interaction Of Human Coronaviruses MAPK Signaling WP4877,4,9,0.4045977011494253,0.9550140798280637,0.9998667435710931
WikiPathways_2024_Human,Overview Of Nanoparticle Effects WP3287,5,7,1.2896253602305476,0.5561544019060072,0.9998667435710931
WikiPathways_2024_Human,Estrogen Signaling WP712,7,8,3.652173913043478,0.18298402335825498,0.9998667435710931
WikiPathways_2024_Human,TAR Syndrome WP5362,8,12,1.0290697674418605,0.6142790441759702,0.9998667435710931
WikiPathways_2024_Human,IL17 Signaling WP2112,4,9,0.4045977011494253,0.9550140798280637,0.9998667435710931
WikiPathways_2024_Human,TNF Alpha Signaling WP231,7,14,0.5043478260869565,0.9386572778500198,0.9998667435710931
WikiPathways_2024_Human,Allograft Rejection WP2328,11,14,1.913978494623656,0.24208290026017681,0.9998667435710931
WikiPathways_2024_Human,Regulation Of Wnt B Catenin Signaling Small Molecule Compounds WP3664,2,7,0.20114285714285715,0.9927349267759681,0.9998667435710931
WikiPathways_2024_Human,ERK Pathway In Huntington 39 S Disease WP3853,4,7,0.6819923371647509,0.818398645985609,0.9998667435710931
WikiPathways_2024_Human,Resistin As A Regulator Of Inflammation WP4481,3,9,0.2507163323782235,0.9912260928980519,0.9998667435710931
WikiPathways_2024_Human,G13 Signaling WP524,7,10,1.203864734299517,0.542043825861554,0.9998667435710931
WikiPathways_2024_Human,Energy Metabolism WP1541,6,11,0.6104046242774567,0.8706922379930575,0.9998667435710931
WikiPathways_2024_Human,miRNAs Involved In DNA Damage Response WP1545,7,7,inf,0.05368075643415622,0.9998667435710931
WikiPathways_2024_Human,Transcription Factor Regulation In Adipogenesis WP3599,6,8,1.5520231213872833,0.4520544053968419,0.9998667435710931
WikiPathways_2024_Human,PI3K AKT mTOR Vitamin D3 Signaling WP4141,4,8,0.5086206896551724,0.9071428958832689,0.9998667435710931
WikiPathways_2024_Human,Vitamin D In Inflammatory Diseases WP4482,4,8,0.5086206896551724,0.9071428958832689,0.9998667435710931
WikiPathways_2024_Human,Metastatic Brain Tumor WP2249,5,5,inf,0.12441065917894568,0.9998667435710931
WikiPathways_2024_Human,MECP2 And Associated Rett Syndrome WP3584,9,13,1.1610787172011663,0.5324412243990977,0.9998667435710931
WikiPathways_2024_Human,Congenital Generalized Lipodystrophy WP5101,4,6,1.028735632183908,0.6685447922258365,0.9998667435710931
WikiPathways_2024_Human,Induction Of Autophagy And TLR Signaling By Graphene Oxide WP5336,2,5,0.33904761904761904,0.952369095368568,0.9998667435710931
WikiPathways_2024_Human,Interleukin 1 IL 1 Structural Pathway WP2637,5,9,0.6376080691642652,0.8473039159522754,0.9998667435710931
WikiPathways_2024_Human,IL3 Signaling WP286,3,9,0.2507163323782235,0.9912260928980519,0.9998667435710931
WikiPathways_2024_Human,Smith Magenis And Potocki Lupski Syndrome Copy Number Variation WP5381,8,16,0.502906976744186,0.9467826866089459,0.9998667435710931
WikiPathways_2024_Human,Type II Interferon Signaling WP619,5,8,0.8549471661863592,0.729654396087949,0.9998667435710931
WikiPathways_2024_Human,Interactions Immune Cells And miRNAs In Tumor Microenvironment WP4559,4,7,0.6819923371647509,0.818398645985609,0.9998667435710931
WikiPathways_2024_Human,Extracellular Vesicles In The Crosstalk Of Cardiac Cells WP4300,3,6,0.5100286532951289,0.894828405209791,0.9998667435710931
WikiPathways_2024_Human,Mammary Gland Development Pathway Involution Stage 4 Of 4 WP2815,4,5,2.0689655172413794,0.4479498734230429,0.9998667435710931
WikiPathways_2024_Human,Photodynamic Therapy Induced NF kB Survival Signaling WP3617,5,8,0.8549471661863592,0.729654396087949,0.9998667435710931
WikiPathways_2024_Human,Canonical And Non Canonical TGF B Signaling WP3874,4,6,1.028735632183908,0.6685447922258365,0.9998667435710931
WikiPathways_2024_Human,ATM Signaling In Development And Disease WP3878,5,9,0.6376080691642652,0.8473039159522754,0.9998667435710931
WikiPathways_2024_Human,Target Of Rapamycin Signaling WP1471,6,8,1.5520231213872833,0.4520544053968419,0.9998667435710931
WikiPathways_2024_Human,ADHD And Autism ASD Pathways WP5420,16,27,0.7359307359307359,0.8349191222497575,0.9998667435710931
WikiPathways_2024_Human,Pluripotent Stem Cell Differentiation Pathway WP2848,5,9,0.6376080691642652,0.8473039159522754,0.9998667435710931
WikiPathways_2024_Human,Affected Pathways In Duchenne Muscular Dystrophy WP5356,7,11,0.8978260869565218,0.696670356453749,0.9998667435710931
WikiPathways_2024_Human,OSX And miRNAs In Tooth Development WP3971,5,6,2.5936599423631126,0.3376524140216461,0.9998667435710931
WikiPathways_2024_Human,Fas Ligand Pathway And Stress Induction Of Heat Shock Proteins WP314,7,9,1.8159420289855073,0.36031421799701896,0.9998667435710931
WikiPathways_2024_Human,Inflammatory Bowel Disease Signaling WP5198,6,9,1.0289017341040463,0.6355347801964881,0.9998667435710931
WikiPathways_2024_Human,Kynurenine Pathway And Links To Cell Senescence WP5044,4,7,0.6819923371647509,0.818398645985609,0.9998667435710931
WikiPathways_2024_Human,Hippocampal Synaptogenesis And Neurogenesis WP5231,5,7,1.2896253602305476,0.5561544019060072,0.9998667435710931
WikiPathways_2024_Human,Angiogenesis WP1539,4,7,0.6819923371647509,0.818398645985609,0.9998667435710931
WikiPathways_2024_Human,Leukocyte Intrinsic Hippo Pathway Functions WP4542,3,8,0.3025787965616046,0.9791554218747225,0.9998667435710931
WikiPathways_2024_Human,Type 2 Papillary Renal Cell Carcinoma WP4241,6,8,1.5520231213872833,0.4520544053968419,0.9998667435710931
WikiPathways_2024_Human,PDGFR Beta Pathway WP3972,4,8,0.5086206896551724,0.9071428958832689,0.9998667435710931
WikiPathways_2024_Human,Ovarian Infertility WP34,6,9,1.0289017341040463,0.6355347801964881,0.9998667435710931
WikiPathways_2024_Human,T Cell Receptor Signaling WP69,6,12,0.5057803468208093,0.9293662823434757,0.9998667435710931
WikiPathways_2024_Human,Mod Of PI3K Akt mTOR Signaling By Bioactive Sphingolipids WP5192,3,6,0.5100286532951289,0.894828405209791,0.9998667435710931
WikiPathways_2024_Human,Matrix Metalloproteinases WP129,3,8,0.3025787965616046,0.9791554218747225,0.9998667435710931
WikiPathways_2024_Human,Oxidative Damage Response WP3941,6,9,1.0289017341040463,0.6355347801964881,0.9998667435710931
WikiPathways_2024_Human,Tumor Suppressor Activity Of SMARCB1 WP4204,4,8,0.5086206896551724,0.9071428958832689,0.9998667435710931
WikiPathways_2024_Human,Thermogenesis WP4321,8,14,0.6782945736434108,0.8412425976904965,0.9998667435710931
WikiPathways_2024_Human,LDL Influence On CD14 And TLR4 WP5272,4,6,1.028735632183908,0.6685447922258365,0.9998667435710931
WikiPathways_2024_Human,Unfolded Protein Response WP4925,3,6,0.5100286532951289,0.894828405209791,0.9998667435710931
WikiPathways_2024_Human,NRF2 ARE Regulation WP4357,5,6,2.5936599423631126,0.3376524140216461,0.9998667435710931
WikiPathways_2024_Human,Chronic Hyperglycemia Impairment Of Neuron Function WP5283,5,8,0.8549471661863592,0.729654396087949,0.9998667435710931
WikiPathways_2024_Human,T Cell Modulation In Pancreatic Cancer WP5078,7,8,3.652173913043478,0.18298402335825498,0.9998667435710931
WikiPathways_2024_Human,Extrafollicular And Follicular B Cell Activation By SARS CoV 2 WP5218,5,10,0.5072046109510087,0.9188366202056616,0.9998667435710931
WikiPathways_2024_Human,Arrhythmogenic Right Ventricular Cardiomyopathy WP2118,8,10,2.0813953488372094,0.28243010034078964,0.9998667435710931
WikiPathways_2024_Human,Mammary Gland Development Pathway Embryonic Development Stg 1/4 WP2813,4,5,2.0689655172413794,0.4479498734230429,0.9998667435710931
WikiPathways_2024_Human,Prion Disease Pathway WP3995,4,7,0.6819923371647509,0.818398645985609,0.9998667435710931
WikiPathways_2024_Human,Genes Controlling Nephrogenesis WP4823,5,8,0.8549471661863592,0.729654396087949,0.9998667435710931
WikiPathways_2024_Human,H19 Rb E2F1 And CDK Beta Catenin In Colorectal Cancer WP3969,3,5,0.7693409742120344,0.7816865987178137,0.9998667435710931
WikiPathways_2024_Human,Signal Transduction Through IL1R WP4496,4,7,0.6819923371647509,0.818398645985609,0.9998667435710931
WikiPathways_2024_Human,Prostaglandin Signaling WP5088,4,7,0.6819923371647509,0.818398645985609,0.9998667435710931
WikiPathways_2024_Human,MAPK Cascade WP422,4,7,0.6819923371647509,0.818398645985609,0.9998667435710931
WikiPathways_2024_Human,Pre Implantation Embryo WP3527,4,9,0.4045977011494253,0.9550140798280637,0.9998667435710931
WikiPathways_2024_Human,Aryl Hydrocarbon Receptor Pathway WP2873,4,8,0.5086206896551724,0.9071428958832689,0.9998667435710931
WikiPathways_2024_Human,IL7 Signaling WP205,3,6,0.5100286532951289,0.894828405209791,0.9998667435710931
WikiPathways_2024_Human,Circadian Rhythm Genes WP3594,9,18,0.5014577259475219,0.9538591577246169,0.9998667435710931
WikiPathways_2024_Human,DNA IR Damage And Cellular Response Via ATR WP4016,6,11,0.6104046242774567,0.8706922379930575,0.9998667435710931
WikiPathways_2024_Human,ncRNAs Involved In STAT3 Signaling In Hepatocellular Carcinoma WP4337,2,5,0.33904761904761904,0.952369095368568,0.9998667435710931
WikiPathways_2024_Human,Gastric Cancer Network 2 WP2363,5,7,1.2896253602305476,0.5561544019060072,0.9998667435710931
WikiPathways_2024_Human,Sterol Regulatory Element Binding Proteins SREBP Signaling WP1982,7,10,1.203864734299517,0.542043825861554,0.9998667435710931
WikiPathways_2024_Human,Fibrin Complement Receptor 3 Signaling WP4136,6,8,1.5520231213872833,0.4520544053968419,0.9998667435710931
WikiPathways_2024_Human,White Fat Cell Differentiation WP4149,4,7,0.6819923371647509,0.818398645985609,0.9998667435710931
WikiPathways_2024_Human,Immune Infiltration In Pancreatic Cancer WP5285,6,8,1.5520231213872833,0.4520544053968419,0.9998667435710931
WikiPathways_2024_Human,TGFB Smad Signaling WP5382,4,5,2.0689655172413794,0.4479498734230429,0.9998667435710931
WikiPathways_2024_Human,RAS And Bradykinin Pathways In COVID 19 WP4969,4,7,0.6819923371647509,0.818398645985609,0.9998667435710931
WikiPathways_2024_Human,ATM Signaling WP2516,4,8,0.5086206896551724,0.9071428958832689,0.9998667435710931
WikiPathways_2024_Human,Serotonin Receptor 2 And ELK SRF GATA4 Signaling WP732,4,6,1.028735632183908,0.6685447922258365,0.9998667435710931
WikiPathways_2024_Human,Autophagy In Pancreatic Ductal Adenocarcinoma WP5331,4,6,1.028735632183908,0.6685447922258365,0.9998667435710931
WikiPathways_2024_Human,BMP Signaling In Eyelid Development WP3927,3,6,0.5100286532951289,0.894828405209791,0.9998667435710931
WikiPathways_2024_Human,Nanomaterial Induced Apoptosis WP2507,3,6,0.5100286532951289,0.894828405209791,0.9998667435710931
WikiPathways_2024_Human,Hereditary Leiomyomatosis And Renal Cell Carcinoma Pathway WP4206,3,5,0.7693409742120344,0.7816865987178137,0.9998667435710931
WikiPathways_2024_Human,Complement System In Neuronal Development And Plasticity WP5090,7,11,0.8978260869565218,0.696670356453749,0.9998667435710931
WikiPathways_2024_Human,Markers Of Kidney Cell Lineage WP5236,4,8,0.5086206896551724,0.9071428958832689,0.9998667435710931
WikiPathways_2024_Human,Initiation Of Transcription And Translation Elongation HIV1 LTR WP3414,5,6,2.5936599423631126,0.3376524140216461,0.9998667435710931
WikiPathways_2024_Human,FOXA2 Pathway WP5066,4,5,2.0689655172413794,0.4479498734230429,0.9998667435710931
WikiPathways_2024_Human,NO cGMP PKG Mediated Neuroprotection WP4008,4,7,0.6819923371647509,0.818398645985609,0.9998667435710931
WikiPathways_2024_Human,Overview Of Proinflammatory And Profibrotic Mediators WP5095,9,12,1.5568513119533527,0.3733891904824641,0.9998667435710931
WikiPathways_2024_Human,Nuclear Receptors In Lipid Metabolism And Toxicity WP299,3,6,0.5100286532951289,0.894828405209791,0.9998667435710931
WikiPathways_2024_Human,Exosome Biogenesis Inhib And Secretion Manumycin A CRPC Cells WP4301,3,5,0.7693409742120344,0.7816865987178137,0.9998667435710931
WikiPathways_2024_Human,Ulcerative Colitis Signaling WP5174,3,5,0.7693409742120344,0.7816865987178137,0.9998667435710931
WikiPathways_2024_Human,22Q11 2 Copy Number Variation Syndrome WP4657,9,12,1.5568513119533527,0.3733891904824641,0.9998667435710931
WikiPathways_2024_Human,Hematopoietic SC Differentiation WP2849,6,8,1.5520231213872833,0.4520544053968419,0.9998667435710931
WikiPathways_2024_Human,Serotonin Receptor 4 6 7 And NR3C Signaling WP734,3,5,0.7693409742120344,0.7816865987178137,0.9998667435710931
WikiPathways_2024_Human,NF1 Copy Number Variation Syndrome WP5366,7,11,0.8978260869565218,0.696670356453749,0.9998667435710931
WikiPathways_2024_Human,Inflammatory Response Pathway WP453,3,6,0.5100286532951289,0.894828405209791,0.9998667435710931
WikiPathways_2024_Human,Dopaminergic Neurogenesis WP2855,4,6,1.028735632183908,0.6685447922258365,0.9998667435710931
WikiPathways_2024_Human,NOTCH1 Regulation Of Endothelial Cell Calcification WP3413,4,5,2.0689655172413794,0.4479498734230429,0.9998667435710931
WikiPathways_2024_Human,Amplification And Expansion Of Oncogenic Pathways WP3678,3,5,0.7693409742120344,0.7816865987178137,0.9998667435710931
WikiPathways_2024_Human,miR 509 3P Alteration Of YAP1 ECM Axis WP3967,4,5,2.0689655172413794,0.4479498734230429,0.9998667435710931
WikiPathways_2024_Human,Canonical And Non Canonical Notch Signaling WP3845,4,6,1.028735632183908,0.6685447922258365,0.9998667435710931
WikiPathways_2024_Human,T Cell Receptor And Co Stimulatory Signaling WP2583,3,6,0.5100286532951289,0.894828405209791,0.9998667435710931
WikiPathways_2024_Human,Sphingolipid Metabolism In Senescence WP5121,4,6,1.028735632183908,0.6685447922258365,0.9998667435710931
WikiPathways_2024_Human,Cytokine Cytokine Receptor Interaction WP5473,11,19,0.6975806451612904,0.8439106224839735,0.9998667435710931
WikiPathways_2024_Human,MFAP5 Effect On Permeability And Motility Of Endothelial Cells WP4560,4,5,2.0689655172413794,0.4479498734230429,0.9998667435710931
WikiPathways_2024_Human,Novel Intracellular Components Of RIG I Like Receptor Pathway WP3865,4,9,0.4045977011494253,0.9550140798280637,0.9998667435710931
WikiPathways_2024_Human,Mammalian Disorder Of Sexual Development WP4842,3,6,0.5100286532951289,0.894828405209791,0.9998667435710931
WikiPathways_2024_Human,Wnt Signaling In Kidney Disease WP4150,3,7,0.38037249283667623,0.9521507246279274,0.9998667435710931
WikiPathways_2024_Human,MAPK Pathway In Congenital Thyroid Cancer WP4928,3,5,0.7693409742120344,0.7816865987178137,0.9998667435710931
WikiPathways_2024_Human,Galanin Receptor Pathway WP4970,4,5,2.0689655172413794,0.4479498734230429,0.9998667435710931
WikiPathways_2024_Human,Genetic Causes Of Porto Sinusoidal Vascular Disease WP5269,6,7,3.121387283236994,0.2502516188679017,0.9998667435710931
WikiPathways_2024_Human,Cytokines And Inflammatory Response WP530,4,6,1.028735632183908,0.6685447922258365,0.9998667435710931
WikiPathways_2024_Human,Involvement Of Secretase In Neurodegenerative Diseases WP5372,5,5,inf,0.12441065917894568,0.9998667435710931
WikiPathways_2024_Human,2Q11 2 Copy Number Variation Syndrome WP5221,2,5,0.33904761904761904,0.952369095368568,0.9998667435710931
WikiPathways_2024_Human,3Q29 Copy Number Variation Syndrome WP4906,4,7,0.6819923371647509,0.818398645985609,0.9998667435710931
WikiPathways_2024_Human,Type I Collagen Synthesis Osteogenesis Imperfecta WP4786,4,5,2.0689655172413794,0.4479498734230429,0.9998667435710931
WikiPathways_2024_Human,Prostaglandin And Leukotriene Metabolism In Senescence WP5321,3,5,0.7693409742120344,0.7816865987178137,0.9998667435710931
WikiPathways_2024_Human,Glucocorticoid Receptor Pathway WP2880,4,7,0.6819923371647509,0.818398645985609,0.9998667435710931
WikiPathways_2024_Human,Effect Of Progerin On Genes Involved In Progeria WP4320,4,5,2.0689655172413794,0.4479498734230429,0.9998667435710931
WikiPathways_2024_Human,miRNA Role In Immune Response In Sepsis WP4329,2,5,0.33904761904761904,0.952369095368568,0.9998667435710931
WikiPathways_2024_Human,IL1 Signaling WP195,3,6,0.5100286532951289,0.894828405209791,0.9998667435710931
WikiPathways_2024_Human,Dravet Syndrome WP5200,3,5,0.7693409742120344,0.7816865987178137,0.9998667435710931
WikiPathways_2024_Human,Senescence Associated Secretory Phenotype SASP WP3391,5,10,0.5072046109510087,0.9188366202056616,0.9998667435710931
WikiPathways_2024_Human,Renin Angiotensin Aldosterone System RAAS WP4756,4,6,1.028735632183908,0.6685447922258365,0.9998667435710931
WikiPathways_2024_Human,Oligodendrocyte Differentiation Leading To Myelin For CNS WP4304,4,5,2.0689655172413794,0.4479498734230429,0.9998667435710931
WikiPathways_2024_Human,Glycerophospholipid Biosynthetic Pathway WP2533,2,5,0.33904761904761904,0.952369095368568,0.9998667435710931
WikiPathways_2024_Human,10Q11 21Q11 23 Copy Number Variation Syndrome WP5352,4,7,0.6819923371647509,0.818398645985609,0.9998667435710931
WikiPathways_2024_Human,Antiviral And Anti-Inflam Effects Of Nrf2 On SARS CoV 2 Pathway WP5113,4,5,2.0689655172413794,0.4479498734230429,0.9998667435710931
WikiPathways_2024_Human,Prostaglandin And Leukotriene Metabolism In Senescence WP5122,3,5,0.7693409742120344,0.7816865987178137,0.9998667435710931
WikiPathways_2024_Human,Interferon Mediated Signaling WP4558,4,6,1.028735632183908,0.6685447922258365,0.9998667435710931
WikiPathways_2024_Human,S1P Receptor Signal Transduction WP26,3,5,0.7693409742120344,0.7816865987178137,0.9998667435710931
WikiPathways_2024_Human,1P36 Copy Number Variation Syndrome WP5345,7,10,1.203864734299517,0.542043825861554,0.9998667435710931
WikiPathways_2024_Human,Prader Willi And Angelman Syndrome WP3998,9,10,4.723032069970846,0.09479029174163411,0.9998667435710931
WikiPathways_2024_Human,Parkinson 39 S Disease Pathway WP2371,4,6,1.028735632183908,0.6685447922258365,0.9998667435710931
WikiPathways_2024_Human,8P23 1 Copy Number Variation Syndrome WP5346,3,7,0.38037249283667623,0.9521507246279274,0.9998667435710931
WikiPathways_2024_Human,Male Infertility WP4673,5,12,0.3581720872787155,0.9800931218395145,0.9998667435710931
WikiPathways_2024_Human,1Q21 1 Copy Number Variation Syndrome WP4905,4,5,2.0689655172413794,0.4479498734230429,0.9998667435710931
WikiPathways_2024_Human,NAD Metab In Oncogene Induced And Mt Dysfunction Senescence WP5046,2,5,0.33904761904761904,0.952369095368568,0.9998667435710931
WikiPathways_2024_Human,Mechanoreg And Pathology Of YAP TAZ Hippo And Non Hippo Mechs WP4534,5,7,1.2896253602305476,0.5561544019060072,0.9998667435710931
WikiPathways_2024_Human,Omega 6 Fatty Acids In Senescence WP5424,5,7,1.2896253602305476,0.5561544019060072,0.9998667435710931
WikiPathways_2024_Human,Rett Syndrome WP4312,4,7,0.6819923371647509,0.818398645985609,0.9998667435710931
WikiPathways_2024_Human,Lung Fibrosis WP3624,5,8,0.8549471661863592,0.729654396087949,0.9998667435710931
WikiPathways_2024_Human,Roles Of Ceramides In Development Of Insulin Resistance WP5181,4,5,2.0689655172413794,0.4479498734230429,0.9998667435710931
WikiPathways_2024_Human,2Q37 Copy Number Variation Syndrome WP5224,10,12,2.6169590643274856,0.16648254960714334,0.9998667435710931
WikiPathways_2024_Human,Vitamin D Sensitive Calcium Signaling In Depression WP4698,3,6,0.5100286532951289,0.894828405209791,0.9998667435710931
WikiPathways_2024_Human,Complement System WP2806,2,5,0.33904761904761904,0.952369095368568,0.9998667435710931
WikiPathways_2024_Human,17Q12 Copy Number Variation Syndrome WP5287,3,5,0.7693409742120344,0.7816865987178137,0.9998667435710931
WikiPathways_2024_Human,Primary Ovarian Insufficiency WP5461,2,6,0.25285714285714284,0.9811394404479564,0.9998667435710931
GO_Biological_Process_2025,Positive Regulation of DNA-templated Transcription (GO:0045893),78,130,0.7062043795620438,0.9615193076088049,0.9998667435710931
GO_Biological_Process_2025,Positive Regulation of Transcription by RNA Polymerase II (GO:0045944),69,109,0.859452296819788,0.7860712568473521,0.9998667435710931
GO_Biological_Process_2025,Negative Regulation of Apoptotic Process (GO:0043066),53,74,1.350533524446568,0.16871802977316377,0.9998667435710931
GO_Biological_Process_2025,Positive Regulation of Cell Population Proliferation (GO:0008284),44,72,0.7806122448979592,0.8604252199428397,0.9998667435710931
GO_Biological_Process_2025,Positive Regulation of Cellular Process (GO:0048522),47,81,0.6662487945998071,0.9612199861855824,0.9998667435710931
WikiPathways_2024_Human,11P11 2 Copy Number Variation Syndrome WP5348,3,5,0.7693409742120344,0.7816865987178137,0.9998667435710931
WikiPathways_2024_Human,Amino Acid Metabolism WP3925,5,6,2.5936599423631126,0.3376524140216461,0.9998667435710931
WikiPathways_2024_Human,G Protein Signaling WP35,5,6,2.5936599423631126,0.3376524140216461,0.9998667435710931
WikiPathways_2024_Human,NRF2 Pathway WP2884,8,8,inf,0.03520886115928497,0.9998667435710931
WikiPathways_2024_Human,Calcium Regulation In Cardiac Cells WP536,7,8,3.652173913043478,0.18298402335825498,0.9998667435710931
WikiPathways_2024_Human,Ciliary Landscape WP4352,7,10,1.203864734299517,0.542043825861554,0.9998667435710931
WikiPathways_2024_Human,Selenium Micronutrient Network WP15,2,5,0.33904761904761904,0.952369095368568,0.9998667435710931
WikiPathways_2024_Human,DNA Repair Pathways Full Network WP4946,5,6,2.5936599423631126,0.3376524140216461,0.9998667435710931
WikiPathways_2024_Human,2Q13 Copy Number Variation Syndrome WP5222,6,6,inf,0.08176230821040559,0.9998667435710931
WikiPathways_2024_Human,Hedgehog Signaling WP4249,3,5,0.7693409742120344,0.7816865987178137,0.9998667435710931
WikiPathways_2024_Human,Neurodegeneration W Brain Fe Accumulation NBIA Subtypes Pathway WP4577,3,5,0.7693409742120344,0.7816865987178137,0.9998667435710931
WikiPathways_2024_Human,Perturbations Host Cell Autophagy Induced By SARS CoV 2 Prots WP4936,3,5,0.7693409742120344,0.7816865987178137,0.9998667435710931
WikiPathways_2024_Human,7Q11 23 Copy Number Variation Syndrome WP4932,4,8,0.5086206896551724,0.9071428958832689,0.9998667435710931
WikiPathways_2024_Human,5Q35 Copy Number Variation WP5380,6,8,1.5520231213872833,0.4520544053968419,0.9998667435710931
WikiPathways_2024_Human,Myometrial Relaxation And Contraction Pathways WP289,8,10,2.0813953488372094,0.28243010034078964,0.9998667435710931
WikiPathways_2024_Human,Folate Metabolism WP176,4,6,1.028735632183908,0.6685447922258365,0.9998667435710931
WikiPathways_2024_Human,Nuclear Receptors WP170,2,5,0.33904761904761904,0.952369095368568,0.9998667435710931
WikiPathways_2024_Human,Pathogenic Escherichia Coli Infection WP2272,5,6,2.5936599423631126,0.3376524140216461,0.9998667435710931
WikiPathways_2024_Human,16P11 2 Proximal Deletion Syndrome WP4949,4,7,0.6819923371647509,0.818398645985609,0.9998667435710931
WikiPathways_2024_Human,Microglia Pathogen Phagocytosis Pathway WP3937,2,5,0.33904761904761904,0.952369095368568,0.9998667435710931
WikiPathways_2024_Human,Glycogen Synthesis And Degradation WP500,3,5,0.7693409742120344,0.7816865987178137,0.9998667435710931
WikiPathways_2024_Human,Nucleotide Binding Oligomerization Domain NOD Pathway WP1433,4,5,2.0689655172413794,0.4479498734230429,0.9998667435710931
WikiPathways_2024_Human,Metabolic Reprogramming In Pancreatic Cancer WP5220,4,5,2.0689655172413794,0.4479498734230429,0.9998667435710931
WikiPathways_2024_Human,Metabolic Reprogramming In Colon Cancer WP4290,5,5,inf,0.12441065917894568,0.9998667435710931
GO_Biological_Process_2025,Positive Regulation of Multicellular Organismal Process (GO:0051240),27,45,0.7523076923076923,0.8548958193563873,0.9998667435710931
GO_Biological_Process_2025,Cell Surface Receptor Protein Tyrosine Kinase Signaling Pathway (GO:0007169),18,38,0.4338323353293413,0.9957880567158649,0.9998667435710931
GO_Biological_Process_2025,Negative Regulation of Gene Expression (GO:0010629),27,42,0.9193846153846154,0.6671829337777617,0.9998667435710931
GO_Biological_Process_2025,Mesenchymal Cell Differentiation (GO:0048762),12,18,1.0294117647058822,0.5871074487043777,0.9998667435710931
GO_Biological_Process_2025,Negative Regulation of Cellular Process (GO:0048523),30,51,0.709849157054126,0.9019256256845675,0.9998667435710931
GO_Biological_Process_2025,Epithelial to Mesenchymal Transition (GO:0001837),12,17,1.2423529411764707,0.4542352375651185,0.9998667435710931
GO_Biological_Process_2025,Aortic Valve Morphogenesis (GO:0003180),14,15,7.455621301775148,0.016144300701718725,0.9998667435710931
GO_Biological_Process_2025,Positive Regulation of miRNA Metabolic Process (GO:2000630),11,17,0.9408602150537635,0.6552969998755516,0.9998667435710931
GO_Biological_Process_2025,+ Reg of Phosphatidylinositol 3-Kinase/Prot Kinase B Signal Transduction (GO:0051897),14,30,0.4271449704142012,0.9927242716650374,0.9998667435710931
GO_Biological_Process_2025,Positive Regulation of Cell Differentiation (GO:0045597),23,39,0.7209346504559271,0.872840013833637,0.9998667435710931
GO_Biological_Process_2025,Regulation of Angiogenesis (GO:0045765),22,33,1.0303030303030303,0.5513098029631445,0.9998667435710931
GO_Biological_Process_2025,Positive Regulation of Angiogenesis (GO:0045766),18,26,1.1654191616766467,0.4527098817421178,0.9998667435710931
GO_Biological_Process_2025,Positive Regulation of Signal Transduction (GO:0009967),22,36,0.7952380952380952,0.7978914308486396,0.9998667435710931
GO_Biological_Process_2025,Negative Regulation of Macromolecule Biosynthetic Process (GO:0010558),20,32,0.8483935742971888,0.738614764747922,0.9998667435710931
GO_Biological_Process_2025,Apoptotic Process (GO:0006915),23,34,1.0804089527493783,0.5002240113756711,0.9998667435710931
GO_Biological_Process_2025,Positive Regulation of Cell Motility (GO:2000147),24,35,1.130820399113082,0.45028216406265764,0.9998667435710931
GO_Biological_Process_2025,Positive Regulation of Gene Expression (GO:0010628),30,57,0.5314009661835749,0.9910309235770642,0.9998667435710931
GO_Biological_Process_2025,Negative Regulation of DNA-templated Transcription (GO:0045892),51,84,0.7598912715191785,0.8933293968455582,0.9998667435710931
GO_Biological_Process_2025,Positive Regulation of RNA Biosynthetic Process (GO:1902680),32,59,0.5703703703703704,0.9839038812689462,0.9998667435710931
GO_Biological_Process_2025,Regulation of Phosphatidylinositol 3-Kinase/Protein Kinase B Signal Transduction (GO:0051896),16,37,0.36281179138321995,0.9991148403328691,0.9998667435710931
GO_Biological_Process_2025,Regulation of DNA-templated Transcription (GO:0006355),73,131,0.5548757879124954,0.9983739082998623,0.9998667435710931
GO_Biological_Process_2025,Regulation of miRNA Transcription (GO:1902893),17,22,1.7862686567164179,0.18370307886943718,0.9998667435710931
GO_Biological_Process_2025,Regulation of Cell Migration (GO:0030334),35,53,0.9998247458815283,0.5659532534654905,0.9998667435710931
GO_Biological_Process_2025,Negative Regulation of Transcription by RNA Polymerase II (GO:0000122),42,65,0.9307152875175315,0.6583698072681258,0.9998667435710931
GO_Biological_Process_2025,Regulation of Transcription by RNA Polymerase II (GO:0006357),96,158,0.719758064516129,0.9611053881179279,0.9998667435710931
GO_Biological_Process_2025,Regulation of Apoptotic Process (GO:0042981),49,81,0.7529909240924092,0.8974761497582558,0.9998667435710931
GO_Biological_Process_2025,Regulation of Cell Population Proliferation (GO:0042127),49,84,0.6745874587458746,0.9586538865823082,0.9998667435710931
GO_Biological_Process_2025,Negative Regulation of Programmed Cell Death (GO:0043069),41,58,1.271798751655003,0.2619910009389547,0.9998667435710931
GO_Biological_Process_2025,Positive Regulation of Intracellular Signal Transduction (GO:1902533),39,74,0.5197626654495664,0.9964789624441365,0.9998667435710931
GO_Biological_Process_2025,Positive Regulation of Macromolecule Biosynthetic Process (GO:0010557),30,52,0.6733483907396951,0.9304876019168558,0.9998667435710931
GO_Biological_Process_2025,Positive Regulation of Cell Migration (GO:0030335),33,51,0.9367816091954023,0.6474692678869431,0.9998667435710931
GO_Biological_Process_2025,Regulation of Gene Expression (GO:0010468),61,95,0.9063068526379624,0.7056767848509378,0.9998667435710931
GO_Biological_Process_2025,Signal Transduction in Response to DNA Damage (GO:0042770),7,17,0.34695652173913044,0.9916079555692313,0.9998667435710931
GO_Biological_Process_2025,Regulation of Autophagy (GO:0010506),14,28,0.4940828402366864,0.9775002108481251,0.9998667435710931
GO_Biological_Process_2025,Positive Regulation of Cellular Component Biogenesis (GO:0044089),5,18,0.1862114830414542,0.9998588465980668,0.9998667435710931
GO_Biological_Process_2025,Negative Regulation of RNA Biosynthetic Process (GO:1902679),22,41,0.5684210526315789,0.970213208398117,0.9998667435710931
GO_Biological_Process_2025,Positive Regulation of Cell Growth (GO:0030307),12,19,0.8773109243697479,0.7032093807678079,0.9998667435710931
GO_Biological_Process_2025,Regulation of Smooth Muscle Cell Proliferation (GO:0048660),7,14,0.5043478260869565,0.9386572778500198,0.9998667435710931
GO_Biological_Process_2025,G1/S Transition of Mitotic Cell Cycle (GO:0000082),12,15,2.0941176470588236,0.19124531234465464,0.9998667435710931
GO_Biological_Process_2025,Regulation of Programmed Cell Death (GO:0043067),14,25,0.6401291016675632,0.9017611997742814,0.9998667435710931
GO_Biological_Process_2025,Regulation of Cell Growth (GO:0001558),18,29,0.8328796951551443,0.7505141570521473,0.9998667435710931
GO_Biological_Process_2025,Intracellular Signaling Cassette (GO:0141124),19,37,0.5166833500166833,0.9819061568929561,0.9998667435710931
GO_Biological_Process_2025,Regulation of Cell Differentiation (GO:0045595),16,27,0.7359307359307359,0.8349191222497575,0.9998667435710931
GO_Biological_Process_2025,Cell Cycle G1/S Phase Transition (GO:0044843),12,16,1.561764705882353,0.31674447363224917,0.9998667435710931
GO_Biological_Process_2025,Positive Regulation of Biosynthetic Process (GO:0009891),9,18,0.5014577259475219,0.9538591577246169,0.9998667435710931
GO_Biological_Process_2025,Cellular Response to Cytokine Stimulus (GO:0071345),21,32,0.9804998626750893,0.602755715941466,0.9998667435710931
GO_Biological_Process_2025,Negative Regulation of Cell Population Proliferation (GO:0008285),20,37,0.5811481218993622,0.9599230165661685,0.9998667435710931
GO_Biological_Process_2025,Positive Regulation of Catabolic Process (GO:0009896),10,25,0.3235867446393762,0.9983750679539731,0.9998667435710931
GO_Biological_Process_2025,Cellular Response to Oxygen-Containing Compound (GO:1901701),28,41,1.1168091168091168,0.4484765308808101,0.9998667435710931
GO_Biological_Process_2025,Extrinsic Apoptotic Signaling Pathway (GO:0097191),8,18,0.39767441860465114,0.9847934457445503,0.9998667435710931
GO_Biological_Process_2025,Negative Regulation of Intracellular Signal Transduction (GO:1902532),18,35,0.5199013737231419,0.9790164003416642,0.9998667435710931
GO_Biological_Process_2025,DNA Damage Response (GO:0006974),21,42,0.48338368580060426,0.9919062859028339,0.9998667435710931
GO_Biological_Process_2025,Cytokine-Mediated Signaling Pathway (GO:0019221),19,32,0.7373527373527373,0.8446908989511608,0.9998667435710931
GO_Biological_Process_2025,Phosphatidylinositol 3-Kinase/Protein Kinase B Signal Transduction (GO:0043491),6,14,0.375,0.9815225525733939,0.9998667435710931
GO_Biological_Process_2025,Positive Regulation of Vasculature Development (GO:1904018),15,21,1.2982195845697329,0.3920941840146105,0.9998667435710931
GO_Biological_Process_2025,Aortic Valve Development (GO:0003176),13,14,6.902654867256637,0.02325925068183205,0.9998667435710931
GO_Biological_Process_2025,Regulation of MAPK Cascade (GO:0043408),20,34,0.7185886402753873,0.8649609683804648,0.9998667435710931
GO_Biological_Process_2025,Positive Regulation of miRNA Transcription (GO:1902895),11,16,1.135483870967742,0.5251982124982129,0.9998667435710931
GO_Biological_Process_2025,Cellular Response to Growth Factor Stimulus (GO:0071363),19,26,1.4182754182754183,0.29161650039998765,0.9998667435710931
GO_Biological_Process_2025,Negative Regulation of Cell Differentiation (GO:0045596),20,31,0.9309967141292442,0.6537028592438869,0.9998667435710931
GO_Biological_Process_2025,Positive Regulation of MAPK Cascade (GO:0043410),22,40,0.6037037037037037,0.9539227911692332,0.9998667435710931
GO_Biological_Process_2025,Positive Regulation of Apoptotic Process (GO:0043065),18,37,0.45950204853450993,0.9926344559147117,0.9998667435710931
GO_Biological_Process_2025,Positive Regulation of Smooth Muscle Cell Proliferation (GO:0048661),10,16,0.8528265107212476,0.7218680168084004,0.9998667435710931
GO_Biological_Process_2025,Positive Regulation of Epithelial Cell Proliferation (GO:0050679),14,23,0.7915844838921762,0.7790759881227787,0.9998667435710931
GO_Biological_Process_2025,Positive Regulation of Neuron Apoptotic Process (GO:0043525),5,11,0.420268972142171,0.9589569387161649,0.9998667435710931
GO_Biological_Process_2025,Positive Regulation of Epithelial to Mesenchymal Transition (GO:0010718),7,12,0.7142028985507246,0.8120181936426393,0.9998667435710931
GO_Biological_Process_2025,Cellular Response to Insulin Stimulus (GO:0032869),11,17,0.9408602150537635,0.6552969998755516,0.9998667435710931
GO_Biological_Process_2025,Apoptotic Mitochondrial Changes (GO:0008637),6,10,0.7673410404624278,0.7757712116988893,0.9998667435710931
GO_Biological_Process_2025,Negative Regulation of Extrinsic Apoptotic Signaling Pathway (GO:2001237),10,14,1.293859649122807,0.4542406410567528,0.9998667435710931
GO_Biological_Process_2025,Cellular Response to Lipid (GO:0071396),17,25,1.0973880597014924,0.510304002235734,0.9998667435710931
GO_Biological_Process_2025,Negative Regulation of Epithelial Cell Proliferation (GO:0050680),7,14,0.5043478260869565,0.9386572778500198,0.9998667435710931
GO_Biological_Process_2025,Positive Regulation of Muscle Hypertrophy (GO:0014742),6,8,1.5520231213872833,0.4520544053968419,0.9998667435710931
GO_Biological_Process_2025,Mitotic Cell Cycle Phase Transition (GO:0044772),13,18,1.3498525073746312,0.38779913199548927,0.9998667435710931
GO_Biological_Process_2025,Regulation of Canonical NF-kappaB Signal Transduction (GO:0043122),19,28,1.0904237570904238,0.5065922903387827,0.9998667435710931
GO_Biological_Process_2025,Cellular Response to Hypoxia (GO:0071456),9,15,0.7653061224489796,0.784581602366496,0.9998667435710931
GO_Biological_Process_2025,Cellular Response to Decreased Oxygen Levels (GO:0036294),9,15,0.7653061224489796,0.784581602366496,0.9998667435710931
GO_Biological_Process_2025,Positive Regulation of DNA-binding Transcription Factor Activity (GO:0051091),12,22,0.6035294117647059,0.915856378884802,0.9998667435710931
GO_Biological_Process_2025,Regulation of Osteoblast Differentiation (GO:0045667),9,16,0.6522282382340692,0.8652133552269046,0.9998667435710931
GO_Biological_Process_2025,Negative Regulation of Multicellular Organismal Process (GO:0051241),20,26,1.7570281124497993,0.16141640513496294,0.9998667435710931
GO_Biological_Process_2025,Negative Regulation of Angiogenesis (GO:0016525),10,16,0.8528265107212476,0.7218680168084004,0.9998667435710931
GO_Biological_Process_2025,Negative Regulation of miRNA Transcription (GO:1902894),8,10,2.0813953488372094,0.28243010034078964,0.9998667435710931
GO_Biological_Process_2025,Regulation of Cardiac Muscle Hypertrophy (GO:0010611),7,10,1.203864734299517,0.542043825861554,0.9998667435710931
GO_Biological_Process_2025,Regulation of Epithelial Cell Proliferation (GO:0050678),10,17,0.7268170426065163,0.8169694695696132,0.9998667435710931
GO_Biological_Process_2025,Extrinsic Apoptotic Signaling Pathway in Absence of Ligand (GO:0097192),5,8,0.8549471661863592,0.729654396087949,0.9998667435710931
GO_Biological_Process_2025,Negative Regulation of miRNA Metabolic Process (GO:2000629),8,10,2.0813953488372094,0.28243010034078964,0.9998667435710931
GO_Biological_Process_2025,Protein Phosphorylation (GO:0006468),18,34,0.5557634730538922,0.9659000958306779,0.9998667435710931
GO_Biological_Process_2025,Positive Regulation of Cellular Component Organization (GO:0051130),9,18,0.5014577259475219,0.9538591577246169,0.9998667435710931
GO_Biological_Process_2025,Regulation of Canonical Wnt Signaling Pathway (GO:0060828),14,25,0.6401291016675632,0.9017611997742814,0.9998667435710931
GO_Biological_Process_2025,Negative Regulation of Signal Transduction (GO:0009968),19,30,0.8817908817908818,0.7032533115112807,0.9998667435710931
GO_Biological_Process_2025,Regulation of Vascular Associated Smooth Muscle Cell Proliferation (GO:1904705),6,12,0.5057803468208093,0.9293662823434757,0.9998667435710931
GO_Biological_Process_2025,Positive Regulation of Endothelial Cell Migration (GO:0010595),10,17,0.7268170426065163,0.8169694695696132,0.9998667435710931
GO_Biological_Process_2025,Positive Regulation of Programmed Cell Death (GO:0043068),13,28,0.42438544739429696,0.9917013861497024,0.9998667435710931
GO_Biological_Process_2025,Regulation of Blood Vessel Endothelial Cell Migration (GO:0043535),9,14,0.9236151603498542,0.6732022744153183,0.9998667435710931
GO_Biological_Process_2025,Positive Regulation of Growth (GO:0045927),9,16,0.6522282382340692,0.8652133552269046,0.9998667435710931
GO_Biological_Process_2025,ERBB Signaling Pathway (GO:0038127),8,14,0.6782945736434108,0.8412425976904965,0.9998667435710931
GO_Biological_Process_2025,Epidermal Growth Factor Receptor Signaling Pathway (GO:0007173),7,13,0.5917874396135265,0.8899499377702581,0.9998667435710931
GO_Biological_Process_2025,Positive Regulation of Blood Vessel Endothelial Cell Migration (GO:0043536),7,11,0.8978260869565218,0.696670356453749,0.9998667435710931
GO_Biological_Process_2025,Response to UV (GO:0009411),9,15,0.7653061224489796,0.784581602366496,0.9998667435710931
GO_Biological_Process_2025,Regulation of Neuron Apoptotic Process (GO:0043523),11,17,0.9408602150537635,0.6552969998755516,0.9998667435710931
GO_Biological_Process_2025,Positive Regulation of Phosphate Metabolic Process (GO:0045937),3,8,0.3025787965616046,0.9791554218747225,0.9998667435710931
GO_Biological_Process_2025,Regulation of Inflammatory Response (GO:0050727),12,24,0.4970588235294118,0.9699863645258627,0.9998667435710931
GO_Biological_Process_2025,Canonical Wnt Signaling Pathway (GO:0060070),5,12,0.3581720872787155,0.9800931218395145,0.9998667435710931
GO_Biological_Process_2025,Regulation of Cell Migration Involved in Sprouting Angiogenesis (GO:0090049),6,9,1.0289017341040463,0.6355347801964881,0.9998667435710931
GO_Biological_Process_2025,Intrinsic Apoptotic Signaling Pathway in Response to DNA Damage (GO:0008630),6,11,0.6104046242774567,0.8706922379930575,0.9998667435710931
GO_Biological_Process_2025,Regulation of RNA Biosynthetic Process (GO:2001141),22,36,0.7952380952380952,0.7978914308486396,0.9998667435710931
GO_Biological_Process_2025,Regulation of Endothelial Cell Apoptotic Process (GO:2000351),6,11,0.6104046242774567,0.8706922379930575,0.9998667435710931
GO_Biological_Process_2025,Myoblast Differentiation (GO:0045445),7,8,3.652173913043478,0.18298402335825498,0.9998667435710931
GO_Biological_Process_2025,Positive Regulation of Vascular Associated Smooth Muscle Cell Proliferation (GO:1904707),5,8,0.8549471661863592,0.729654396087949,0.9998667435710931
GO_Biological_Process_2025,Positive Regulation of Protein Metabolic Process (GO:0051247),10,22,0.4117933723196881,0.9879028623896434,0.9998667435710931
GO_Biological_Process_2025,Regulation of Sprouting Angiogenesis (GO:1903670),5,10,0.5072046109510087,0.9188366202056616,0.9998667435710931
GO_Biological_Process_2025,Regulation of Anoikis (GO:2000209),8,8,inf,0.03520886115928497,0.9998667435710931
GO_Biological_Process_2025,Positive Regulation of Autophagy (GO:0010508),6,15,0.33140655105973027,0.9910481691785883,0.9998667435710931
GO_Biological_Process_2025,Regulation of Cell Cycle (GO:0051726),18,29,0.8328796951551443,0.7505141570521473,0.9998667435710931
GO_Biological_Process_2025,Positive Regulation of Developmental Process (GO:0051094),16,25,0.91005291005291,0.6747824495184278,0.9998667435710931
GO_Biological_Process_2025,Protein Modification Process (GO:0036211),25,40,0.8460754332313966,0.7497182841862353,0.9998667435710931
GO_Biological_Process_2025,"Wound Healing, Spreading of Cells (GO:0044319)",8,9,4.186046511627907,0.13231825346146522,0.9998667435710931
GO_Biological_Process_2025,Regulation of Nitric Oxide Biosynthetic Process (GO:0045428),7,11,0.8978260869565218,0.696670356453749,0.9998667435710931
GO_Biological_Process_2025,Positive Regulation of Cardiac Muscle Hypertrophy (GO:0010613),6,8,1.5520231213872833,0.4520544053968419,0.9998667435710931
GO_Biological_Process_2025,Positive Regulation of Mesenchymal Cell Proliferation (GO:0002053),4,6,1.028735632183908,0.6685447922258365,0.9998667435710931
GO_Biological_Process_2025,Negative Regulation of Cell Migration Involved in Sprouting Angiogenesis (GO:0090051),4,7,0.6819923371647509,0.818398645985609,0.9998667435710931
GO_Biological_Process_2025,Negative Regulation of Intrinsic Apoptotic Signaling Pathway in Response to DNA Damage (GO:1902230),6,9,1.0289017341040463,0.6355347801964881,0.9998667435710931
GO_Biological_Process_2025,Regulation of Muscle Cell Differentiation (GO:0051147),6,9,1.0289017341040463,0.6355347801964881,0.9998667435710931
GO_Biological_Process_2025,Heart Development (GO:0007507),17,21,2.2455223880597015,0.10494573060703129,0.9998667435710931
GO_Biological_Process_2025,Regulation of ERK1 and ERK2 Cascade (GO:0070372),17,24,1.261407249466951,0.39530219308362613,0.9998667435710931
GO_Biological_Process_2025,Transforming Growth Factor Beta Receptor Superfamily Signaling Pathway (GO:0141091),9,17,0.5674198250728864,0.9194877265913577,0.9998667435710931
GO_Biological_Process_2025,Negative Regulation of Blood Vessel Endothelial Cell Migration (GO:0043537),6,10,0.7673410404624278,0.7757712116988893,0.9998667435710931
GO_Biological_Process_2025,Regulation of Phosphorylation (GO:0042325),5,13,0.3115994236311239,0.9906814976460293,0.9998667435710931
GO_Biological_Process_2025,Cellular Response to UV (GO:0034644),8,14,0.6782945736434108,0.8412425976904965,0.9998667435710931
GO_Biological_Process_2025,Positive Regulation of Release of Cytochrome C From Mitochondria (GO:0090200),3,7,0.38037249283667623,0.9521507246279274,0.9998667435710931
GO_Biological_Process_2025,Integrin-Mediated Signaling Pathway (GO:0007229),12,13,6.352941176470588,0.03334424385742545,0.9998667435710931
GO_Biological_Process_2025,Positive Regulation of Metabolic Process (GO:0009893),10,17,0.7268170426065163,0.8169694695696132,0.9998667435710931
GO_Biological_Process_2025,Hemopoiesis (GO:0030097),8,14,0.6782945736434108,0.8412425976904965,0.9998667435710931
GO_Biological_Process_2025,Regulation of Interleukin-12 Production (GO:0032655),6,10,0.7673410404624278,0.7757712116988893,0.9998667435710931
GO_Biological_Process_2025,Positive Regulation of Nitric Oxide Biosynthetic Process (GO:0045429),5,8,0.8549471661863592,0.729654396087949,0.9998667435710931
GO_Biological_Process_2025,Positive Regulation of Canonical NF-kappaB Signal Transduction (GO:0043123),15,20,1.5667655786350148,0.27271042968936654,0.9998667435710931
GO_Biological_Process_2025,Regulation of Notch Signaling Pathway (GO:0008593),7,12,0.7142028985507246,0.8120181936426393,0.9998667435710931
GO_Biological_Process_2025,Regulation of G1/S Transition of Mitotic Cell Cycle (GO:2000045),11,15,1.4274193548387097,0.3818862670278629,0.9998667435710931
GO_Biological_Process_2025,Negative Regulation of Smooth Muscle Cell Proliferation (GO:0048662),4,9,0.4045977011494253,0.9550140798280637,0.9998667435710931
GO_Biological_Process_2025,Positive Regulation of Epithelial Cell Migration (GO:0010634),5,9,0.6376080691642652,0.8473039159522754,0.9998667435710931
GO_Biological_Process_2025,Regulation of Cell Adhesion (GO:0030155),9,17,0.5674198250728864,0.9194877265913577,0.9998667435710931
GO_Biological_Process_2025,Positive Regulation of Cytokine Production (GO:0001819),14,27,0.535275375512062,0.9620568882628983,0.9998667435710931
GO_Biological_Process_2025,Cellular Response to Transforming Growth Factor Beta Stimulus (GO:0071560),9,14,0.9236151603498542,0.6732022744153183,0.9998667435710931
GO_Biological_Process_2025,Regulation of Release of Cytochrome C From Mitochondria (GO:0090199),5,9,0.6376080691642652,0.8473039159522754,0.9998667435710931
GO_Biological_Process_2025,Mesoderm Formation (GO:0001707),6,7,3.121387283236994,0.2502516188679017,0.9998667435710931
GO_Biological_Process_2025,Cellular Response to Nitrogen Compound (GO:1901699),15,19,1.9695845697329377,0.16831747633337185,0.9998667435710931
GO_Biological_Process_2025,Regulation of Receptor Signaling Pathway via JAK-STAT (GO:0046425),6,11,0.6104046242774567,0.8706922379930575,0.9998667435710931
GO_Biological_Process_2025,Response to Cytokine (GO:0034097),9,16,0.6522282382340692,0.8652133552269046,0.9998667435710931
GO_Biological_Process_2025,Cellular Response to Peptide Hormone Stimulus (GO:0071375),9,14,0.9236151603498542,0.6732022744153183,0.9998667435710931
GO_Biological_Process_2025,Negative Regulation of Cell Cycle (GO:0045786),7,13,0.5917874396135265,0.8899499377702581,0.9998667435710931
GO_Biological_Process_2025,Wound Healing (GO:0042060),10,13,1.7348927875243665,0.3026993976306272,0.9998667435710931
GO_Biological_Process_2025,"Wound Healing, Spreading of Epidermal Cells (GO:0035313)",6,6,inf,0.08176230821040559,0.9998667435710931
GO_Biological_Process_2025,Response to Insulin (GO:0032868),8,13,0.8186046511627907,0.745219555818966,0.9998667435710931
GO_Biological_Process_2025,Circulatory System Development (GO:0072359),13,17,1.6969026548672566,0.25945665532688694,0.9998667435710931
GO_Biological_Process_2025,Regulation of Cold-Induced Thermogenesis (GO:0120161),12,18,1.0294117647058822,0.5871074487043777,0.9998667435710931
GO_Biological_Process_2025,Neuron Differentiation (GO:0030182),14,20,1.208086785009862,0.45390529941969254,0.9998667435710931
GO_Biological_Process_2025,Regulation of Mesenchymal Cell Proliferation (GO:0010464),4,6,1.028735632183908,0.6685447922258365,0.9998667435710931
GO_Biological_Process_2025,Negative Regulation of Anoikis (GO:2000811),7,7,inf,0.05368075643415622,0.9998667435710931
GO_Biological_Process_2025,Release of Cytochrome C From Mitochondria (GO:0001836),4,7,0.6819923371647509,0.818398645985609,0.9998667435710931
GO_Biological_Process_2025,MAPK Cascade (GO:0000165),10,16,0.8528265107212476,0.7218680168084004,0.9998667435710931
GO_Biological_Process_2025,Regulation of Epithelial to Mesenchymal Transition (GO:0010717),8,14,0.6782945736434108,0.8412425976904965,0.9998667435710931
GO_Biological_Process_2025,Negative Regulation of Wnt Signaling Pathway (GO:0030178),7,16,0.38776167471819645,0.9831408040430023,0.9998667435710931
GO_Biological_Process_2025,Positive Regulation of Carbohydrate Metabolic Process (GO:0045913),3,8,0.3025787965616046,0.9791554218747225,0.9998667435710931
GO_Biological_Process_2025,"Regulation of DNA Damage Response, Signal Transduction by P53 Class Mediator (GO:0043516)",6,8,1.5520231213872833,0.4520544053968419,0.9998667435710931
GO_Biological_Process_2025,Positive Regulation of Apoptotic Signaling Pathway (GO:2001235),7,11,0.8978260869565218,0.696670356453749,0.9998667435710931
GO_Biological_Process_2025,Positive Regulation of Endothelial Cell Proliferation (GO:0001938),6,11,0.6104046242774567,0.8706922379930575,0.9998667435710931
GO_Biological_Process_2025,Phosphorylation (GO:0016310),14,24,0.7082840236686391,0.8498700208999366,0.9998667435710931
GO_Biological_Process_2025,T-helper 17 Cell Differentiation (GO:0072539),2,5,0.33904761904761904,0.952369095368568,0.9998667435710931
GO_Biological_Process_2025,Regulation of DNA-templated Transcription Initiation (GO:2000142),3,5,0.7693409742120344,0.7816865987178137,0.9998667435710931
GO_Biological_Process_2025,Negative Regulation of Cell Adhesion (GO:0007162),9,11,2.348396501457726,0.21820920982597353,0.9998667435710931
GO_Biological_Process_2025,Cell Surface Receptor Signaling Pathway via STAT (GO:0097696),5,10,0.5072046109510087,0.9188366202056616,0.9998667435710931
GO_Biological_Process_2025,Membrane Depolarization During Cardiac Muscle Cell Action Potential (GO:0086012),6,6,inf,0.08176230821040559,0.9998667435710931
GO_Biological_Process_2025,Negative Regulation of Intrinsic Apoptotic Signaling Pathway by P53 Class Mediator (GO:1902254),4,6,1.028735632183908,0.6685447922258365,0.9998667435710931
GO_Biological_Process_2025,Regulation of Smooth Muscle Cell Apoptotic Process (GO:0034391),2,6,0.25285714285714284,0.9811394404479564,0.9998667435710931
GO_Biological_Process_2025,Positive Regulation of Leukocyte Chemotaxis (GO:0002690),6,10,0.7673410404624278,0.7757712116988893,0.9998667435710931
GO_Biological_Process_2025,Response to Peptide Hormone (GO:0043434),7,10,1.203864734299517,0.542043825861554,0.9998667435710931
GO_Biological_Process_2025,Wnt Signaling Pathway (GO:0016055),5,12,0.3581720872787155,0.9800931218395145,0.9998667435710931
GO_Biological_Process_2025,Regulation of Stress-Activated MAPK Cascade (GO:0032872),5,8,0.8549471661863592,0.729654396087949,0.9998667435710931
GO_Biological_Process_2025,Positive Regulation of Cell Adhesion (GO:0045785),8,13,0.8186046511627907,0.745219555818966,0.9998667435710931
GO_Biological_Process_2025,Negative Regulation of Cytokine Production (GO:0001818),7,19,0.2857487922705314,0.9980916639461122,0.9998667435710931
GO_Biological_Process_2025,Digestive Tract Development (GO:0048565),4,9,0.4045977011494253,0.9550140798280637,0.9998667435710931
GO_Biological_Process_2025,T-helper 17 Cell Lineage Commitment (GO:0072540),2,5,0.33904761904761904,0.952369095368568,0.9998667435710931
GO_Biological_Process_2025,"DNA Damage Response, Signal Transduction by P53 Class Mediator (GO:0030330)",5,8,0.8549471661863592,0.729654396087949,0.9998667435710931
GO_Biological_Process_2025,miRNA Processing (GO:0035196),6,8,1.5520231213872833,0.4520544053968419,0.9998667435710931
GO_Biological_Process_2025,Cellular Response to Lipopolysaccharide (GO:0071222),10,15,1.0292397660818713,0.5989493891145332,0.9998667435710931
GO_Biological_Process_2025,Insulin Receptor Signaling Pathway (GO:0008286),6,10,0.7673410404624278,0.7757712116988893,0.9998667435710931
GO_Biological_Process_2025,Negative Regulation of Cell-Cell Adhesion (GO:0022408),8,9,4.186046511627907,0.13231825346146522,0.9998667435710931
GO_Biological_Process_2025,Regulation of Apoptotic Signaling Pathway (GO:2001233),6,9,1.0289017341040463,0.6355347801964881,0.9998667435710931
GO_Biological_Process_2025,Regulation of Protein Localization to Plasma Membrane (GO:1903076),10,13,1.7348927875243665,0.3026993976306272,0.9998667435710931
GO_Biological_Process_2025,Positive Regulation of Protein-Containing Complex Assembly (GO:0031334),6,14,0.375,0.9815225525733939,0.9998667435710931
GO_Biological_Process_2025,Regulation of Macromolecule Biosynthetic Process (GO:0010556),14,18,1.8328402366863905,0.21009416430050146,0.9998667435710931
GO_Biological_Process_2025,Enzyme-Linked Receptor Protein Signaling Pathway (GO:0007167),6,15,0.33140655105973027,0.9910481691785883,0.9998667435710931
GO_Biological_Process_2025,Positive Regulation of Nitric Oxide Metabolic Process (GO:1904407),5,8,0.8549471661863592,0.729654396087949,0.9998667435710931
GO_Biological_Process_2025,Positive Regulation of Erythrocyte Differentiation (GO:0045648),4,7,0.6819923371647509,0.818398645985609,0.9998667435710931
GO_Biological_Process_2025,Positive Regulation of Protein Serine/Threonine Kinase Activity (GO:0071902),4,11,0.2857142857142857,0.9906612134011892,0.9998667435710931
GO_Biological_Process_2025,Regulation of Fat Cell Differentiation (GO:0045598),4,11,0.2857142857142857,0.9906612134011892,0.9998667435710931
GO_Biological_Process_2025,Positive Regulation of Protein Localization to Membrane (GO:1905477),7,11,0.8978260869565218,0.696670356453749,0.9998667435710931
GO_Biological_Process_2025,Transforming Growth Factor Beta Receptor Signaling Pathway (GO:0007179),6,11,0.6104046242774567,0.8706922379930575,0.9998667435710931
GO_Biological_Process_2025,Regulation of Erythrocyte Differentiation (GO:0045646),5,8,0.8549471661863592,0.729654396087949,0.9998667435710931
GO_Biological_Process_2025,Positive Regulation of Fibroblast Proliferation (GO:0048146),6,7,3.121387283236994,0.2502516188679017,0.9998667435710931
GO_Biological_Process_2025,Positive Regulation of Signaling Receptor Activity (GO:2000273),3,6,0.5100286532951289,0.894828405209791,0.9998667435710931
GO_Biological_Process_2025,Myeloid Leukocyte Differentiation (GO:0002573),6,11,0.6104046242774567,0.8706922379930575,0.9998667435710931
GO_Biological_Process_2025,Negative Regulation of Apoptotic Signaling Pathway (GO:2001234),8,11,1.37984496124031,0.4536858083802994,0.9998667435710931
GO_Biological_Process_2025,Positive Regulation of Glucose Metabolic Process (GO:0010907),3,6,0.5100286532951289,0.894828405209791,0.9998667435710931
GO_Biological_Process_2025,Positive Regulation of Muscle Cell Differentiation (GO:0051149),5,6,2.5936599423631126,0.3376524140216461,0.9998667435710931
GO_Biological_Process_2025,Positive Regulation of Sprouting Angiogenesis (GO:1903672),5,6,2.5936599423631126,0.3376524140216461,0.9998667435710931
GO_Biological_Process_2025,Negative Regulation of Canonical NF-kappaB Signal Transduction (GO:0043124),5,10,0.5072046109510087,0.9188366202056616,0.9998667435710931
GO_Biological_Process_2025,Cardiac Muscle Cell Action Potential (GO:0086001),8,8,inf,0.03520886115928497,0.9998667435710931
GO_Biological_Process_2025,Positive Regulation of Myeloid Cell Differentiation (GO:0045639),4,8,0.5086206896551724,0.9071428958832689,0.9998667435710931
GO_Biological_Process_2025,Regulation of Endothelial Cell Proliferation (GO:0001936),7,12,0.7142028985507246,0.8120181936426393,0.9998667435710931
GO_Biological_Process_2025,Positive Regulation of Nuclear Division (GO:0051785),4,7,0.6819923371647509,0.818398645985609,0.9998667435710931
GO_Biological_Process_2025,Regulation of Cell Size (GO:0008361),2,7,0.20114285714285715,0.9927349267759681,0.9998667435710931
GO_Biological_Process_2025,Cellular Response to Vascular Endothelial Growth Factor Stimulus (GO:0035924),6,8,1.5520231213872833,0.4520544053968419,0.9998667435710931
GO_Biological_Process_2025,Endoderm Formation (GO:0001706),6,8,1.5520231213872833,0.4520544053968419,0.9998667435710931
GO_Biological_Process_2025,Negative Regulation of Intrinsic Apoptotic Signaling Pathway (GO:2001243),8,10,2.0813953488372094,0.28243010034078964,0.9998667435710931
GO_Biological_Process_2025,Positive Regulation of Cell Cycle Process (GO:0090068),11,14,1.913978494623656,0.24208290026017681,0.9998667435710931
GO_Biological_Process_2025,Positive Regulation of Leukocyte Cell-Cell Adhesion (GO:1903039),6,9,1.0289017341040463,0.6355347801964881,0.9998667435710931
GO_Biological_Process_2025,Negative Regulation of Cell Migration (GO:0030336),11,18,0.8018433179723502,0.7624520088588249,0.9998667435710931
GO_Biological_Process_2025,Regulation of Fibroblast Proliferation (GO:0048145),7,9,1.8159420289855073,0.36031421799701896,0.9998667435710931
GO_Biological_Process_2025,Positive Regulation of Mitotic Nuclear Division (GO:0045840),5,8,0.8549471661863592,0.729654396087949,0.9998667435710931
GO_Biological_Process_2025,Regulation of Cellular Senescence (GO:2000772),6,8,1.5520231213872833,0.4520544053968419,0.9998667435710931
GO_Biological_Process_2025,Negative Regulation of Cellular Senescence (GO:2000773),4,6,1.028735632183908,0.6685447922258365,0.9998667435710931
GO_Biological_Process_2025,Positive Regulation of Transcription Regulatory Region DNA Binding (GO:2000679),4,6,1.028735632183908,0.6685447922258365,0.9998667435710931
GO_Biological_Process_2025,Negative Regulation of Canonical Wnt Signaling Pathway (GO:0090090),7,14,0.5043478260869565,0.9386572778500198,0.9998667435710931
GO_Biological_Process_2025,Stem Cell Differentiation (GO:0048863),5,9,0.6376080691642652,0.8473039159522754,0.9998667435710931
GO_Biological_Process_2025,Regulation of Cytokine Production Involved in Inflammatory Response (GO:1900015),2,9,0.14204081632653062,0.9989858099844778,0.9998667435710931
GO_Biological_Process_2025,Intrinsic Apoptotic Signaling Pathway (GO:0097193),9,13,1.1610787172011663,0.5324412243990977,0.9998667435710931
GO_Biological_Process_2025,+ Reg of Transmembrane Receptor Prot Serine/Threonine Kinase Sgnlng Pway (GO:0090100),7,11,0.8978260869565218,0.696670356453749,0.9998667435710931
GO_Biological_Process_2025,Non-Canonical Wnt Signaling Pathway (GO:0035567),3,8,0.3025787965616046,0.9791554218747225,0.9998667435710931
GO_Biological_Process_2025,Regulation of Chemokine Production (GO:0032642),4,8,0.5086206896551724,0.9071428958832689,0.9998667435710931
GO_Biological_Process_2025,Regulation of Heart Contraction (GO:0008016),9,10,4.723032069970846,0.09479029174163411,0.9998667435710931
GO_Biological_Process_2025,Chondrocyte Differentiation (GO:0002062),5,7,1.2896253602305476,0.5561544019060072,0.9998667435710931
GO_Biological_Process_2025,Endodermal Cell Differentiation (GO:0035987),5,7,1.2896253602305476,0.5561544019060072,0.9998667435710931
GO_Biological_Process_2025,"Negative Regulation of DNA Damage Response, Signal Transduction by P53 Class Mediator (GO:0043518)",4,5,2.0689655172413794,0.4479498734230429,0.9998667435710931
GO_Biological_Process_2025,pre-miRNA Processing (GO:0031054),3,5,0.7693409742120344,0.7816865987178137,0.9998667435710931
GO_Biological_Process_2025,Regulation of Cell Communication by Electrical Coupling (GO:0010649),5,5,inf,0.12441065917894568,0.9998667435710931
GO_Biological_Process_2025,Response to UV-A (GO:0070141),4,5,2.0689655172413794,0.4479498734230429,0.9998667435710931
GO_Biological_Process_2025,Notch Signaling Pathway (GO:0007219),7,8,3.652173913043478,0.18298402335825498,0.9998667435710931
GO_Biological_Process_2025,Regulation of Tumor Necrosis Factor Production (GO:0032680),9,14,0.9236151603498542,0.6732022744153183,0.9998667435710931
GO_Biological_Process_2025,Collagen Catabolic Process (GO:0030574),3,7,0.38037249283667623,0.9521507246279274,0.9998667435710931
GO_Biological_Process_2025,Positive Regulation of Protein Localization to Plasma Membrane (GO:1903078),6,9,1.0289017341040463,0.6355347801964881,0.9998667435710931
GO_Biological_Process_2025,Regulation of Intracellular Signal Transduction (GO:1902531),11,23,0.4543010752688172,0.9804443025042315,0.9998667435710931
GO_Biological_Process_2025,Regulation of Protein Ubiquitination (GO:0031396),5,13,0.3115994236311239,0.9906814976460293,0.9998667435710931
GO_Biological_Process_2025,Cellular Response to BMP Stimulus (GO:0071773),5,9,0.6376080691642652,0.8473039159522754,0.9998667435710931
GO_Biological_Process_2025,Negative Regulation of Blood Vessel Morphogenesis (GO:2000181),8,11,1.37984496124031,0.4536858083802994,0.9998667435710931
GO_Biological_Process_2025,Growth Hormone Receptor Signaling Pathway (GO:0060396),4,6,1.028735632183908,0.6685447922258365,0.9998667435710931
GO_Biological_Process_2025,Negative Regulation of Signal Transduction by P53 Class Mediator (GO:1901797),5,6,2.5936599423631126,0.3376524140216461,0.9998667435710931
GO_Biological_Process_2025,Pulmonary Valve Development (GO:0003177),5,6,2.5936599423631126,0.3376524140216461,0.9998667435710931
GO_Biological_Process_2025,Regulation of Transcription Regulatory Region DNA Binding (GO:2000677),4,6,1.028735632183908,0.6685447922258365,0.9998667435710931
GO_Biological_Process_2025,Pulmonary Valve Morphogenesis (GO:0003184),5,6,2.5936599423631126,0.3376524140216461,0.9998667435710931
GO_Biological_Process_2025,T-helper Cell Lineage Commitment (GO:0002295),2,5,0.33904761904761904,0.952369095368568,0.9998667435710931
GO_Biological_Process_2025,Regulation of Transforming Growth Factor Beta Production (GO:0071634),3,5,0.7693409742120344,0.7816865987178137,0.9998667435710931
GO_Biological_Process_2025,Relaxation of Cardiac Muscle (GO:0055119),5,5,inf,0.12441065917894568,0.9998667435710931
GO_Biological_Process_2025,Regulation of Protein-Containing Complex Assembly (GO:0043254),6,14,0.375,0.9815225525733939,0.9998667435710931
GO_Biological_Process_2025,Response to Lipopolysaccharide (GO:0032496),12,16,1.561764705882353,0.31674447363224917,0.9998667435710931
GO_Biological_Process_2025,"Negative Regulation of Gene Expression, Epigenetic (GO:0045814)",10,13,1.7348927875243665,0.3026993976306272,0.9998667435710931
GO_Biological_Process_2025,Positive Regulation of Monooxygenase Activity (GO:0032770),2,6,0.25285714285714284,0.9811394404479564,0.9998667435710931
GO_Biological_Process_2025,Regulation of Extracellular Matrix Organization (GO:1903053),4,6,1.028735632183908,0.6685447922258365,0.9998667435710931
GO_Biological_Process_2025,Regulation of Release of Sequestered Calcium Ion Into Cytosol by Sarcoplasmic Reticulum (GO:0010880),6,6,inf,0.08176230821040559,0.9998667435710931
GO_Biological_Process_2025,Cellular Response to Starvation (GO:0009267),9,14,0.9236151603498542,0.6732022744153183,0.9998667435710931
GO_Biological_Process_2025,BMP Signaling Pathway (GO:0030509),4,8,0.5086206896551724,0.9071428958832689,0.9998667435710931
GO_Biological_Process_2025,Cardiac Conduction (GO:0061337),8,8,inf,0.03520886115928497,0.9998667435710931
GO_Biological_Process_2025,Cell Surface Receptor Signaling Pathway via JAK-STAT (GO:0007259),4,8,0.5086206896551724,0.9071428958832689,0.9998667435710931
GO_Biological_Process_2025,Negative Regulation of Osteoblast Differentiation (GO:0045668),4,7,0.6819923371647509,0.818398645985609,0.9998667435710931
GO_Biological_Process_2025,Response to Transforming Growth Factor Beta (GO:0071559),5,7,1.2896253602305476,0.5561544019060072,0.9998667435710931
GO_Biological_Process_2025,Tumor Necrosis Factor-Mediated Signaling Pathway (GO:0033209),5,7,1.2896253602305476,0.5561544019060072,0.9998667435710931
GO_Biological_Process_2025,Regulation of Intrinsic Apoptotic Signaling Pathway (GO:2001242),5,8,0.8549471661863592,0.729654396087949,0.9998667435710931
GO_Biological_Process_2025,Intracellular Calcium Ion Homeostasis (GO:0006874),11,14,1.913978494623656,0.24208290026017681,0.9998667435710931
GO_Biological_Process_2025,Regulation of MHC Class II Biosynthetic Process (GO:0045346),2,5,0.33904761904761904,0.952369095368568,0.9998667435710931
GO_Biological_Process_2025,Regulation of Amyloid-Beta Clearance (GO:1900221),3,5,0.7693409742120344,0.7816865987178137,0.9998667435710931
GO_Biological_Process_2025,Cellular Response to Molecule of Bacterial Origin (GO:0071219),9,13,1.1610787172011663,0.5324412243990977,0.9998667435710931
GO_Biological_Process_2025,Negative Regulation of Extrinsic Apoptotic Signaling Pathway in Absence of Ligand (GO:2001240),5,6,2.5936599423631126,0.3376524140216461,0.9998667435710931
GO_Biological_Process_2025,Negative Regulation of Signal Transduction in Absence of Ligand (GO:1901099),5,6,2.5936599423631126,0.3376524140216461,0.9998667435710931
GO_Biological_Process_2025,Negative Regulation of Protein Modification by Small Protein Conjugation or Removal (GO:1903321),4,9,0.4045977011494253,0.9550140798280637,0.9998667435710931
GO_Biological_Process_2025,Peptidyl-Tyrosine Phosphorylation (GO:0018108),2,9,0.14204081632653062,0.9989858099844778,0.9998667435710931
GO_Biological_Process_2025,Response to Amyloid-Beta (GO:1904645),4,8,0.5086206896551724,0.9071428958832689,0.9998667435710931
GO_Biological_Process_2025,Negative Regulation of Catabolic Process (GO:0009895),8,13,0.8186046511627907,0.745219555818966,0.9998667435710931
GO_Biological_Process_2025,Regulation of Heterotypic Cell-Cell Adhesion (GO:0034114),4,6,1.028735632183908,0.6685447922258365,0.9998667435710931
GO_Biological_Process_2025,Regulation of Endothelial Cell Migration (GO:0010594),7,11,0.8978260869565218,0.696670356453749,0.9998667435710931
GO_Biological_Process_2025,Negative Regulation of Inflammatory Response (GO:0050728),6,13,0.4310487200660611,0.9631517205490908,0.9998667435710931
GO_Biological_Process_2025,Regulation of Cardiac Muscle Contraction (GO:0055117),6,7,3.121387283236994,0.2502516188679017,0.9998667435710931
GO_Biological_Process_2025,ERK1 and ERK2 Cascade (GO:0070371),3,6,0.5100286532951289,0.894828405209791,0.9998667435710931
GO_Biological_Process_2025,Regulation of Cardiac Muscle Contraction by Calcium Ion Signaling (GO:0010882),6,6,inf,0.08176230821040559,0.9998667435710931
GO_Biological_Process_2025,Positive Regulation of ERK1 and ERK2 Cascade (GO:0070374),11,15,1.4274193548387097,0.3818862670278629,0.9998667435710931
GO_Biological_Process_2025,Intracellular Monoatomic Cation Homeostasis (GO:0030003),14,18,1.8328402366863905,0.21009416430050146,0.9998667435710931
GO_Biological_Process_2025,Positive Regulation of Protein Localization to Cell Periphery (GO:1904377),6,9,1.0289017341040463,0.6355347801964881,0.9998667435710931
GO_Biological_Process_2025,Relaxation of Muscle (GO:0090075),5,5,inf,0.12441065917894568,0.9998667435710931
GO_Biological_Process_2025,Negative Regulation of Response to External Stimulus (GO:0032102),7,15,0.43876811594202897,0.9672341276656026,0.9998667435710931
GO_Biological_Process_2025,Positive Regulation of Notch Signaling Pathway (GO:0045747),5,7,1.2896253602305476,0.5561544019060072,0.9998667435710931
GO_Biological_Process_2025,Membrane Depolarization During Action Potential (GO:0086010),5,5,inf,0.12441065917894568,0.9998667435710931
GO_Biological_Process_2025,Negative Regulation of Receptor Signaling Pathway via JAK-STAT (GO:0046426),4,5,2.0689655172413794,0.4479498734230429,0.9998667435710931
GO_Biological_Process_2025,Negative Regulation of Receptor Signaling Pathway via STAT (GO:1904893),4,5,2.0689655172413794,0.4479498734230429,0.9998667435710931
GO_Biological_Process_2025,Negative Regulation of Striated Muscle Cell Differentiation (GO:0051154),4,5,2.0689655172413794,0.4479498734230429,0.9998667435710931
GO_Biological_Process_2025,Negative Regulation of Vascular Associated Smooth Muscle Cell Proliferation (GO:1904706),2,5,0.33904761904761904,0.952369095368568,0.9998667435710931
GO_Biological_Process_2025,Positive Regulation of Cardiac Muscle Tissue Growth (GO:0055023),3,5,0.7693409742120344,0.7816865987178137,0.9998667435710931
GO_Biological_Process_2025,Positive Regulation of Cartilage Development (GO:0061036),4,5,2.0689655172413794,0.4479498734230429,0.9998667435710931
GO_Biological_Process_2025,Reg of Cardiac Muscle Contraction by Reg of the Release of Sequestered Calcium Ion (GO:0010881),5,5,inf,0.12441065917894568,0.9998667435710931
GO_Biological_Process_2025,Positive Regulation of Cell-Cell Adhesion (GO:0022409),5,8,0.8549471661863592,0.729654396087949,0.9998667435710931
GO_Biological_Process_2025,Regulation of Cell Cycle G1/S Phase Transition (GO:1902806),4,10,0.33524904214559387,0.9791323862429986,0.9998667435710931
GO_Biological_Process_2025,Positive Regulation of Mitotic Cell Cycle Phase Transition (GO:1901992),8,9,4.186046511627907,0.13231825346146522,0.9998667435710931
GO_Biological_Process_2025,Positive Regulation of Neurogenesis (GO:0050769),4,9,0.4045977011494253,0.9550140798280637,0.9998667435710931
GO_Biological_Process_2025,Response to Calcium Ion (GO:0051592),10,11,5.2631578947368425,0.06736386550066979,0.9998667435710931
GO_Biological_Process_2025,B Cell Activation (GO:0042113),8,11,1.37984496124031,0.4536858083802994,0.9998667435710931
GO_Biological_Process_2025,Fat Cell Differentiation (GO:0045444),4,9,0.4045977011494253,0.9550140798280637,0.9998667435710931
GO_Biological_Process_2025,Negative Regulation of Autophagy (GO:0010507),6,9,1.0289017341040463,0.6355347801964881,0.9998667435710931
GO_Biological_Process_2025,Negative Regulation of Cell Cycle G1/S Phase Transition (GO:1902807),6,7,3.121387283236994,0.2502516188679017,0.9998667435710931
GO_Biological_Process_2025,Extracellular Matrix Organization (GO:0030198),10,16,0.8528265107212476,0.7218680168084004,0.9998667435710931
GO_Biological_Process_2025,Negative Regulation of MAPK Cascade (GO:0043409),8,13,0.8186046511627907,0.745219555818966,0.9998667435710931
GO_Biological_Process_2025,Regulation of Establishment of Endothelial Barrier (GO:1903140),3,5,0.7693409742120344,0.7816865987178137,0.9998667435710931
GO_Biological_Process_2025,Regulation of Insulin Receptor Signaling Pathway (GO:0046626),5,8,0.8549471661863592,0.729654396087949,0.9998667435710931
GO_Biological_Process_2025,Negative Regulation of Endothelial Cell Apoptotic Process (GO:2000352),4,6,1.028735632183908,0.6685447922258365,0.9998667435710931
GO_Biological_Process_2025,Positive Regulation of T Cell Migration (GO:2000406),5,6,2.5936599423631126,0.3376524140216461,0.9998667435710931
GO_Biological_Process_2025,Regulation of Glycogen Biosynthetic Process (GO:0005979),3,6,0.5100286532951289,0.894828405209791,0.9998667435710931
GO_Biological_Process_2025,Regulation of Mitotic Cell Cycle (GO:0007346),9,13,1.1610787172011663,0.5324412243990977,0.9998667435710931
GO_Biological_Process_2025,Cell-Matrix Adhesion (GO:0007160),8,12,1.0290697674418605,0.6142790441759702,0.9998667435710931
GO_Biological_Process_2025,Lymphocyte Differentiation (GO:0030098),6,10,0.7673410404624278,0.7757712116988893,0.9998667435710931
GO_Biological_Process_2025,Positive Regulation of Osteoblast Differentiation (GO:0045669),4,8,0.5086206896551724,0.9071428958832689,0.9998667435710931
GO_Biological_Process_2025,Chromatin Remodeling (GO:0006338),11,20,0.6164874551971327,0.9017909646771994,0.9998667435710931
GO_Biological_Process_2025,Regulation of Translation (GO:0006417),7,17,0.34695652173913044,0.9916079555692313,0.9998667435710931
GO_Biological_Process_2025,Cardiac Conduction System Development (GO:0003161),5,6,2.5936599423631126,0.3376524140216461,0.9998667435710931
GO_Biological_Process_2025,Cell Surface Receptor Protein Serine/Threonine Kinase Signaling Pathway (GO:0007178),5,6,2.5936599423631126,0.3376524140216461,0.9998667435710931
GO_Biological_Process_2025,Negative Regulation of TOR Signaling (GO:0032007),3,9,0.2507163323782235,0.9912260928980519,0.9998667435710931
GO_Biological_Process_2025,Cardiac Epithelial to Mesenchymal Transition (GO:0060317),4,5,2.0689655172413794,0.4479498734230429,0.9998667435710931
GO_Biological_Process_2025,Positive Regulation of Stem Cell Differentiation (GO:2000738),5,5,inf,0.12441065917894568,0.9998667435710931
GO_Biological_Process_2025,Negative Regulation of Cell Motility (GO:2000146),7,13,0.5917874396135265,0.8899499377702581,0.9998667435710931
GO_Biological_Process_2025,Negative Regulation of Defense Response (GO:0031348),5,12,0.3581720872787155,0.9800931218395145,0.9998667435710931
GO_Biological_Process_2025,Cardiac Ventricle Morphogenesis (GO:0003208),5,7,1.2896253602305476,0.5561544019060072,0.9998667435710931
GO_Biological_Process_2025,Protein Autophosphorylation (GO:0046777),4,13,0.21966794380587484,0.998284708753581,0.9998667435710931
GO_Biological_Process_2025,Epidermal Cell Differentiation (GO:0009913),5,8,0.8549471661863592,0.729654396087949,0.9998667435710931
GO_Biological_Process_2025,Regulation of Extrinsic Apoptotic Signaling Pathway in Absence of Ligand (GO:2001239),5,6,2.5936599423631126,0.3376524140216461,0.9998667435710931
GO_Biological_Process_2025,SMAD Protein Signal Transduction (GO:0060395),4,5,2.0689655172413794,0.4479498734230429,0.9998667435710931
GO_Biological_Process_2025,Positive Regulation of Homotypic Cell-Cell Adhesion (GO:0034112),2,5,0.33904761904761904,0.952369095368568,0.9998667435710931
GO_Biological_Process_2025,Protein Deacylation (GO:0035601),3,5,0.7693409742120344,0.7816865987178137,0.9998667435710931
GO_Biological_Process_2025,Regulation of Bicellular Tight Junction Assembly (GO:2000810),4,5,2.0689655172413794,0.4479498734230429,0.9998667435710931
GO_Biological_Process_2025,Chromatin Organization (GO:0006325),15,22,1.1064010173802459,0.5145091664770194,0.9998667435710931
GO_Biological_Process_2025,Regulation of Heart Rate by Cardiac Conduction (GO:0086091),7,7,inf,0.05368075643415622,0.9998667435710931
GO_Biological_Process_2025,Regulation of Transforming Growth Factor Beta Receptor Signaling Pathway (GO:0017015),6,12,0.5057803468208093,0.9293662823434757,0.9998667435710931
GO_Biological_Process_2025,Regulation of Protein Serine/Threonine Kinase Activity (GO:0071900),6,9,1.0289017341040463,0.6355347801964881,0.9998667435710931
GO_Biological_Process_2025,Positive Regulation of Cold-Induced Thermogenesis (GO:0120162),7,11,0.8978260869565218,0.696670356453749,0.9998667435710931
GO_Biological_Process_2025,Protein Stabilization (GO:0050821),8,17,0.4444444444444444,0.9710448732912466,0.9998667435710931
GO_Biological_Process_2025,Generation of Neurons (GO:0048699),11,16,1.135483870967742,0.5251982124982129,0.9998667435710931
GO_Biological_Process_2025,Cellular Response to Ionizing Radiation (GO:0071479),2,8,0.16666666666666666,0.9972614284097165,0.9998667435710931
GO_Biological_Process_2025,Cellular Response to Mechanical Stimulus (GO:0071260),5,8,0.8549471661863592,0.729654396087949,0.9998667435710931
GO_Biological_Process_2025,Positive Regulation of Small GTPase Mediated Signal Transduction (GO:0051057),4,8,0.5086206896551724,0.9071428958832689,0.9998667435710931
GO_Biological_Process_2025,Glial Cell Differentiation (GO:0010001),3,6,0.5100286532951289,0.894828405209791,0.9998667435710931
GO_Biological_Process_2025,T Cell Activation (GO:0042110),8,12,1.0290697674418605,0.6142790441759702,0.9998667435710931
GO_Biological_Process_2025,Regulation of Interleukin-6 Production (GO:0032675),7,12,0.7142028985507246,0.8120181936426393,0.9998667435710931
GO_Biological_Process_2025,Positive Regulation of DNA Binding (GO:0043388),4,6,1.028735632183908,0.6685447922258365,0.9998667435710931
GO_Biological_Process_2025,Positive Regulation of MAP Kinase Activity (GO:0043406),2,9,0.14204081632653062,0.9989858099844778,0.9998667435710931
GO_Biological_Process_2025,Regulation of Neurogenesis (GO:0050767),4,9,0.4045977011494253,0.9550140798280637,0.9998667435710931
GO_Biological_Process_2025,Signal Transduction by P53 Class Mediator (GO:0072331),5,8,0.8549471661863592,0.729654396087949,0.9998667435710931
GO_Biological_Process_2025,Negative Regulation of Cell-Substrate Adhesion (GO:0010812),4,7,0.6819923371647509,0.818398645985609,0.9998667435710931
GO_Biological_Process_2025,Positive Regulation of Intrinsic Apoptotic Signaling Pathway (GO:2001244),5,7,1.2896253602305476,0.5561544019060072,0.9998667435710931
GO_Biological_Process_2025,Protein Sumoylation (GO:0016925),4,7,0.6819923371647509,0.818398645985609,0.9998667435710931
GO_Biological_Process_2025,Positive Regulation of Translation (GO:0045727),4,11,0.2857142857142857,0.9906612134011892,0.9998667435710931
GO_Biological_Process_2025,Negative Regulation of Cellular Response to Insulin Stimulus (GO:1900077),5,6,2.5936599423631126,0.3376524140216461,0.9998667435710931
GO_Biological_Process_2025,Negative Regulation of Fat Cell Differentiation (GO:0045599),2,6,0.25285714285714284,0.9811394404479564,0.9998667435710931
GO_Biological_Process_2025,Endothelial Cell Migration (GO:0043542),5,7,1.2896253602305476,0.5561544019060072,0.9998667435710931
GO_Biological_Process_2025,Extracellular Matrix Disassembly (GO:0022617),3,7,0.38037249283667623,0.9521507246279274,0.9998667435710931
GO_Biological_Process_2025,Regulation of B Cell Proliferation (GO:0030888),5,7,1.2896253602305476,0.5561544019060072,0.9998667435710931
GO_Biological_Process_2025,Regulation of Cell Cycle Process (GO:0010564),9,13,1.1610787172011663,0.5324412243990977,0.9998667435710931
GO_Biological_Process_2025,Response to Epidermal Growth Factor (GO:0070849),4,6,1.028735632183908,0.6685447922258365,0.9998667435710931
GO_Biological_Process_2025,Embryonic Organ Development (GO:0048568),4,9,0.4045977011494253,0.9550140798280637,0.9998667435710931
GO_Biological_Process_2025,Positive Regulation of Cell-Substrate Adhesion (GO:0010811),6,9,1.0289017341040463,0.6355347801964881,0.9998667435710931
GO_Biological_Process_2025,Regulation of Mitotic Nuclear Division (GO:0007088),5,8,0.8549471661863592,0.729654396087949,0.9998667435710931
GO_Biological_Process_2025,Sprouting Angiogenesis (GO:0002040),5,8,0.8549471661863592,0.729654396087949,0.9998667435710931
GO_Biological_Process_2025,Bone Development (GO:0060348),3,7,0.38037249283667623,0.9521507246279274,0.9998667435710931
GO_Biological_Process_2025,Negative Regulation of Organelle Organization (GO:0010639),5,7,1.2896253602305476,0.5561544019060072,0.9998667435710931
GO_Biological_Process_2025,Positive Regulation of Wound Healing (GO:0090303),5,7,1.2896253602305476,0.5561544019060072,0.9998667435710931
GO_Biological_Process_2025,Endocardial Cushion Morphogenesis (GO:0003203),5,5,inf,0.12441065917894568,0.9998667435710931
GO_Biological_Process_2025,Positive Regulation of G2/M Transition of Mitotic Cell Cycle (GO:0010971),4,5,2.0689655172413794,0.4479498734230429,0.9998667435710931
GO_Biological_Process_2025,Positive Regulation of Ion Transmembrane Transporter Activity (GO:0032414),4,5,2.0689655172413794,0.4479498734230429,0.9998667435710931
GO_Biological_Process_2025,Positive Regulation of Osteoclast Differentiation (GO:0045672),2,5,0.33904761904761904,0.952369095368568,0.9998667435710931
GO_Biological_Process_2025,Regulation of Granulocyte Chemotaxis (GO:0071622),3,5,0.7693409742120344,0.7816865987178137,0.9998667435710931
GO_Biological_Process_2025,Response to Fatty Acid (GO:0070542),4,5,2.0689655172413794,0.4479498734230429,0.9998667435710931
GO_Biological_Process_2025,Negative Regulation of Insulin Receptor Signaling Pathway (GO:0046627),5,6,2.5936599423631126,0.3376524140216461,0.9998667435710931
GO_Biological_Process_2025,Positive Regulation of D-glucose Transmembrane Transport (GO:0010828),5,6,2.5936599423631126,0.3376524140216461,0.9998667435710931
GO_Biological_Process_2025,Cellular Response to Tumor Necrosis Factor (GO:0071356),7,10,1.203864734299517,0.542043825861554,0.9998667435710931
GO_Biological_Process_2025,Negative Regulation of Cell-Matrix Adhesion (GO:0001953),2,6,0.25285714285714284,0.9811394404479564,0.9998667435710931
GO_Biological_Process_2025,Skeletal System Development (GO:0001501),11,14,1.913978494623656,0.24208290026017681,0.9998667435710931
GO_Biological_Process_2025,Positive Regulation of Myeloid Leukocyte Differentiation (GO:0002763),2,7,0.20114285714285715,0.9927349267759681,0.9998667435710931
GO_Biological_Process_2025,Regulation of Epithelial Cell Migration (GO:0010632),4,7,0.6819923371647509,0.818398645985609,0.9998667435710931
GO_Biological_Process_2025,Cartilage Development (GO:0051216),7,8,3.652173913043478,0.18298402335825498,0.9998667435710931
GO_Biological_Process_2025,Myeloid Cell Differentiation (GO:0030099),5,8,0.8549471661863592,0.729654396087949,0.9998667435710931
GO_Biological_Process_2025,Atrioventricular Valve Morphogenesis (GO:0003181),4,5,2.0689655172413794,0.4479498734230429,0.9998667435710931
GO_Biological_Process_2025,Regulation of JNK Cascade (GO:0046328),7,11,0.8978260869565218,0.696670356453749,0.9998667435710931
GO_Biological_Process_2025,Regulation of Vasculature Development (GO:1901342),3,6,0.5100286532951289,0.894828405209791,0.9998667435710931
GO_Biological_Process_2025,Cellular Component Disassembly (GO:0022411),3,7,0.38037249283667623,0.9521507246279274,0.9998667435710931
GO_Biological_Process_2025,Regulation of Wound Healing (GO:0061041),5,7,1.2896253602305476,0.5561544019060072,0.9998667435710931
GO_Biological_Process_2025,Positive Regulation of Organelle Organization (GO:0010638),4,9,0.4045977011494253,0.9550140798280637,0.9998667435710931
GO_Biological_Process_2025,Cellular Response to Virus (GO:0098586),4,8,0.5086206896551724,0.9071428958832689,0.9998667435710931
GO_Biological_Process_2025,Regulation of Cell-Matrix Adhesion (GO:0001952),3,8,0.3025787965616046,0.9791554218747225,0.9998667435710931
GO_Biological_Process_2025,Regulation of Extrinsic Apoptotic Signaling Pathway (GO:2001236),3,8,0.3025787965616046,0.9791554218747225,0.9998667435710931
GO_Biological_Process_2025,Cellular Response to Light Stimulus (GO:0071482),5,8,0.8549471661863592,0.729654396087949,0.9998667435710931
GO_Biological_Process_2025,Cardiac Muscle Contraction (GO:0060048),6,6,inf,0.08176230821040559,0.9998667435710931
GO_Biological_Process_2025,Epithelial Cell Differentiation (GO:0030855),7,12,0.7142028985507246,0.8120181936426393,0.9998667435710931
GO_Biological_Process_2025,Regulation of Cytokine Production (GO:0001817),7,14,0.5043478260869565,0.9386572778500198,0.9998667435710931
GO_Biological_Process_2025,Positive Regulation of Protein Modification by Small Protein Conjugation or Removal (GO:1903322),3,9,0.2507163323782235,0.9912260928980519,0.9998667435710931
GO_Biological_Process_2025,Negative Regulation of Cell Junction Assembly (GO:1901889),2,5,0.33904761904761904,0.952369095368568,0.9998667435710931
GO_Biological_Process_2025,Positive Regulation of Cell Cycle G2/M Phase Transition (GO:1902751),4,5,2.0689655172413794,0.4479498734230429,0.9998667435710931
GO_Biological_Process_2025,Negative Regulation of Growth (GO:0045926),7,11,0.8978260869565218,0.696670356453749,0.9998667435710931
GO_Biological_Process_2025,Positive Regulation of Interleukin-6 Production (GO:0032755),5,9,0.6376080691642652,0.8473039159522754,0.9998667435710931
GO_Biological_Process_2025,Positive Regulation of Phosphorylation (GO:0042327),4,10,0.33524904214559387,0.9791323862429986,0.9998667435710931
GO_Biological_Process_2025,Cell Migration Involved in Sprouting Angiogenesis (GO:0002042),4,5,2.0689655172413794,0.4479498734230429,0.9998667435710931
GO_Biological_Process_2025,Endocardial Cushion Development (GO:0003197),5,5,inf,0.12441065917894568,0.9998667435710931
GO_Biological_Process_2025,Neuron Apoptotic Process (GO:0051402),3,5,0.7693409742120344,0.7816865987178137,0.9998667435710931
GO_Biological_Process_2025,protein-DNA Complex Disassembly (GO:0032986),3,5,0.7693409742120344,0.7816865987178137,0.9998667435710931
GO_Biological_Process_2025,Regulation of Wnt Signaling Pathway (GO:0030111),2,11,0.10920634920634921,0.9998667435710931,0.9998667435710931
GO_Biological_Process_2025,Negative Regulation of Cold-Induced Thermogenesis (GO:0120163),5,7,1.2896253602305476,0.5561544019060072,0.9998667435710931
GO_Biological_Process_2025,Endoplasmic Reticulum Calcium Ion Homeostasis (GO:0032469),3,5,0.7693409742120344,0.7816865987178137,0.9998667435710931
GO_Biological_Process_2025,Regulation of Smooth Muscle Contraction (GO:0006940),4,5,2.0689655172413794,0.4479498734230429,0.9998667435710931
GO_Biological_Process_2025,Glucose Homeostasis (GO:0042593),4,10,0.33524904214559387,0.9791323862429986,0.9998667435710931
GO_Biological_Process_2025,Positive Regulation of Protein Ubiquitination (GO:0031398),4,9,0.4045977011494253,0.9550140798280637,0.9998667435710931
GO_Biological_Process_2025,Negative Regulation of Protein Serine/Threonine Kinase Activity (GO:0071901),4,7,0.6819923371647509,0.818398645985609,0.9998667435710931
GO_Biological_Process_2025,Regulation of Interleukin-10 Production (GO:0032653),4,7,0.6819923371647509,0.818398645985609,0.9998667435710931
GO_Biological_Process_2025,Regulation of Protein Catabolic Process (GO:0042176),6,12,0.5057803468208093,0.9293662823434757,0.9998667435710931
GO_Biological_Process_2025,Vasculogenesis (GO:0001570),6,6,inf,0.08176230821040559,0.9998667435710931
GO_Biological_Process_2025,Positive Regulation of Bone Mineralization (GO:0030501),3,6,0.5100286532951289,0.894828405209791,0.9998667435710931
GO_Biological_Process_2025,Regulation of Intracellular Protein Transport (GO:0033157),3,6,0.5100286532951289,0.894828405209791,0.9998667435710931
GO_Biological_Process_2025,Ventricular Septum Development (GO:0003281),5,6,2.5936599423631126,0.3376524140216461,0.9998667435710931
GO_Biological_Process_2025,DNA-templated Transcription (GO:0006351),12,15,2.0941176470588236,0.19124531234465464,0.9998667435710931
GO_Biological_Process_2025,Negative Regulation of DNA-binding Transcription Factor Activity (GO:0043433),5,11,0.420268972142171,0.9589569387161649,0.9998667435710931
GO_Biological_Process_2025,- Reg of Transmembrane Receptor Prot Serine/Threonine Kinase Sgnlng Pway (GO:0090101),8,11,1.37984496124031,0.4536858083802994,0.9998667435710931
GO_Biological_Process_2025,B Cell Differentiation (GO:0030183),4,7,0.6819923371647509,0.818398645985609,0.9998667435710931
GO_Biological_Process_2025,Regulation of Actin Cytoskeleton Organization (GO:0032956),7,10,1.203864734299517,0.542043825861554,0.9998667435710931
GO_Biological_Process_2025,Lymphocyte Proliferation (GO:0046651),4,5,2.0689655172413794,0.4479498734230429,0.9998667435710931
GO_Biological_Process_2025,Regulation of Cell Junction Assembly (GO:1901888),4,5,2.0689655172413794,0.4479498734230429,0.9998667435710931
GO_Biological_Process_2025,Regulation of Vascular Endothelial Growth Factor Signaling Pathway (GO:1900746),4,5,2.0689655172413794,0.4479498734230429,0.9998667435710931
GO_Biological_Process_2025,Positive Regulation of Protein Localization (GO:1903829),6,10,0.7673410404624278,0.7757712116988893,0.9998667435710931
GO_Biological_Process_2025,Negative Regulation of Protein Ubiquitination (GO:0031397),4,7,0.6819923371647509,0.818398645985609,0.9998667435710931
GO_Biological_Process_2025,Negative Regulation of Cell Growth (GO:0030308),7,11,0.8978260869565218,0.696670356453749,0.9998667435710931
GO_Biological_Process_2025,Negative Regulation of Endothelial Cell Proliferation (GO:0001937),4,6,1.028735632183908,0.6685447922258365,0.9998667435710931
GO_Biological_Process_2025,Negative Regulation of Transport (GO:0051051),3,6,0.5100286532951289,0.894828405209791,0.9998667435710931
GO_Biological_Process_2025,Regulation of Interleukin-1 Beta Production (GO:0032651),4,9,0.4045977011494253,0.9550140798280637,0.9998667435710931
GO_Biological_Process_2025,Cellular Response to Chemical Stress (GO:0062197),6,10,0.7673410404624278,0.7757712116988893,0.9998667435710931
GO_Biological_Process_2025,Regulation of Interleukin-8 Production (GO:0032677),5,9,0.6376080691642652,0.8473039159522754,0.9998667435710931
GO_Biological_Process_2025,Cardiac Muscle Tissue Development (GO:0048738),6,7,3.121387283236994,0.2502516188679017,0.9998667435710931
GO_Biological_Process_2025,Negative Regulation of Endothelial Cell Migration (GO:0010596),4,6,1.028735632183908,0.6685447922258365,0.9998667435710931
GO_Biological_Process_2025,Regulation of G2/M Transition of Mitotic Cell Cycle (GO:0010389),5,6,2.5936599423631126,0.3376524140216461,0.9998667435710931
GO_Biological_Process_2025,Regulation of Cytoskeleton Organization (GO:0051493),7,12,0.7142028985507246,0.8120181936426393,0.9998667435710931
GO_Biological_Process_2025,Activin Receptor Signaling Pathway (GO:0032924),4,5,2.0689655172413794,0.4479498734230429,0.9998667435710931
GO_Biological_Process_2025,Positive Regulation of Protein Catabolic Process (GO:0045732),3,10,0.21367171510437985,0.9964091100359318,0.9998667435710931
GO_Biological_Process_2025,Regulation of Interleukin-2 Production (GO:0032663),3,7,0.38037249283667623,0.9521507246279274,0.9998667435710931
GO_Biological_Process_2025,Macrophage Differentiation (GO:0030225),3,5,0.7693409742120344,0.7816865987178137,0.9998667435710931
GO_Biological_Process_2025,Outflow Tract Septum Morphogenesis (GO:0003148),3,5,0.7693409742120344,0.7816865987178137,0.9998667435710931
GO_Biological_Process_2025,Positive Regulation of Morphogenesis of an Epithelium (GO:1905332),3,5,0.7693409742120344,0.7816865987178137,0.9998667435710931
GO_Biological_Process_2025,Positive Regulation of Striated Muscle Cell Differentiation (GO:0051155),4,5,2.0689655172413794,0.4479498734230429,0.9998667435710931
GO_Biological_Process_2025,Regulation of Lipid Storage (GO:0010883),2,5,0.33904761904761904,0.952369095368568,0.9998667435710931
GO_Biological_Process_2025,Regulation of Myotube Differentiation (GO:0010830),3,5,0.7693409742120344,0.7816865987178137,0.9998667435710931
GO_Biological_Process_2025,Positive Regulation of Mitotic Cell Cycle (GO:0045931),3,5,0.7693409742120344,0.7816865987178137,0.9998667435710931
GO_Biological_Process_2025,Regulation of Cardiac Muscle Cell Action Potential (GO:0098901),5,5,inf,0.12441065917894568,0.9998667435710931
GO_Biological_Process_2025,Regulation of Glucose Metabolic Process (GO:0010906),4,5,2.0689655172413794,0.4479498734230429,0.9998667435710931
GO_Biological_Process_2025,Ventricular Septum Morphogenesis (GO:0060412),4,5,2.0689655172413794,0.4479498734230429,0.9998667435710931
GO_Biological_Process_2025,Cellular Response to Interleukin-1 (GO:0071347),4,7,0.6819923371647509,0.818398645985609,0.9998667435710931
GO_Biological_Process_2025,Heart Morphogenesis (GO:0003007),7,7,inf,0.05368075643415622,0.9998667435710931
GO_Biological_Process_2025,Negative Regulation of Response to Stimulus (GO:0048585),4,7,0.6819923371647509,0.818398645985609,0.9998667435710931
GO_Biological_Process_2025,Positive Regulation of Ossification (GO:0045778),3,6,0.5100286532951289,0.894828405209791,0.9998667435710931
GO_Biological_Process_2025,Cellular Response to Alcohol (GO:0097306),4,7,0.6819923371647509,0.818398645985609,0.9998667435710931
GO_Biological_Process_2025,Regulation of Protein Localization to Nucleus (GO:1900180),3,7,0.38037249283667623,0.9521507246279274,0.9998667435710931
GO_Biological_Process_2025,Connective Tissue Development (GO:0061448),5,6,2.5936599423631126,0.3376524140216461,0.9998667435710931
GO_Biological_Process_2025,Protein Dephosphorylation (GO:0006470),6,9,1.0289017341040463,0.6355347801964881,0.9998667435710931
GO_Biological_Process_2025,Regulation of MAP Kinase Activity (GO:0043405),3,8,0.3025787965616046,0.9791554218747225,0.9998667435710931
GO_Biological_Process_2025,Cellular Response to Epidermal Growth Factor Stimulus (GO:0071364),4,5,2.0689655172413794,0.4479498734230429,0.9998667435710931
GO_Biological_Process_2025,Negative Regulation of Signaling (GO:0023057),4,5,2.0689655172413794,0.4479498734230429,0.9998667435710931
GO_Biological_Process_2025,Positive Regulation of ATP Metabolic Process (GO:1903580),2,5,0.33904761904761904,0.952369095368568,0.9998667435710931
GO_Biological_Process_2025,Positive Regulation of Ubiquitin-Dependent Protein Catabolic Process (GO:2000060),4,9,0.4045977011494253,0.9550140798280637,0.9998667435710931
GO_Biological_Process_2025,Positive Regulation of Cytokinesis (GO:0032467),6,6,inf,0.08176230821040559,0.9998667435710931
GO_Biological_Process_2025,Phagocytosis (GO:0006909),6,8,1.5520231213872833,0.4520544053968419,0.9998667435710931
GO_Biological_Process_2025,"Wnt Signaling Pathway, Planar Cell Polarity Pathway (GO:0060071)",3,5,0.7693409742120344,0.7816865987178137,0.9998667435710931
GO_Biological_Process_2025,Cardiac Muscle Cell Contraction (GO:0086003),5,5,inf,0.12441065917894568,0.9998667435710931
GO_Biological_Process_2025,Regulation of Cation Channel Activity (GO:2001257),5,5,inf,0.12441065917894568,0.9998667435710931
GO_Biological_Process_2025,Negative Regulation of Protein Metabolic Process (GO:0051248),9,12,1.5568513119533527,0.3733891904824641,0.9998667435710931
GO_Biological_Process_2025,Protein Localization to Nucleus (GO:0034504),7,11,0.8978260869565218,0.696670356453749,0.9998667435710931
GO_Biological_Process_2025,Blood Vessel Endothelial Cell Migration (GO:0043534),4,5,2.0689655172413794,0.4479498734230429,0.9998667435710931
GO_Biological_Process_2025,Positive Regulation of Interleukin-2 Production (GO:0032743),3,5,0.7693409742120344,0.7816865987178137,0.9998667435710931
GO_Biological_Process_2025,Regulation of Cardiac Muscle Cell Contraction (GO:0086004),5,5,inf,0.12441065917894568,0.9998667435710931
GO_Biological_Process_2025,Regulation of Chondrocyte Differentiation (GO:0032330),4,5,2.0689655172413794,0.4479498734230429,0.9998667435710931
GO_Biological_Process_2025,Calcium Ion Homeostasis (GO:0055074),8,10,2.0813953488372094,0.28243010034078964,0.9998667435710931
GO_Biological_Process_2025,Positive Regulation of NF-kappaB Transcription Factor Activity (GO:0051092),3,10,0.21367171510437985,0.9964091100359318,0.9998667435710931
GO_Biological_Process_2025,Positive Regulation of Chemokine Production (GO:0032722),3,7,0.38037249283667623,0.9521507246279274,0.9998667435710931
GO_Biological_Process_2025,Regulation of Signal Transduction by P53 Class Mediator (GO:1901796),3,7,0.38037249283667623,0.9521507246279274,0.9998667435710931
GO_Biological_Process_2025,Positive Regulation of Cell Cycle (GO:0045787),4,7,0.6819923371647509,0.818398645985609,0.9998667435710931
GO_Biological_Process_2025,Positive Regulation of Cell Projection Organization (GO:0031346),6,10,0.7673410404624278,0.7757712116988893,0.9998667435710931
GO_Biological_Process_2025,Positive Regulation of Inflammatory Response (GO:0050729),6,10,0.7673410404624278,0.7757712116988893,0.9998667435710931
GO_Biological_Process_2025,Protein Localization to Membrane (GO:0072657),10,14,1.293859649122807,0.4542406410567528,0.9998667435710931
GO_Biological_Process_2025,Regulation of Actin Filament-Based Process (GO:0032970),7,9,1.8159420289855073,0.36031421799701896,0.9998667435710931
GO_Biological_Process_2025,Regulation of Protein Binding (GO:0043393),3,8,0.3025787965616046,0.9791554218747225,0.9998667435710931
GO_Biological_Process_2025,Regulation of Reactive Oxygen Species Metabolic Process (GO:2000377),3,7,0.38037249283667623,0.9521507246279274,0.9998667435710931
GO_Biological_Process_2025,Protein Localization to Cell Periphery (GO:1990778),9,11,2.348396501457726,0.21820920982597353,0.9998667435710931
GO_Biological_Process_2025,Negative Regulation of Ossification (GO:0030279),5,5,inf,0.12441065917894568,0.9998667435710931
GO_Biological_Process_2025,Positive Regulation of Catalytic Activity (GO:0043085),2,5,0.33904761904761904,0.952369095368568,0.9998667435710931
GO_Biological_Process_2025,Positive Regulation of Cation Channel Activity (GO:2001259),5,5,inf,0.12441065917894568,0.9998667435710931
GO_Biological_Process_2025,Positive Regulation of Interleukin-10 Production (GO:0032733),3,5,0.7693409742120344,0.7816865987178137,0.9998667435710931
GO_Biological_Process_2025,Positive Regulation of Peptidyl-Serine Phosphorylation (GO:0033138),4,5,2.0689655172413794,0.4479498734230429,0.9998667435710931
GO_Biological_Process_2025,Regulation of BMP Signaling Pathway (GO:0030510),6,8,1.5520231213872833,0.4520544053968419,0.9998667435710931
GO_Biological_Process_2025,Regulation of Neuron Projection Development (GO:0010975),6,13,0.4310487200660611,0.9631517205490908,0.9998667435710931
GO_Biological_Process_2025,Negative Regulation of Protein Kinase Activity (GO:0006469),5,7,1.2896253602305476,0.5561544019060072,0.9998667435710931
GO_Biological_Process_2025,Cellular Response to Glucose Starvation (GO:0042149),4,6,1.028735632183908,0.6685447922258365,0.9998667435710931
GO_Biological_Process_2025,Positive Regulation of Biomineral Tissue Development (GO:0070169),3,6,0.5100286532951289,0.894828405209791,0.9998667435710931
GO_Biological_Process_2025,Regulation of Bone Mineralization (GO:0030500),4,7,0.6819923371647509,0.818398645985609,0.9998667435710931
GO_Biological_Process_2025,Response to Interleukin-1 (GO:0070555),5,7,1.2896253602305476,0.5561544019060072,0.9998667435710931
GO_Biological_Process_2025,Response to Endoplasmic Reticulum Stress (GO:0034976),8,14,0.6782945736434108,0.8412425976904965,0.9998667435710931
GO_Biological_Process_2025,Positive Regulation of Cell Division (GO:0051781),5,6,2.5936599423631126,0.3376524140216461,0.9998667435710931
GO_Biological_Process_2025,Regulation of Ossification (GO:0030278),6,6,inf,0.08176230821040559,0.9998667435710931
GO_Biological_Process_2025,Negative Regulation of Notch Signaling Pathway (GO:0045746),2,5,0.33904761904761904,0.952369095368568,0.9998667435710931
GO_Biological_Process_2025,Positive Regulation of Receptor Signaling Pathway via STAT (GO:1904894),2,6,0.25285714285714284,0.9811394404479564,0.9998667435710931
GO_Biological_Process_2025,Regulation of Glycolytic Process (GO:0006110),2,6,0.25285714285714284,0.9811394404479564,0.9998667435710931
GO_Biological_Process_2025,Nervous System Development (GO:0007399),15,26,0.6878877798759104,0.870751988551564,0.9998667435710931
GO_Biological_Process_2025,Positive Regulation of T Cell Activation (GO:0050870),7,10,1.203864734299517,0.542043825861554,0.9998667435710931
GO_Biological_Process_2025,Cytoplasmic Pattern Recognition Receptor Signaling Pathway (GO:0002753),2,5,0.33904761904761904,0.952369095368568,0.9998667435710931
GO_Biological_Process_2025,Negative Regulation of Cytoskeleton Organization (GO:0051494),3,5,0.7693409742120344,0.7816865987178137,0.9998667435710931
GO_Biological_Process_2025,Negative Regulation of Wound Healing (GO:0061045),2,5,0.33904761904761904,0.952369095368568,0.9998667435710931
GO_Biological_Process_2025,Regulation of Plasma Membrane Bounded Cell Projection Assembly (GO:0120032),6,8,1.5520231213872833,0.4520544053968419,0.9998667435710931
GO_Biological_Process_2025,Positive Regulation of Interleukin-12 Production (GO:0032735),3,5,0.7693409742120344,0.7816865987178137,0.9998667435710931
GO_Biological_Process_2025,Regulation of Amyloid-Beta Formation (GO:1902003),3,5,0.7693409742120344,0.7816865987178137,0.9998667435710931
GO_Biological_Process_2025,Regulation of calcineurin-NFAT Signaling Cascade (GO:0070884),3,5,0.7693409742120344,0.7816865987178137,0.9998667435710931
GO_Biological_Process_2025,Regulation of Cell Adhesion Mediated by Integrin (GO:0033628),4,5,2.0689655172413794,0.4479498734230429,0.9998667435710931
GO_Biological_Process_2025,Response to Estradiol (GO:0032355),3,5,0.7693409742120344,0.7816865987178137,0.9998667435710931
GO_Biological_Process_2025,Ventricular Cardiac Muscle Tissue Morphogenesis (GO:0055010),3,5,0.7693409742120344,0.7816865987178137,0.9998667435710931
GO_Biological_Process_2025,Regulation of Stem Cell Differentiation (GO:2000736),5,6,2.5936599423631126,0.3376524140216461,0.9998667435710931
GO_Biological_Process_2025,Regulation of Ras Protein Signal Transduction (GO:0046578),5,5,inf,0.12441065917894568,0.9998667435710931
GO_Biological_Process_2025,Negative Regulation of Metabolic Process (GO:0009892),5,7,1.2896253602305476,0.5561544019060072,0.9998667435710931
GO_Biological_Process_2025,Positive Regulation of Peptidyl-Tyrosine Phosphorylation (GO:0050731),4,7,0.6819923371647509,0.818398645985609,0.9998667435710931
GO_Biological_Process_2025,Cellular Response to Type II Interferon (GO:0071346),4,6,1.028735632183908,0.6685447922258365,0.9998667435710931
GO_Biological_Process_2025,Intracellular Glucose Homeostasis (GO:0001678),2,6,0.25285714285714284,0.9811394404479564,0.9998667435710931
GO_Biological_Process_2025,Positive Regulation of JNK Cascade (GO:0046330),6,8,1.5520231213872833,0.4520544053968419,0.9998667435710931
GO_Biological_Process_2025,Regulation of Cytokinesis (GO:0032465),7,8,3.652173913043478,0.18298402335825498,0.9998667435710931
GO_Biological_Process_2025,Positive Regulation of Tumor Necrosis Factor Production (GO:0032760),4,8,0.5086206896551724,0.9071428958832689,0.9998667435710931
GO_Biological_Process_2025,Cell Junction Assembly (GO:0034329),7,9,1.8159420289855073,0.36031421799701896,0.9998667435710931
GO_Biological_Process_2025,Regulation of Cellular Component Organization (GO:0051128),6,12,0.5057803468208093,0.9293662823434757,0.9998667435710931
GO_Biological_Process_2025,Regulation of Protein Secretion (GO:0050708),5,9,0.6376080691642652,0.8473039159522754,0.9998667435710931
GO_Biological_Process_2025,Extrinsic Apoptotic Signaling Pathway via Death Domain Receptors (GO:0008625),3,5,0.7693409742120344,0.7816865987178137,0.9998667435710931
GO_Biological_Process_2025,Negative Regulation of G1/S Transition of Mitotic Cell Cycle (GO:2000134),4,5,2.0689655172413794,0.4479498734230429,0.9998667435710931
GO_Biological_Process_2025,Nuclear Receptor-Mediated Signaling Pathway (GO:0141193),2,5,0.33904761904761904,0.952369095368568,0.9998667435710931
GO_Biological_Process_2025,Regulation of Extrinsic Apoptotic Signaling Pathway via Death Domain Receptors (GO:1902041),2,5,0.33904761904761904,0.952369095368568,0.9998667435710931
GO_Biological_Process_2025,Regulation of Lamellipodium Assembly (GO:0010591),5,5,inf,0.12441065917894568,0.9998667435710931
GO_Biological_Process_2025,Response to Steroid Hormone (GO:0048545),3,5,0.7693409742120344,0.7816865987178137,0.9998667435710931
GO_Biological_Process_2025,Artery Morphogenesis (GO:0048844),4,5,2.0689655172413794,0.4479498734230429,0.9998667435710931
GO_Biological_Process_2025,Negative Regulation of Intracellular Steroid Hormone Receptor Signaling Pathway (GO:0033144),2,5,0.33904761904761904,0.952369095368568,0.9998667435710931
GO_Biological_Process_2025,Positive Regulation of Lamellipodium Organization (GO:1902745),5,5,inf,0.12441065917894568,0.9998667435710931
GO_Biological_Process_2025,Regulation of Phagocytosis (GO:0050764),3,7,0.38037249283667623,0.9521507246279274,0.9998667435710931
GO_Biological_Process_2025,Mononuclear Cell Differentiation (GO:1903131),4,6,1.028735632183908,0.6685447922258365,0.9998667435710931
GO_Biological_Process_2025,Regulation of Cell-Substrate Adhesion (GO:0010810),4,6,1.028735632183908,0.6685447922258365,0.9998667435710931
GO_Biological_Process_2025,Regulation of Cyclin-Dependent Protein Serine/Threonine Kinase Activity (GO:0000079),3,6,0.5100286532951289,0.894828405209791,0.9998667435710931
GO_Biological_Process_2025,Regulation of Osteoclast Differentiation (GO:0045670),2,6,0.25285714285714284,0.9811394404479564,0.9998667435710931
GO_Biological_Process_2025,Positive Regulation of Defense Response (GO:0031349),6,10,0.7673410404624278,0.7757712116988893,0.9998667435710931
GO_Biological_Process_2025,Regulation of Actin Filament Polymerization (GO:0030833),4,7,0.6819923371647509,0.818398645985609,0.9998667435710931
GO_Biological_Process_2025,Response to Ionizing Radiation (GO:0010212),2,7,0.20114285714285715,0.9927349267759681,0.9998667435710931
GO_Biological_Process_2025,Defense Response to Virus (GO:0051607),9,13,1.1610787172011663,0.5324412243990977,0.9998667435710931
GO_Biological_Process_2025,External Encapsulating Structure Organization (GO:0045229),4,9,0.4045977011494253,0.9550140798280637,0.9998667435710931
GO_Biological_Process_2025,Extracellular Structure Organization (GO:0043062),4,9,0.4045977011494253,0.9550140798280637,0.9998667435710931
GO_Biological_Process_2025,Negative Regulation of Developmental Process (GO:0051093),9,9,inf,0.02307018712151244,0.9998667435710931
GO_Biological_Process_2025,Positive Regulation of Receptor Signaling Pathway via JAK-STAT (GO:0046427),2,5,0.33904761904761904,0.952369095368568,0.9998667435710931
GO_Biological_Process_2025,Cellular Response to Amyloid-Beta (GO:1904646),3,5,0.7693409742120344,0.7816865987178137,0.9998667435710931
GO_Biological_Process_2025,Embryonic Limb Morphogenesis (GO:0030326),3,5,0.7693409742120344,0.7816865987178137,0.9998667435710931
GO_Biological_Process_2025,Regulation of D-glucose Import (GO:0046324),4,5,2.0689655172413794,0.4479498734230429,0.9998667435710931
GO_Biological_Process_2025,Positive Regulation of Reactive Oxygen Species Metabolic Process (GO:2000379),4,6,1.028735632183908,0.6685447922258365,0.9998667435710931
GO_Biological_Process_2025,Regulation of Cell Development (GO:0060284),3,6,0.5100286532951289,0.894828405209791,0.9998667435710931
GO_Biological_Process_2025,Regulation of Mitotic Cell Cycle Phase Transition (GO:1901990),5,8,0.8549471661863592,0.729654396087949,0.9998667435710931
GO_Biological_Process_2025,Positive Regulation of Canonical Wnt Signaling Pathway (GO:0090263),6,8,1.5520231213872833,0.4520544053968419,0.9998667435710931
GO_Biological_Process_2025,Positive Regulation of B Cell Activation (GO:0050871),5,6,2.5936599423631126,0.3376524140216461,0.9998667435710931
GO_Biological_Process_2025,Positive Regulation of Substrate Adhesion-Dependent Cell Spreading (GO:1900026),4,5,2.0689655172413794,0.4479498734230429,0.9998667435710931
GO_Biological_Process_2025,Regulation of Mitochondrial Membrane Potential (GO:0051881),3,5,0.7693409742120344,0.7816865987178137,0.9998667435710931
GO_Biological_Process_2025,Substrate Adhesion-Dependent Cell Spreading (GO:0034446),5,5,inf,0.12441065917894568,0.9998667435710931
GO_Biological_Process_2025,Regulation of Cell Motility (GO:2000145),7,10,1.203864734299517,0.542043825861554,0.9998667435710931
GO_Biological_Process_2025,Regulation of Cell Communication (GO:0010646),7,7,inf,0.05368075643415622,0.9998667435710931
GO_Biological_Process_2025,Positive Regulation of Nervous System Development (GO:0051962),4,6,1.028735632183908,0.6685447922258365,0.9998667435710931
GO_Biological_Process_2025,Sodium Ion Transmembrane Transport (GO:0035725),6,8,1.5520231213872833,0.4520544053968419,0.9998667435710931
GO_Biological_Process_2025,Regulation of Anatomical Structure Morphogenesis (GO:0022603),3,10,0.21367171510437985,0.9964091100359318,0.9998667435710931
GO_Biological_Process_2025,Peptidyl-Lysine Modification (GO:0018205),4,8,0.5086206896551724,0.9071428958832689,0.9998667435710931
GO_Biological_Process_2025,Positive Regulation of Endocytosis (GO:0045807),5,8,0.8549471661863592,0.729654396087949,0.9998667435710931
GO_Biological_Process_2025,Positive Regulation of Tumor Necrosis Factor Superfamily Cytokine Production (GO:1903557),4,8,0.5086206896551724,0.9071428958832689,0.9998667435710931
GO_Biological_Process_2025,Negative Regulation of Phosphorylation (GO:0042326),3,6,0.5100286532951289,0.894828405209791,0.9998667435710931
GO_Biological_Process_2025,Regulation of Tumor Necrosis Factor-Mediated Signaling Pathway (GO:0010803),3,6,0.5100286532951289,0.894828405209791,0.9998667435710931
GO_Biological_Process_2025,Cell-Cell Junction Assembly (GO:0007043),5,7,1.2896253602305476,0.5561544019060072,0.9998667435710931
GO_Biological_Process_2025,Positive Regulation of Macromolecule Metabolic Process (GO:0010604),4,5,2.0689655172413794,0.4479498734230429,0.9998667435710931
GO_Biological_Process_2025,Positive Regulation of Mononuclear Cell Migration (GO:0071677),3,5,0.7693409742120344,0.7816865987178137,0.9998667435710931
GO_Biological_Process_2025,Regulation of Non-Canonical NF-kappaB Signal Transduction (GO:1901222),2,7,0.20114285714285715,0.9927349267759681,0.9998667435710931
GO_Biological_Process_2025,Cellular Response to Calcium Ion (GO:0071277),6,6,inf,0.08176230821040559,0.9998667435710931
GO_Biological_Process_2025,Mitotic DNA Damage Checkpoint Signaling (GO:0044773),4,6,1.028735632183908,0.6685447922258365,0.9998667435710931
GO_Biological_Process_2025,Response to Light Stimulus (GO:0009416),3,6,0.5100286532951289,0.894828405209791,0.9998667435710931
GO_Biological_Process_2025,Potassium Ion Import Across Plasma Membrane (GO:1990573),5,5,inf,0.12441065917894568,0.9998667435710931
GO_Biological_Process_2025,Response to cAMP (GO:0051591),5,5,inf,0.12441065917894568,0.9998667435710931
GO_Biological_Process_2025,Response to Hydrogen Peroxide (GO:0042542),3,5,0.7693409742120344,0.7816865987178137,0.9998667435710931
GO_Biological_Process_2025,Positive Regulation of Proteasomal Protein Catabolic Process (GO:1901800),5,8,0.8549471661863592,0.729654396087949,0.9998667435710931
GO_Biological_Process_2025,Protein Processing (GO:0016485),8,9,4.186046511627907,0.13231825346146522,0.9998667435710931
GO_Biological_Process_2025,Protein Polyubiquitination (GO:0000209),8,14,0.6782945736434108,0.8412425976904965,0.9998667435710931
GO_Biological_Process_2025,Sodium Ion Transport (GO:0006814),6,8,1.5520231213872833,0.4520544053968419,0.9998667435710931
GO_Biological_Process_2025,Heart Contraction (GO:0060047),5,5,inf,0.12441065917894568,0.9998667435710931
GO_Biological_Process_2025,Negative Regulation of Kinase Activity (GO:0033673),4,5,2.0689655172413794,0.4479498734230429,0.9998667435710931
GO_Biological_Process_2025,Intracellular Iron Ion Homeostasis (GO:0006879),5,6,2.5936599423631126,0.3376524140216461,0.9998667435710931
GO_Biological_Process_2025,Nucleosome Organization (GO:0034728),4,7,0.6819923371647509,0.818398645985609,0.9998667435710931
GO_Biological_Process_2025,Positive Regulation of Lymphocyte Proliferation (GO:0050671),6,7,3.121387283236994,0.2502516188679017,0.9998667435710931
GO_Biological_Process_2025,Cellular Response to Fibroblast Growth Factor Stimulus (GO:0044344),4,6,1.028735632183908,0.6685447922258365,0.9998667435710931
GO_Biological_Process_2025,Positive Regulation of Interleukin-1 Beta Production (GO:0032731),2,6,0.25285714285714284,0.9811394404479564,0.9998667435710931
GO_Biological_Process_2025,Neuron Projection Morphogenesis (GO:0048812),7,11,0.8978260869565218,0.696670356453749,0.9998667435710931
GO_Biological_Process_2025,Positive Regulation of Wnt Signaling Pathway (GO:0030177),6,9,1.0289017341040463,0.6355347801964881,0.9998667435710931
GO_Biological_Process_2025,Regulation of Cytokine-Mediated Signaling Pathway (GO:0001959),2,5,0.33904761904761904,0.952369095368568,0.9998667435710931
GO_Biological_Process_2025,Regulation of Protein Targeting to Mitochondrion (GO:1903214),2,5,0.33904761904761904,0.952369095368568,0.9998667435710931
GO_Biological_Process_2025,Gland Development (GO:0048732),5,7,1.2896253602305476,0.5561544019060072,0.9998667435710931
GO_Biological_Process_2025,Positive Regulation of Secretion by Cell (GO:1903532),7,7,inf,0.05368075643415622,0.9998667435710931
GO_Biological_Process_2025,Regulation of Peptidyl-Serine Phosphorylation (GO:0033135),4,5,2.0689655172413794,0.4479498734230429,0.9998667435710931
GO_Biological_Process_2025,Transcription by RNA Polymerase II (GO:0006366),9,13,1.1610787172011663,0.5324412243990977,0.9998667435710931
GO_Biological_Process_2025,Interferon-Mediated Signaling Pathway (GO:0140888),4,6,1.028735632183908,0.6685447922258365,0.9998667435710931
GO_Biological_Process_2025,Negative Regulation of Cellular Response to Growth Factor Stimulus (GO:0090288),5,7,1.2896253602305476,0.5561544019060072,0.9998667435710931
GO_Biological_Process_2025,Positive Regulation of Protein Transport (GO:0051222),6,7,3.121387283236994,0.2502516188679017,0.9998667435710931
GO_Biological_Process_2025,Positive Regulation of SMAD Protein Signal Transduction (GO:0060391),3,5,0.7693409742120344,0.7816865987178137,0.9998667435710931
GO_Biological_Process_2025,Regulation of Insulin Secretion (GO:0050796),3,8,0.3025787965616046,0.9791554218747225,0.9998667435710931
GO_Biological_Process_2025,Regulation of Protein Metabolic Process (GO:0051246),6,8,1.5520231213872833,0.4520544053968419,0.9998667435710931
GO_Biological_Process_2025,Regulation of Endocytosis (GO:0030100),3,6,0.5100286532951289,0.894828405209791,0.9998667435710931
GO_Biological_Process_2025,Regulation of Macroautophagy (GO:0016241),5,8,0.8549471661863592,0.729654396087949,0.9998667435710931
GO_Biological_Process_2025,Chemokine-Mediated Signaling Pathway (GO:0070098),4,5,2.0689655172413794,0.4479498734230429,0.9998667435710931
GO_Biological_Process_2025,Cell-Cell Junction Organization (GO:0045216),5,6,2.5936599423631126,0.3376524140216461,0.9998667435710931
GO_Biological_Process_2025,Dephosphorylation (GO:0016311),6,8,1.5520231213872833,0.4520544053968419,0.9998667435710931
GO_Biological_Process_2025,Axon Guidance (GO:0007411),9,10,4.723032069970846,0.09479029174163411,0.9998667435710931
GO_Biological_Process_2025,Blood Circulation (GO:0008015),4,5,2.0689655172413794,0.4479498734230429,0.9998667435710931
GO_Biological_Process_2025,Erythrocyte Differentiation (GO:0030218),3,5,0.7693409742120344,0.7816865987178137,0.9998667435710931
GO_Biological_Process_2025,Positive Regulation of Protein Phosphorylation (GO:0001934),6,11,0.6104046242774567,0.8706922379930575,0.9998667435710931
GO_Biological_Process_2025,Development of Primary Male Sexual Characteristics (GO:0046546),3,5,0.7693409742120344,0.7816865987178137,0.9998667435710931
GO_Biological_Process_2025,Macromolecule Catabolic Process (GO:0009057),3,5,0.7693409742120344,0.7816865987178137,0.9998667435710931
GO_Biological_Process_2025,Male Gonad Development (GO:0008584),3,5,0.7693409742120344,0.7816865987178137,0.9998667435710931
GO_Biological_Process_2025,Positive Regulation of Chemotaxis (GO:0050921),2,5,0.33904761904761904,0.952369095368568,0.9998667435710931
GO_Biological_Process_2025,Monoatomic Cation Homeostasis (GO:0055080),6,7,3.121387283236994,0.2502516188679017,0.9998667435710931
GO_Biological_Process_2025,Positive Regulation of T Cell Proliferation (GO:0042102),4,6,1.028735632183908,0.6685447922258365,0.9998667435710931
GO_Biological_Process_2025,Positive Regulation of Cell Junction Assembly (GO:1901890),5,6,2.5936599423631126,0.3376524140216461,0.9998667435710931
GO_Biological_Process_2025,Autophagy of Mitochondrion (GO:0000422),5,6,2.5936599423631126,0.3376524140216461,0.9998667435710931
GO_Biological_Process_2025,Positive Regulation of Cell Cycle G1/S Phase Transition (GO:1902808),4,5,2.0689655172413794,0.4479498734230429,0.9998667435710931
GO_Biological_Process_2025,Response to Unfolded Protein (GO:0006986),4,5,2.0689655172413794,0.4479498734230429,0.9998667435710931
GO_Biological_Process_2025,Substantia Nigra Development (GO:0021762),4,5,2.0689655172413794,0.4479498734230429,0.9998667435710931
GO_Biological_Process_2025,Negative Regulation of Neuron Apoptotic Process (GO:0043524),5,7,1.2896253602305476,0.5561544019060072,0.9998667435710931
GO_Biological_Process_2025,Protein-Containing Complex Organization (GO:0043933),6,9,1.0289017341040463,0.6355347801964881,0.9998667435710931
GO_Biological_Process_2025,Cellular Response to Ketone (GO:1901655),3,5,0.7693409742120344,0.7816865987178137,0.9998667435710931
GO_Biological_Process_2025,Positive Regulation of Interleukin-1 Production (GO:0032732),2,6,0.25285714285714284,0.9811394404479564,0.9998667435710931
GO_Biological_Process_2025,Positive Regulation of Response to External Stimulus (GO:0032103),6,11,0.6104046242774567,0.8706922379930575,0.9998667435710931
GO_Biological_Process_2025,Response to Retinoic Acid (GO:0032526),3,6,0.5100286532951289,0.894828405209791,0.9998667435710931
GO_Biological_Process_2025,Positive Regulation of Neuron Projection Development (GO:0010976),5,8,0.8549471661863592,0.729654396087949,0.9998667435710931
GO_Biological_Process_2025,Mitochondrial Transport (GO:0006839),3,5,0.7693409742120344,0.7816865987178137,0.9998667435710931
GO_Biological_Process_2025,Negative Regulation of Mitotic Cell Cycle Phase Transition (GO:1901991),4,5,2.0689655172413794,0.4479498734230429,0.9998667435710931
GO_Biological_Process_2025,Inflammatory Response (GO:0006954),8,15,0.5780730897009967,0.9059980209179253,0.9998667435710931
GO_Biological_Process_2025,Regulation of TOR Signaling (GO:0032006),2,7,0.20114285714285715,0.9927349267759681,0.9998667435710931
GO_Biological_Process_2025,Response to Tumor Necrosis Factor (GO:0034612),4,7,0.6819923371647509,0.818398645985609,0.9998667435710931
GO_Biological_Process_2025,Epithelium Development (GO:0060429),7,10,1.203864734299517,0.542043825861554,0.9998667435710931
GO_Biological_Process_2025,Positive Regulation of Proteasomal Ubiquitin-Dependent Protein Catabolic Process (GO:0032436),4,6,1.028735632183908,0.6685447922258365,0.9998667435710931
GO_Biological_Process_2025,Positive Regulation of Proteolysis (GO:0045862),2,5,0.33904761904761904,0.952369095368568,0.9998667435710931
GO_Biological_Process_2025,Regulation of Substrate Adhesion-Dependent Cell Spreading (GO:1900024),4,5,2.0689655172413794,0.4479498734230429,0.9998667435710931
GO_Biological_Process_2025,Supramolecular Fiber Organization (GO:0097435),15,17,3.983679525222552,0.03724822658705906,0.9998667435710931
GO_Biological_Process_2025,Negative Regulation of Immune System Process (GO:0002683),3,5,0.7693409742120344,0.7816865987178137,0.9998667435710931
GO_Biological_Process_2025,Negative Regulation of Protein Catabolic Process (GO:0042177),5,5,inf,0.12441065917894568,0.9998667435710931
GO_Biological_Process_2025,Regulation of Focal Adhesion Assembly (GO:0051893),3,5,0.7693409742120344,0.7816865987178137,0.9998667435710931
GO_Biological_Process_2025,Peptidyl-Serine Phosphorylation (GO:0018105),4,6,1.028735632183908,0.6685447922258365,0.9998667435710931
GO_Biological_Process_2025,Mitochondrion Organization (GO:0007005),6,9,1.0289017341040463,0.6355347801964881,0.9998667435710931
GO_Biological_Process_2025,Blood Vessel Morphogenesis (GO:0048514),4,5,2.0689655172413794,0.4479498734230429,0.9998667435710931
GO_Biological_Process_2025,Positive Regulation of Actin Filament Bundle Assembly (GO:0032233),3,5,0.7693409742120344,0.7816865987178137,0.9998667435710931
GO_Biological_Process_2025,Response to Glucose (GO:0009749),3,5,0.7693409742120344,0.7816865987178137,0.9998667435710931
GO_Biological_Process_2025,Transcription Initiation-Coupled Chromatin Remodeling (GO:0045815),3,5,0.7693409742120344,0.7816865987178137,0.9998667435710931
GO_Biological_Process_2025,Calcium-Mediated Signaling (GO:0019722),6,7,3.121387283236994,0.2502516188679017,0.9998667435710931
GO_Biological_Process_2025,Phosphatidylinositol Biosynthetic Process (GO:0006661),3,7,0.38037249283667623,0.9521507246279274,0.9998667435710931
GO_Biological_Process_2025,Cellular Response to Hormone Stimulus (GO:0032870),5,7,1.2896253602305476,0.5561544019060072,0.9998667435710931
GO_Biological_Process_2025,Skin Development (GO:0043588),4,6,1.028735632183908,0.6685447922258365,0.9998667435710931
GO_Biological_Process_2025,Negative Regulation of ERK1 and ERK2 Cascade (GO:0070373),3,5,0.7693409742120344,0.7816865987178137,0.9998667435710931
GO_Biological_Process_2025,Negative Regulation of Tumor Necrosis Factor Superfamily Cytokine Production (GO:1903556),3,5,0.7693409742120344,0.7816865987178137,0.9998667435710931
GO_Biological_Process_2025,Positive Regulation of Fat Cell Differentiation (GO:0045600),3,5,0.7693409742120344,0.7816865987178137,0.9998667435710931
GO_Biological_Process_2025,Positive Regulation of Non-Canonical NF-kappaB Signal Transduction (GO:1901224),2,5,0.33904761904761904,0.952369095368568,0.9998667435710931
GO_Biological_Process_2025,Regulation of Small GTPase Mediated Signal Transduction (GO:0051056),7,10,1.203864734299517,0.542043825861554,0.9998667435710931
GO_Biological_Process_2025,Cellular Response to Metal Ion (GO:0071248),8,8,inf,0.03520886115928497,0.9998667435710931
GO_Biological_Process_2025,Negative Regulation of Tumor Necrosis Factor Production (GO:0032720),3,5,0.7693409742120344,0.7816865987178137,0.9998667435710931
GO_Biological_Process_2025,Positive Regulation of DNA Metabolic Process (GO:0051054),5,8,0.8549471661863592,0.729654396087949,0.9998667435710931
GO_Biological_Process_2025,Response to Molecule of Bacterial Origin (GO:0002237),5,6,2.5936599423631126,0.3376524140216461,0.9998667435710931
GO_Biological_Process_2025,DNA Repair (GO:0006281),8,16,0.502906976744186,0.9467826866089459,0.9998667435710931
GO_Biological_Process_2025,Cellular Component Assembly (GO:0022607),12,15,2.0941176470588236,0.19124531234465464,0.9998667435710931
GO_Biological_Process_2025,Positive Regulation of Protein Kinase Activity (GO:0045860),5,7,1.2896253602305476,0.5561544019060072,0.9998667435710931
GO_Biological_Process_2025,Protein Localization to Chromosome (GO:0034502),3,5,0.7693409742120344,0.7816865987178137,0.9998667435710931
GO_Biological_Process_2025,Protein Localization to Plasma Membrane (GO:0072659),7,9,1.8159420289855073,0.36031421799701896,0.9998667435710931
GO_Biological_Process_2025,Regulation of Catabolic Process (GO:0009894),3,6,0.5100286532951289,0.894828405209791,0.9998667435710931
GO_Biological_Process_2025,Sterol Homeostasis (GO:0055092),4,6,1.028735632183908,0.6685447922258365,0.9998667435710931
GO_Biological_Process_2025,Regulation of SMAD Protein Signal Transduction (GO:0060390),3,5,0.7693409742120344,0.7816865987178137,0.9998667435710931
GO_Biological_Process_2025,RNA Biosynthetic Process (GO:0032774),6,8,1.5520231213872833,0.4520544053968419,0.9998667435710931
GO_Biological_Process_2025,Positive Regulation of Synaptic Transmission (GO:0050806),3,6,0.5100286532951289,0.894828405209791,0.9998667435710931
GO_Biological_Process_2025,Positive Regulation of Interleukin-8 Production (GO:0032757),3,5,0.7693409742120344,0.7816865987178137,0.9998667435710931
GO_Biological_Process_2025,Negative Regulation of Transforming Growth Factor Beta Receptor Signaling Pathway (GO:0030512),4,6,1.028735632183908,0.6685447922258365,0.9998667435710931
GO_Biological_Process_2025,Regulation of Cell Division (GO:0051302),4,6,1.028735632183908,0.6685447922258365,0.9998667435710931
GO_Biological_Process_2025,Brain Development (GO:0007420),6,10,0.7673410404624278,0.7757712116988893,0.9998667435710931
GO_Biological_Process_2025,Transcription Initiation at RNA Polymerase II Promoter (GO:0006367),6,8,1.5520231213872833,0.4520544053968419,0.9998667435710931
GO_Biological_Process_2025,Cellular Response to Unfolded Protein (GO:0034620),4,5,2.0689655172413794,0.4479498734230429,0.9998667435710931
GO_Biological_Process_2025,Muscle Organ Development (GO:0007517),5,5,inf,0.12441065917894568,0.9998667435710931
GO_Biological_Process_2025,Regulation of Myoblast Differentiation (GO:0045661),3,5,0.7693409742120344,0.7816865987178137,0.9998667435710931
GO_Biological_Process_2025,Renal System Development (GO:0072001),5,5,inf,0.12441065917894568,0.9998667435710931
GO_Biological_Process_2025,Cholesterol Homeostasis (GO:0042632),4,6,1.028735632183908,0.6685447922258365,0.9998667435710931
GO_Biological_Process_2025,Regulation of Defense Response (GO:0031347),4,7,0.6819923371647509,0.818398645985609,0.9998667435710931
GO_Biological_Process_2025,Regulation of Stress Fiber Assembly (GO:0051492),5,6,2.5936599423631126,0.3376524140216461,0.9998667435710931
GO_Biological_Process_2025,Regulation of Metabolic Process (GO:0019222),3,5,0.7693409742120344,0.7816865987178137,0.9998667435710931
GO_Biological_Process_2025,Striated Muscle Contraction (GO:0006941),5,5,inf,0.12441065917894568,0.9998667435710931
GO_Biological_Process_2025,Inorganic Cation Import Across Plasma Membrane (GO:0098659),6,7,3.121387283236994,0.2502516188679017,0.9998667435710931
GO_Biological_Process_2025,Regulation of Protein Localization (GO:0032880),3,7,0.38037249283667623,0.9521507246279274,0.9998667435710931
GO_Biological_Process_2025,Negative Regulation of Supramolecular Fiber Organization (GO:1902904),3,6,0.5100286532951289,0.894828405209791,0.9998667435710931
GO_Biological_Process_2025,Regulation of Stem Cell Population Maintenance (GO:2000036),4,5,2.0689655172413794,0.4479498734230429,0.9998667435710931
GO_Biological_Process_2025,Positive Regulation of Supramolecular Fiber Organization (GO:1902905),4,7,0.6819923371647509,0.818398645985609,0.9998667435710931
GO_Biological_Process_2025,Heterochromatin Formation (GO:0031507),5,6,2.5936599423631126,0.3376524140216461,0.9998667435710931
GO_Biological_Process_2025,Small GTPase-mediated Signal Transduction (GO:0007264),8,11,1.37984496124031,0.4536858083802994,0.9998667435710931
GO_Biological_Process_2025,Modulation of Chemical Synaptic Transmission (GO:0050804),4,8,0.5086206896551724,0.9071428958832689,0.9998667435710931
GO_Biological_Process_2025,Gonad Development (GO:0008406),3,5,0.7693409742120344,0.7816865987178137,0.9998667435710931
GO_Biological_Process_2025,Positive Regulation of Cytoskeleton Organization (GO:0051495),3,6,0.5100286532951289,0.894828405209791,0.9998667435710931
GO_Biological_Process_2025,Peptidyl-Serine Modification (GO:0018209),4,6,1.028735632183908,0.6685447922258365,0.9998667435710931
GO_Biological_Process_2025,Plasma Membrane Organization (GO:0007009),4,6,1.028735632183908,0.6685447922258365,0.9998667435710931
GO_Biological_Process_2025,Positive Regulation of Protein Localization to Nucleus (GO:1900182),3,6,0.5100286532951289,0.894828405209791,0.9998667435710931
GO_Biological_Process_2025,Positive Regulation of Protein Modification Process (GO:0031401),2,6,0.25285714285714284,0.9811394404479564,0.9998667435710931
GO_Biological_Process_2025,Import Into Nucleus (GO:0051170),3,5,0.7693409742120344,0.7816865987178137,0.9998667435710931
GO_Biological_Process_2025,Protein Modification by Small Protein Conjugation (GO:0032446),8,14,0.6782945736434108,0.8412425976904965,0.9998667435710931
GO_Biological_Process_2025,Positive Regulation of Protein Secretion (GO:0050714),5,5,inf,0.12441065917894568,0.9998667435710931
GO_Biological_Process_2025,Neuron Projection Development (GO:0031175),7,10,1.203864734299517,0.542043825861554,0.9998667435710931
GO_Biological_Process_2025,Proteolysis (GO:0006508),9,14,0.9236151603498542,0.6732022744153183,0.9998667435710931
GO_Biological_Process_2025,Regulation of DNA Repair (GO:0006282),2,7,0.20114285714285715,0.9927349267759681,0.9998667435710931
GO_Biological_Process_2025,Regulation of Signal Transduction (GO:0009966),5,10,0.5072046109510087,0.9188366202056616,0.9998667435710931
GO_Biological_Process_2025,Monoatomic Cation Transmembrane Transport (GO:0098655),11,14,1.913978494623656,0.24208290026017681,0.9998667435710931
GO_Biological_Process_2025,Cellular Response to Reactive Oxygen Species (GO:0034614),3,5,0.7693409742120344,0.7816865987178137,0.9998667435710931
GO_Biological_Process_2025,Positive Regulation of Immune Response (GO:0050778),4,6,1.028735632183908,0.6685447922258365,0.9998667435710931
GO_Biological_Process_2025,Inorganic Cation Transmembrane Transport (GO:0098662),11,14,1.913978494623656,0.24208290026017681,0.9998667435710931
GO_Biological_Process_2025,Cell-Cell Adhesion via Plasma-Membrane Adhesion Molecules (GO:0098742),6,9,1.0289017341040463,0.6355347801964881,0.9998667435710931
GO_Biological_Process_2025,Cellular Response to Oxidative Stress (GO:0034599),5,7,1.2896253602305476,0.5561544019060072,0.9998667435710931
GO_Biological_Process_2025,Regulation of DNA Replication (GO:0006275),3,5,0.7693409742120344,0.7816865987178137,0.9998667435710931
GO_Biological_Process_2025,Regulation of TORC1 Signaling (GO:1903432),3,6,0.5100286532951289,0.894828405209791,0.9998667435710931
GO_Biological_Process_2025,Protein-Containing Complex Assembly (GO:0065003),12,15,2.0941176470588236,0.19124531234465464,0.9998667435710931
GO_Biological_Process_2025,Regulation of Protein Phosphorylation (GO:0001932),5,8,0.8549471661863592,0.729654396087949,0.9998667435710931
GO_Biological_Process_2025,Positive Regulation of Plasma Membrane Bounded Cell Projection Assembly (GO:0120034),4,6,1.028735632183908,0.6685447922258365,0.9998667435710931
GO_Biological_Process_2025,Ras Protein Signal Transduction (GO:0007265),4,5,2.0689655172413794,0.4479498734230429,0.9998667435710931
GO_Biological_Process_2025,Positive Regulation of Type I Interferon Production (GO:0032481),3,5,0.7693409742120344,0.7816865987178137,0.9998667435710931
GO_Biological_Process_2025,Regulation of Double-Strand Break Repair (GO:2000779),3,6,0.5100286532951289,0.894828405209791,0.9998667435710931
GO_Biological_Process_2025,Positive Regulation of Intracellular Protein Transport (GO:0090316),3,5,0.7693409742120344,0.7816865987178137,0.9998667435710931
GO_Biological_Process_2025,Positive Regulation of DNA Repair (GO:0045739),3,6,0.5100286532951289,0.894828405209791,0.9998667435710931
GO_Biological_Process_2025,Regulation of Response to External Stimulus (GO:0032101),5,8,0.8549471661863592,0.729654396087949,0.9998667435710931
GO_Biological_Process_2025,Central Nervous System Development (GO:0007417),8,14,0.6782945736434108,0.8412425976904965,0.9998667435710931
GO_Biological_Process_2025,Granulocyte Chemotaxis (GO:0071621),4,5,2.0689655172413794,0.4479498734230429,0.9998667435710931
GO_Biological_Process_2025,Positive Regulation of Phagocytosis (GO:0050766),3,5,0.7693409742120344,0.7816865987178137,0.9998667435710931
GO_Biological_Process_2025,Regulation of Proteasomal Ubiquitin-Dependent Protein Catabolic Process (GO:0032434),4,7,0.6819923371647509,0.818398645985609,0.9998667435710931
GO_Biological_Process_2025,Regulation of Innate Immune Response (GO:0045088),5,6,2.5936599423631126,0.3376524140216461,0.9998667435710931
GO_Biological_Process_2025,Protein Maturation (GO:0051604),8,9,4.186046511627907,0.13231825346146522,0.9998667435710931
GO_Biological_Process_2025,Neuron Development (GO:0048666),6,9,1.0289017341040463,0.6355347801964881,0.9998667435710931
KEGG_2021_Human,T cell receptor signaling pathway,15,24,0.8506429277942631,0.7285088218533801,0.9998667435710931
KEGG_2021_Human,Human immunodeficiency virus 1 infection,22,33,1.0303030303030303,0.5513098029631445,0.9998667435710931
KEGG_2021_Human,Acute myeloid leukemia,11,20,0.6164874551971327,0.9017909646771994,0.9998667435710931
KEGG_2021_Human,Insulin resistance,13,24,0.5926521855725395,0.9277833248735103,0.9998667435710931
KEGG_2021_Human,Transcriptional misregulation in cancer,24,31,1.818815331010453,0.11652902930999176,0.9998667435710931
KEGG_2021_Human,Tuberculosis,20,30,1.0301204819277108,0.5566422674495214,0.9998667435710931
KEGG_2021_Human,Non-alcoholic fatty liver disease,17,28,0.7842605156037992,0.7946469816272107,0.9998667435710931
KEGG_2021_Human,Toxoplasmosis,14,24,0.7082840236686391,0.8498700208999366,0.9998667435710931
KEGG_2021_Human,Osteoclast differentiation,18,28,0.921556886227545,0.663546532154228,0.9998667435710931
KEGG_2021_Human,Fluid shear stress and atherosclerosis,20,29,1.1512717536813923,0.45195683774226464,0.9998667435710931
KEGG_2021_Human,AMPK signaling pathway,17,27,0.8677611940298507,0.7150502801614713,0.9998667435710931
KEGG_2021_Human,TNF signaling pathway,15,26,0.6878877798759104,0.870751988551564,0.9998667435710931
KEGG_2021_Human,Ras signaling pathway,22,36,0.7952380952380952,0.7978914308486396,0.9998667435710931
KEGG_2021_Human,Apelin signaling pathway,18,28,0.921556886227545,0.663546532154228,0.9998667435710931
KEGG_2021_Human,"Growth hormone synthesis, secretion and action",15,26,0.6878877798759104,0.870751988551564,0.9998667435710931
KEGG_2021_Human,Cell cycle,20,26,1.7570281124497993,0.16141640513496294,0.9998667435710931
KEGG_2021_Human,Insulin signaling pathway,19,30,0.8817908817908818,0.7032533115112807,0.9998667435710931
KEGG_2021_Human,Measles,19,30,0.8817908817908818,0.7032533115112807,0.9998667435710931
KEGG_2021_Human,Neurotrophin signaling pathway,19,28,1.0904237570904238,0.5065922903387827,0.9998667435710931
KEGG_2021_Human,Sphingolipid signaling pathway,16,28,0.6706349206349206,0.8886153097464865,0.9998667435710931
KEGG_2021_Human,Thyroid hormone signaling pathway,19,28,1.0904237570904238,0.5065922903387827,0.9998667435710931
KEGG_2021_Human,Longevity regulating pathway,17,26,0.9698175787728026,0.6190928965014528,0.9998667435710931
KEGG_2021_Human,Viral carcinogenesis,26,35,1.5241990456714383,0.190371685277366,0.9998667435710931
KEGG_2021_Human,Shigellosis,27,38,1.283916083916084,0.3135393414791748,0.9998667435710931
KEGG_2021_Human,Human T-cell leukemia virus 1 infection,28,40,1.2170781893004115,0.3587975238892517,0.9998667435710931
KEGG_2021_Human,JAK-STAT signaling pathway,21,34,0.8198930978387172,0.7700321019904782,0.9998667435710931
KEGG_2021_Human,ErbB signaling pathway,15,26,0.6878877798759104,0.870751988551564,0.9998667435710931
KEGG_2021_Human,Rap1 signaling pathway,23,38,0.7736575481256333,0.8225557186411936,0.9998667435710931
KEGG_2021_Human,Prolactin signaling pathway,16,24,1.0297619047619047,0.5695162432575037,0.9998667435710931
KEGG_2021_Human,mTOR signaling pathway,17,32,0.561592039800995,0.9604192124157278,0.9998667435710931
KEGG_2021_Human,Renal cell carcinoma,18,23,1.897005988023952,0.14859907835464084,0.9998667435710931
KEGG_2021_Human,Lipid and atherosclerosis,26,37,1.2325711098717234,0.3564398420579668,0.9998667435710931
GO_Biological_Process_2025,Regulation of DNA Metabolic Process (GO:0051052),2,5,0.33904761904761904,0.952369095368568,0.9998667435710931
GO_Biological_Process_2025,DNA Metabolic Process (GO:0006259),8,11,1.37984496124031,0.4536858083802994,0.9998667435710931
GO_Biological_Process_2025,Proteasomal Protein Catabolic Process (GO:0010498),7,13,0.5917874396135265,0.8899499377702581,0.9998667435710931
GO_Biological_Process_2025,Phosphate-Containing Compound Metabolic Process (GO:0006796),3,6,0.5100286532951289,0.894828405209791,0.9998667435710931
GO_Biological_Process_2025,Calcium Ion Transport (GO:0006816),4,5,2.0689655172413794,0.4479498734230429,0.9998667435710931
GO_Biological_Process_2025,Actin Filament Organization (GO:0007015),6,6,inf,0.08176230821040559,0.9998667435710931
GO_Biological_Process_2025,Ubiquitin-Dependent Protein Catabolic Process (GO:0006511),7,15,0.43876811594202897,0.9672341276656026,0.9998667435710931
GO_Biological_Process_2025,Fatty Acid Metabolic Process (GO:0006631),2,5,0.33904761904761904,0.952369095368568,0.9998667435710931
GO_Biological_Process_2025,Macroautophagy (GO:0016236),5,6,2.5936599423631126,0.3376524140216461,0.9998667435710931
GO_Biological_Process_2025,Endomembrane System Organization (GO:0010256),7,7,inf,0.05368075643415622,0.9998667435710931
GO_Biological_Process_2025,Membraneless Organelle Assembly (GO:0140694),4,5,2.0689655172413794,0.4479498734230429,0.9998667435710931
GO_Biological_Process_2025,Proteasome-Mediated Ubiquitin-Dependent Protein Catabolic Process (GO:0043161),6,11,0.6104046242774567,0.8706922379930575,0.9998667435710931
GO_Biological_Process_2025,Membrane Organization (GO:0061024),5,6,2.5936599423631126,0.3376524140216461,0.9998667435710931
GO_Biological_Process_2025,Plasma Membrane Bounded Cell Projection Organization (GO:0120036),3,5,0.7693409742120344,0.7816865987178137,0.9998667435710931
GO_Biological_Process_2025,Protein Transport (GO:0015031),8,9,4.186046511627907,0.13231825346146522,0.9998667435710931
GO_Biological_Process_2025,Defense Response to Bacterium (GO:0042742),5,6,2.5936599423631126,0.3376524140216461,0.9998667435710931
GO_Biological_Process_2025,Macromolecule Biosynthetic Process (GO:0009059),3,5,0.7693409742120344,0.7816865987178137,0.9998667435710931
GO_Biological_Process_2025,Organelle Assembly (GO:0070925),5,9,0.6376080691642652,0.8473039159522754,0.9998667435710931
GO_Biological_Process_2025,Plasma Membrane Bounded Cell Projection Assembly (GO:0120031),5,7,1.2896253602305476,0.5561544019060072,0.9998667435710931
GO_Biological_Process_2025,Modification-Dependent Protein Catabolic Process (GO:0019941),4,5,2.0689655172413794,0.4479498734230429,0.9998667435710931
GO_Biological_Process_2025,RNA Processing (GO:0006396),3,6,0.5100286532951289,0.894828405209791,0.9998667435710931
KEGG_2021_Human,Pathways in cancer,64,108,0.6919191919191919,0.9614174159329966,0.9998667435710931
